the	773
to	743
and	741
of	740
in	727
is	707
for	701
that	701
you	698
it	695
on	691
with	685
this	682
was	682
be	679
as	677
are	674
have	671
at	670
he	669
not	669
by	666
but	663
from	663
my	657
or	654
we	654
an	653
your	653
all	652
so	652
his	651
they	650
me	648
if	647
one	647
can	646
will	645
just	643
like	641
about	640
up	639
out	638
what	638
has	637
when	637
more	636
do	635
no	635
were	634
who	634
had	633
it's	633
their	633
there	631
her	630
which	630
time	629
get	628
been	627
would	627
she	626
new	625
people	625
how	624
don't	620
some	620
also	619
them	619
now	618
other	616
i'm	615
its	614
our	614
than	613
good	612
only	612
after	611
first	611
him	611
into	611
know	610
see	610
two	610
make	608
over	608
think	608
any	607
then	607
could	606
back	604
these	604
us	604
want	604
because	603
go	603
well	603
said	601
way	601
most	600
much	600
very	600
where	600
even	599
should	599
may	598
here	597
need	597
really	597
did	596
right	596
work	596
year	596
years	596
being	595
day	595
too	595
going	594
before	593
off	593
why	593
made	592
still	592
take	592
got	591
many	591
never	591
those	590
life	589
say	589
world	589
down	588
great	588
through	587
you're	587
last	586
that's	586
while	586
best	584
such	584
love	582
man	582
home	581
long	581
look	581
something	581
use	581
can't	580
same	580
used	580
both	579
every	579
am	578
come	578
part	578
state	578
three	578
around	577
between	577
always	576
better	576
find	576
help	575
high	575
little	575
old	575
since	575
another	574
does	574
own	574
things	574
under	573
during	572
game	572
i've	572
thing	572
give	571
house	571
place	571
school	571
again	570
next	570
each	569
mr	569
without	569
against	568
didn't	568
end	568
found	568
must	568
show	568
big	567
feel	567
sure	567
team	567
ever	566
family	566
keep	566
might	566
please	566
put	566
money	564
free	563
second	563
someone	563
away	562
left	562
number	562
city	561
days	561
lot	561
name	561
night	561
play	561
until	561
company	560
doing	560
few	560
he's	560
let	560
real	560
called	559
different	559
having	559
set	559
thought	559
done	558
however	558
getting	557
god	557
government	557
group	557
looking	557
public	557
top	557
women	557
business	556
care	556
start	556
system	556
times	556
week	556
already	555
anything	555
case	555
nothing	555
person	555
today	555
change	554
enough	554
everything	554
full	554
live	554
making	554
point	554
read	554
there's	554
told	554
yet	554
bad	553
doesn't	553
four	553
hard	553
mean	553
once	553
support	553
tell	553
including	552
music	552
power	552
seen	552
states	552
stop	552
water	552
based	551
believe	551
call	551
head	551
men	551
national	551
small	551
took	551
white	551
came	550
far	550
job	550
side	550
though	550
try	550
went	550
yes	550
actually	549
american	549
later	549
less	549
line	549
order	549
party	549
run	549
says	549
service	549
country	548
open	548
season	548
shit	548
thank	548
children	547
everyone	547
general	547
they're	547
trying	547
united	547
using	547
area	546
black	546
following	546
law	546
makes	546
together	546
war	546
whole	546
car	545
face	545
five	545
kind	545
maybe	545
per	545
president	545
story	545
working	545
course	544
games	544
health	544
hope	544
important	544
least	544
means	544
news	544
within	544
able	543
book	543
early	543
friends	543
i'll	543
information	543
local	543
oh	543
post	543
thanks	543
video	543
young	543
ago	542
others	542
social	542
talk	542
court	541
fact	541
given	541
guys	541
half	541
hand	541
isn't	541
level	541
mind	541
often	541
single	541
become	540
body	540
coming	540
control	540
death	540
food	540
guy	540
hours	540
office	540
pay	540
problem	540
south	540
true	540
we're	540
almost	539
fuck	539
history	539
known	539
large	539
lost	539
research	539
room	539
several	539
started	539
taking	539
university	539
win	539
wrong	539
along	538
anyone	538
else	538
girl	538
john	538
matter	538
pretty	538
remember	538
air	537
bit	537
friend	537
hit	537
needs	537
nice	537
playing	537
probably	537
saying	537
understand	537
yeah	537
york	537
class	536
close	536
comes	536
i'd	536
idea	536
international	536
looks	536
past	536
possible	536
wanted	536
cause	535
due	535
happy	535
human	535
members	535
months	535
move	535
question	535
series	535
wait	535
woman	535
ask	534
community	534
data	534
late	534
leave	534
north	534
saw	534
special	534
watch	534
won't	534
either	533
fucking	533
future	533
light	533
low	533
million	533
morning	533
police	533
short	533
stay	533
taken	533
age	532
buy	532
deal	532
rather	532
reason	532
red	532
report	532
soon	532
third	532
turn	532
whether	532
among	531
check	531
development	531
form	531
further	531
heart	531
minutes	531
myself	531
services	531
yourself	531
act	530
although	530
asked	530
child	530
fire	530
fun	530
living	530
major	530
media	530
phone	530
players	530
art	529
behind	529
building	529
easy	529
gonna	529
market	529
near	529
non	529
plan	529
political	529
quite	529
six	529
talking	529
west	529
works	529
according	528
available	528
education	528
final	528
former	528
front	528
kids	528
list	528
ready	528
sometimes	528
son	528
street	528
wasn't	528
bring	527
college	527
current	527
example	527
experience	527
heard	527
london	527
meet	527
program	527
type	527
baby	526
chance	526
father	526
march	526
process	526
she's	526
song	526
study	526
word	526
across	525
action	525
clear	525
gave	525
gets	525
himself	525
month	525
outside	525
self	525
students	525
words	525
board	524
cost	524
cut	524
dr	524
field	524
held	524
instead	524
main	524
moment	524
mother	524
road	524
seems	524
thinking	524
town	524
wants	524
de	523
department	523
energy	523
fight	523
fine	523
force	523
hear	523
issue	523
played	523
points	523
price	523
re	523
rest	523
results	523
running	523
shows	523
space	523
summer	523
term	523
wife	523
america	522
beautiful	522
date	522
goes	522
killed	522
land	522
miss	522
project	522
sex	522
shot	522
site	522
strong	522
you'll	522
account	521
co	521
especially	521
eyes	521
include	521
june	521
parents	521
period	521
position	521
record	521
similar	521
total	521
above	520
club	520
common	520
died	520
film	520
happened	520
knew	520
lead	520
likely	520
military	520
perfect	520
personal	520
security	520
share	520
st	520
tv	520
what's	520
won	520
april	519
center	519
county	519
couple	519
dead	519
english	519
happen	519
hold	519
industry	519
inside	519
issues	519
online	519
player	519
private	519
problems	519
return	519
rights	519
sense	519
star	519
test	519
view	519
weeks	519
break	518
british	518
companies	518
event	518
higher	518
hour	518
member	518
middle	518
needed	518
present	518
result	518
sorry	518
takes	518
training	518
wish	518
wouldn't	518
answer	517
boy	517
design	517
finally	517
girls	517
gold	517
gone	517
guess	517
interest	517
july	517
king	517
learn	517
policy	517
society	517
added	516
al	516
alone	516
average	516
bank	516
brought	516
certain	516
church	516
east	516
hands	516
hot	516
let's	516
longer	516
medical	516
movie	516
original	516
park	516
performance	516
press	516
received	516
role	516
sent	516
themselves	516
tried	516
worked	516
worth	516
areas	515
became	515
bill	515
books	515
cool	515
director	515
exactly	515
giving	515
ground	515
meeting	515
provide	515
questions	515
relationship	515
september	515
sound	515
source	515
usually	515
value	515
evidence	514
follow	514
lives	514
official	514
ok	514
production	514
rate	514
reading	514
round	514
save	514
stand	514
stuff	514
tax	514
whatever	514
amount	513
blue	513
countries	513
david	513
drive	513
eat	513
fall	513
fast	513
federal	513
feeling	513
felt	513
green	513
league	513
management	513
match	513
model	513
picture	513
size	513
step	513
trust	513
you've	513
central	512
changes	512
england	512
forward	512
groups	512
hey	512
key	512
mom	512
page	512
paid	512
range	512
review	512
science	512
trade	512
uk	512
upon	512
various	512
attention	511
brother	511
cannot	511
character	511
chief	511
cup	511
football	511
hate	511
haven't	511
james	511
led	511
looked	511
lower	511
natural	511
october	511
property	511
quality	511
send	511
style	511
vote	511
amazing	510
august	510
blood	510
china	510
complete	510
dog	510
economic	510
hell	510
involved	510
itself	510
language	510
lord	510
november	510
oil	510
related	510
serious	510
stage	510
terms	510
title	510
add	509
article	509
attack	509
born	509
couldn't	509
damn	509
decided	509
decision	509
enjoy	509
entire	509
french	509
january	509
kill	509
met	509
perhaps	509
poor	509
release	509
situation	509
technology	509
turned	509
website	509
written	509
choice	508
code	508
considered	508
continue	508
council	508
cover	508
currently	508
door	508
election	508
european	508
events	508
financial	508
foreign	508
hair	508
increase	508
legal	508
lose	508
michael	508
pick	508
race	508
seem	508
seven	508
sign	508
simple	508
simply	508
staff	508
super	508
union	508
walk	508
washington	508
bed	507
began	507
built	507
career	507
changed	507
crazy	507
daily	507
daughter	507
december	507
die	507
difficult	507
figure	507
hospital	507
knows	507
loss	507
modern	507
ones	507
paper	507
parts	507
popular	507
published	507
safe	507
starting	507
systems	507
version	507
voice	507
whose	507
writing	507
army	506
australia	506
earth	506
forget	506
goal	506
huge	506
internet	506
listen	506
okay	506
practice	506
rules	506
sea	506
sir	506
success	506
towards	506
waiting	506
ways	506
access	505
aren't	505
base	505
below	505
created	505
deep	505
followed	505
la	505
lol	505
mark	505
missing	505
offer	505
pass	505
professional	505
released	505
risk	505
schools	505
sleep	505
table	505
ten	505
truth	505
ball	504
box	504
build	504
card	504
cases	504
dark	504
district	504
europe	504
george	504
india	504
mine	504
minister	504
note	504
percent	504
piece	504
products	504
recent	504
seeing	504
straight	504
visit	504
wall	504
wanna	504
we've	504
wrote	504
allowed	503
boys	503
culture	503
etc	503
fans	503
february	503
gives	503
growth	503
included	503
married	503
officer	503
pain	503
paul	503
places	503
respect	503
response	503
river	503
rock	503
shall	503
speak	503
specific	503
standard	503
tonight	503
write	503
album	502
century	502
charge	502
cold	502
create	502
effect	502
eight	502
except	502
eye	502
funny	502
ii	502
limited	502
moving	502
network	502
peace	502
provided	502
recently	502
required	502
sales	502
spent	502
store	502
student	502
tomorrow	502
track	502
via	502
watching	502
weight	502
addition	501
ahead	501
allow	501
anti	501
association	501
beat	501
brown	501
capital	501
chinese	501
committee	501
conference	501
difference	501
double	501
expect	501
gas	501
island	501
moved	501
normal	501
plans	501
population	501
potential	501
pressure	501
radio	501
russian	501
station	501
text	501
treatment	501
western	501
ass	500
beginning	500
california	500
campaign	500
certainly	500
completely	500
content	500
credit	500
cross	500
described	500
despite	500
female	500
focus	500
hi	500
husband	500
ice	500
individual	500
interesting	500
join	500
kept	500
leading	500
loved	500
message	500
miles	500
nearly	500
particular	500
previous	500
quickly	500
region	500
reported	500
section	500
sort	500
speed	500
travel	500
consider	499
contact	499
drop	499
fair	499
feet	499
jesus	499
kid	499
link	499
positive	499
sale	499
throughout	499
tour	499
welcome	499
absolutely	498
additional	498
beyond	498
conditions	498
earlier	498
extra	498
forces	498
immediately	498
jobs	498
leaving	498
minute	498
nature	498
numbers	498
quick	498
sell	498
significant	498
studies	498
unless	498
winning	498
agree	497
canada	497
clean	497
computer	497
construction	497
episode	497
favorite	497
income	497
justice	497
levels	497
manager	497
movement	497
photo	497
posted	497
safety	497
san	497
scene	497
sold	497
sounds	497
spend	497
statement	497
sun	497
teams	497
ability	496
announced	496
asking	496
calling	496
coach	496
collection	496
continued	496
costs	496
definitely	496
designed	496
expected	496
friday	496
gun	496
happens	496
heavy	496
includes	496
knowledge	496
particularly	496
search	496
subject	496
train	496
wide	496
wow	496
author	495
centre	495
claim	495
dad	495
developed	495
fear	495
fit	495
generally	495
german	495
global	495
goals	495
gotta	495
hotel	495
interested	495
judge	495
lady	495
leader	495
letter	495
lines	495
material	495
named	495
nobody	495
opportunity	495
plus	495
pre	495
product	495
regular	495
secretary	495
sister	495
stories	495
unit	495
workers	495
annual	494
anymore	494
bar	494
battle	494
brain	494
contract	494
degree	494
families	494
features	494
finished	494
floor	494
france	494
growing	494
hurt	494
image	494
insurance	494
majority	494
meant	494
opening	494
opinion	494
physical	494
pro	494
reach	494
rule	494
seriously	494
sports	494
stupid	494
successful	494
active	493
administration	493
approach	493
australian	493
biggest	493
cancer	493
civil	493
dance	493
defense	493
direction	493
independent	493
master	493
none	493
reasons	493
russia	493
ship	493
stock	493
trump	493
weekend	493
wonder	493
worst	493
africa	492
awesome	492
band	492
beach	492
cash	492
clearly	492
commercial	492
compared	492
effort	492
ended	492
fan	492
fighting	492
imagine	492
impact	492
lack	492
latest	492
learning	492
multiple	492
older	492
operation	492
organization	492
passed	492
pictures	492
protect	492
secret	492
senior	492
spring	492
sunday	492
telling	492
wear	492
activities	491
address	491
analysis	491
anyway	491
bought	491
calls	491
choose	491
christmas	491
color	491
commission	491
competition	491
details	491
direct	491
dream	491
easily	491
finish	491
grand	491
here's	491
increased	491
indian	491
literally	491
luck	491
marriage	491
names	491
necessary	491
patients	491
resources	491
rich	491
skin	491
speaking	491
supposed	491
sweet	491
thus	491
touch	491
yesterday	491
caught	490
closed	490
congress	490
damage	490
directly	490
disease	490
doctor	490
doubt	490
drink	490
driving	490
established	490
facebook	490
feels	490
fish	490
gay	490
germany	490
glad	490
greater	490
grow	490
largest	490
machine	490
notice	490
overall	490
planning	490
professor	490
programs	490
records	490
reports	490
shown	490
sit	490
trip	490
associated	489
basic	489
captain	489
carry	489
cars	489
crime	489
effective	489
effects	489
explain	489
fully	489
highly	489
holding	489
japan	489
laws	489
male	489
mrs	489
parties	489
plant	489
reality	489
smith	489
spot	489
texas	489
we'll	489
winter	489
worse	489
advice	488
agreement	488
ain't	488
award	488
block	488
broken	488
caused	488
challenge	488
characters	488
christian	488
comment	488
equipment	488
eventually	488
helped	488
holy	488
killing	488
lived	488
lots	488
nation	488
otherwise	488
peter	488
prices	488
primary	488
purpose	488
rates	488
responsible	488
shop	488
showing	488
sick	488
teacher	488
theory	488
uses	488
william	488
agency	487
avoid	487
camera	487
catch	487
cell	487
coast	487
comments	487
drug	487
economy	487
environment	487
executive	487
foot	487
hall	487
mass	487
meaning	487
mission	487
nine	487
officers	487
operations	487
politics	487
pop	487
produced	487
ran	487
saturday	487
status	487
therefore	487
trial	487
truly	487
weather	487
activity	486
app	486
application	486
claims	486
coffee	486
complex	486
condition	486
division	486
evening	486
flight	486
freedom	486
google	486
heat	486
highest	486
interview	486
library	486
located	486
location	486
murder	486
obama	486
offered	486
putting	486
queen	486
seconds	486
showed	486
sitting	486
standing	486
stars	486
walking	486
accept	485
actual	485
appear	485
attempt	485
broke	485
channel	485
distance	485
eating	485
exchange	485
fat	485
fell	485
finding	485
glass	485
learned	485
losing	485
mobile	485
northern	485
opened	485
placed	485
powerful	485
prior	485
protection	485
reached	485
receive	485
religious	485
ride	485
robert	485
royal	485
screen	485
serve	485
signed	485
slow	485
species	485
speech	485
traffic	485
tree	485
types	485
vs	485
wearing	485
who's	485
whom	485
wonderful	485
agreed	484
airport	484
animals	484
appears	484
begin	484
benefits	484
bottom	484
cities	484
demand	484
engine	484
everybody	484
famous	484
ideas	484
investment	484
keeping	484
lie	484
notes	484
partner	484
plays	484
raised	484
runs	484
sad	484
solution	484
songs	484
sources	484
southern	484
square	484
stopped	484
structure	484
thomas	484
traditional	484
twice	484
wind	484
worry	484
americans	483
appeared	483
becomes	483
brand	483
bus	483
cent	483
chicago	483
count	483
covered	483
critical	483
digital	483
forced	483
fourth	483
fresh	483
lake	483
mental	483
mentioned	483
missed	483
mostly	483
mouth	483
owner	483
photos	483
previously	483
realize	483
remain	483
scale	483
score	483
separate	483
smart	483
starts	483
surface	483
throw	483
tom	483
totally	483
twitter	483
views	483
wedding	483
you'd	483
acting	482
actions	482
african	482
arms	482
benefit	482
budget	482
click	482
estate	482
failed	482
faith	482
fashion	482
feature	482
fund	482
generation	482
hearing	482
hill	482
jack	482
larger	482
louis	482
metal	482
mid	482
paris	482
profile	482
pull	482
push	482
returned	482
rose	482
seat	482
seemed	482
sexual	482
shouldn't	482
target	482
understanding	482
village	482
agent	481
animal	481
apply	481
authority	481
basis	481
becoming	481
chris	481
draw	481
dude	481
employees	481
enter	481
ex	481
follows	481
foundation	481
gain	481
http	481
individuals	481
japanese	481
leaders	481
memory	481
prime	481
projects	481
ring	481
rise	481
selling	481
served	481
silver	481
soul	481
spread	481
supply	481
waste	481
weird	481
adult	480
apparently	480
artist	480
chairman	480
edition	480
engineering	480
grade	480
happening	480
healthy	480
institute	480
method	480
mike	480
monday	480
nations	480
obviously	480
option	480
prison	480
provides	480
remains	480
senate	480
smaller	480
somebody	480
stone	480
strength	480
users	480
wild	480
window	480
winner	480
arrived	479
bag	479
bet	479
camp	479
cast	479
christ	479
continues	479
correct	479
dangerous	479
ed	479
extremely	479
firm	479
greatest	479
handle	479
improve	479
indeed	479
leaves	479
movies	479
negative	479
prevent	479
removed	479
richard	479
spirit	479
television	479
till	479
trouble	479
usa	479
videos	479
advantage	478
apart	478
aware	478
cat	478
customers	478
decide	478
dinner	478
dollars	478
eastern	478
fifth	478
function	478
gift	478
helping	478
herself	478
impossible	478
influence	478
items	478
joe	478
los	478
marketing	478
mary	478
materials	478
nor	478
produce	478
progress	478
proud	478
require	478
shooting	478
shut	478
standards	478
tells	478
thinks	478
van	478
wood	478
background	477
birth	477
bridge	477
carried	477
charles	477
classes	477
completed	477
concept	477
copy	477
dear	477
dogs	477
drugs	477
efforts	477
garden	477
host	477
housing	477
inc	477
israel	477
journal	477
labor	477
leadership	477
length	477
lucky	477
neither	477
onto	477
patient	477
possibly	477
prove	477
rare	477
setting	477
skills	477
software	477
thousands	477
tough	477
units	477
ad	476
alive	476
apple	476
balance	476
birthday	476
bitch	476
boss	476
cards	476
changing	476
connection	476
dress	476
easier	476
fellow	476
florida	476
horse	476
knowing	476
liked	476
magic	476
managed	476
map	476
net	476
owned	476
request	476
stick	476
they've	476
turns	476
vehicle	476
volume	476
wake	476
aid	475
beauty	475
believed	475
billion	475
busy	475
buying	475
cells	475
concerned	475
conversation	475
corner	475
criminal	475
cultural	475
develop	475
driver	475
ends	475
existing	475
farm	475
file	475
fix	475
fly	475
frank	475
guide	475
images	475
investigation	475
mexico	475
operating	475
paying	475
presented	475
raise	475
responsibility	475
roll	475
slightly	475
suggest	475
surprise	475
technical	475
thoughts	475
treat	475
unique	475
variety	475
violence	475
weapons	475
yours	475
youth	475
appreciate	474
bigger	474
breaking	474
discovered	474
dont	474
dry	474
edge	474
evil	474
excited	474
forever	474
funds	474
helps	474
henry	474
injury	474
iron	474
lovely	474
mad	474
magazine	474
martin	474
models	474
offers	474
ordered	474
parliament	474
prepared	474
reference	474
religion	474
sites	474
somewhere	474
stated	474
strategy	474
teachers	474
web	474
wine	474
accounts	473
angeles	473
arm	473
audience	473
bay	473
blog	473
closer	473
core	473
democratic	473
description	473
dropped	473
excellent	473
exist	473
figures	473
forms	473
guard	473
honest	473
issued	473
joined	473
jones	473
lee	473
lies	473
likes	473
medicine	473
mention	473
mountain	473
nuclear	473
orders	473
port	473
presence	473
reaction	473
reduce	473
shoot	473
sides	473
solid	473
spanish	473
sport	473
steps	473
stress	473
taste	473
tea	473
victory	473
afternoon	472
assistant	472
britain	472
citizens	472
classic	472
clothes	472
decisions	472
electric	472
emergency	472
entered	472
entirely	472
facts	472
failure	472
festival	472
flat	472
fuel	472
harry	472
hello	472
houses	472
ill	472
initial	472
introduced	472
johnson	472
kick	472
links	472
mail	472
massive	472
matters	472
pair	472
picked	472
pieces	472
plane	472
plenty	472
prince	472
proper	472
providing	472
quarter	472
regional	472
scott	472
session	472
shape	472
sky	472
teaching	472
toward	472
transfer	472
upper	472
useful	472
valley	472
watched	472
willing	472
windows	472
zone	472
accident	471
advanced	471
alternative	471
anywhere	471
articles	471
awards	471
bear	471
boat	471
bringing	471
capacity	471
cheap	471
climate	471
communities	471
discussion	471
drinking	471
duty	471
fantastic	471
feelings	471
flying	471
governor	471
hasn't	471
hundred	471
industrial	471
joint	471
mix	471
museum	471
options	471
path	471
plants	471
policies	471
promise	471
proposed	471
purchase	471
rain	471
remove	471
signs	471
spending	471
steel	471
steve	471
supporting	471
terrible	471
they'll	471
tired	471
treated	471
turning	471
vice	471
warm	471
afraid	470
arts	470
beer	470
border	470
canadian	470
command	470
crew	470
crowd	470
dating	470
dick	470
elements	470
enemy	470
ensure	470
environmental	470
filled	470
fixed	470
forest	470
intelligence	470
intended	470
labour	470
limit	470
moon	470
ocean	470
powers	470
profit	470
proof	470
republican	470
soldiers	470
suit	470
wins	470
women's	470
appearance	469
asian	469
attorney	469
banks	469
behavior	469
ben	469
bodies	469
brothers	469
buildings	469
chair	469
creating	469
debt	469
domestic	469
expensive	469
grew	469
historical	469
homes	469
honestly	469
honor	469
im	469
jump	469
launch	469
listed	469
minimum	469
native	469
noted	469
originally	469
planned	469
pm	469
ray	469
sets	469
suddenly	469
supreme	469
survey	469
tech	469
trees	469
update	469
user	469
writer	469
yellow	469
younger	469
ancient	468
attacks	468
charges	468
combined	468
communication	468
connected	468
contains	468
download	468
email	468
ending	468
exercise	468
express	468
flow	468
formed	468
girlfriend	468
hero	468
illegal	468
increasing	468
joke	468
loan	468
methods	468
officials	468
people's	468
performed	468
planet	468
relationships	468
restaurant	468
scotland	468
selected	468
shared	468
shopping	468
soft	468
stuck	468
sugar	468
suggested	468
supported	468
surprised	468
taught	468
transport	468
weren't	468
accepted	467
adding	467
affairs	467
allows	467
appeal	467
applied	467
appropriate	467
artists	467
boston	467
ca	467
confirmed	467
device	467
drama	467
entry	467
era	467
factor	467
feed	467
golden	467
grant	467
grown	467
heads	467
hoping	467
keeps	467
lawyer	467
legs	467
lying	467
measures	467
mistake	467
ms	467
muslim	467
organizations	467
platform	467
pool	467
pulled	467
regarding	467
relations	467
requires	467
route	467
saved	467
schedule	467
scientific	467
shoes	467
smoke	467
squad	467
teach	467
testing	467
tests	467
values	467
walked	467
williams	467
ya	467
abuse	466
angry	466
businesses	466
candidate	466
comfortable	466
concern	466
developing	466
discuss	466
elections	466
emotional	466
et	466
everywhere	466
facilities	466
falling	466
fox	466
guns	466
hole	466
holiday	466
interests	466
internal	466
ireland	466
italian	466
italy	466
jersey	466
laugh	466
leg	466
letters	466
liberal	466
listening	466
ll	466
loves	466
lunch	466
max	466
milk	466
pack	466
payment	466
perform	466
recorded	466
relatively	466
sector	466
sharing	466
snow	466
storm	466
streets	466
strike	466
studio	466
sub	466
weak	466
youtube	466
actor	465
advance	465
apartment	465
asia	465
chain	465
chapter	465
committed	465
confidence	465
cook	465
cute	465
equal	465
fake	465
finance	465
focused	465
hits	465
identity	465
journey	465
kitchen	465
korea	465
leads	465
maintain	465
measure	465
mm	465
numerous	465
owners	465
posts	465
properties	465
quiet	465
revealed	465
specifically	465
split	465
task	465
taxes	465
taylor	465
twenty	465
urban	465
acts	464
affected	464
aircraft	464
applications	464
approved	464
approximately	464
argument	464
arrested	464
claimed	464
conflict	464
considering	464
corporate	464
debate	464
determined	464
distribution	464
documents	464
escape	464
extended	464
factors	464
faster	464
fault	464
fill	464
films	464
flowers	464
friendly	464
ladies	464
lay	464
lights	464
millions	464
mixed	464
phase	464
properly	464
pure	464
reduced	464
requirements	464
residents	464
revenue	464
sam	464
sat	464
secure	464
smile	464
strange	464
talent	464
temperature	464
thousand	464
tony	464
troops	464
truck	464
votes	464
ah	463
authorities	463
basically	463
besides	463
bird	463
blame	463
bob	463
bowl	463
causes	463
chicken	463
collected	463
context	463
coverage	463
determine	463
display	463
dying	463
elected	463
examples	463
experienced	463
falls	463
false	463
fired	463
forgot	463
funding	463
identified	463
iii	463
incredible	463
inspired	463
launched	463
ma	463
meat	463
ministry	463
mode	463
neck	463
noticed	463
novel	463
obvious	463
passing	463
positions	463
remaining	463
scored	463
shirt	463
shots	463
slowly	463
stadium	463
stores	463
surgery	463
trading	463
tuesday	463
vision	463
whenever	463
worried	463
zero	463
alex	462
allowing	462
begins	462
champion	462
charged	462
cream	462
crisis	462
daniel	462
delivered	462
editor	462
estimated	462
eu	462
giant	462
iran	462
jail	462
jim	462
kingdom	462
literature	462
mayor	462
minor	462
moments	462
opposite	462
orange	462
ourselves	462
pages	462
remained	462
selection	462
serving	462
signal	462
stream	462
struggle	462
suicide	462
talked	462
theme	462
thursday	462
tiny	462
typically	462
un	462
unfortunately	462
usual	462
vehicles	462
virginia	462
voted	462
voting	462
walls	462
wave	462
alcohol	461
assembly	461
breakfast	461
bright	461
brings	461
capable	461
carrying	461
chosen	461
combination	461
conservative	461
customer	461
cutting	461
desire	461
destroyed	461
draft	461
drunk	461
essential	461
fail	461
familiar	461
finds	461
granted	461
guilty	461
humans	461
hundreds	461
id	461
improved	461
jewish	461
largely	461
laughing	461
markets	461
medium	461
ohio	461
opportunities	461
papers	461
perfectly	461
recommend	461
referred	461
relevant	461
seek	461
sending	461
solo	461
spoke	461
stands	461
talks	461
ticket	461
unable	461
upset	461
wing	461
world's	461
answers	460
birds	460
bomb	460
creative	460
cycle	460
dealing	460
directed	460
don	460
educational	460
entertainment	460
extreme	460
facility	460
fields	460
goods	460
hang	460
holds	460
info	460
mainly	460
maximum	460
newspaper	460
offering	460
painting	460
republic	460
reserve	460
returns	460
row	460
salt	460
scared	460
scottish	460
shares	460
statistics	460
switch	460
territory	460
threat	460
tickets	460
wales	460
adults	459
affect	459
appointed	459
armed	459
aside	459
assistance	459
bell	459
blow	459
bond	459
boyfriend	459
careful	459
circumstances	459
communications	459
concerns	459
controlled	459
corporation	459
cry	459
danger	459
deals	459
delivery	459
deserve	459
devices	459
dollar	459
dreams	459
empty	459
enjoyed	459
explained	459
faces	459
folks	459
fucked	459
gender	459
instance	459
kim	459
kinda	459
matches	459
mile	459
motion	459
moves	459
nick	459
pacific	459
prize	459
realized	459
reasonable	459
receiving	459
register	459
resolution	459
rural	459
ryan	459
saving	459
sees	459
singing	459
spain	459
tools	459
typical	459
universe	459
warning	459
wars	459
wednesday	459
admit	458
attitude	458
branch	458
brazil	458
conducted	458
decades	458
dedicated	458
definition	458
drawing	458
favor	458
flag	458
frame	458
guest	458
ha	458
heaven	458
independence	458
institutions	458
it'll	458
jackson	458
kiss	458
load	458
plot	458
possibility	458
random	458
recovery	458
rent	458
replace	458
represent	458
reviews	458
scenes	458
seeking	458
senator	458
sentence	458
teeth	458
tips	458
trained	458
understood	458
academic	457
academy	457
accurate	457
achieve	457
adam	457
afford	457
andrew	457
assume	457
bbc	457
bottle	457
bunch	457
category	457
chat	457
cheese	457
chemical	457
clinton	457
competitive	457
detail	457
diet	457
em	457
favourite	457
fruit	457
harder	457
he'd	457
index	457
item	457
lane	457
mess	457
navy	457
normally	457
occurred	457
opposition	457
parent	457
permanent	457
personally	457
pleasure	457
prefer	457
programme	457
representative	457
scheme	457
shift	457
stood	457
storage	457
tank	457
tend	457
tight	457
transportation	457
ultimately	457
unlike	457
weekly	457
yard	457
anybody	456
assets	456
basketball	456
button	456
candidates	456
combat	456
constitution	456
consumer	456
counter	456
creation	456
crown	456
crying	456
dc	456
defined	456
depending	456
depression	456
describe	456
drivers	456
el	456
employment	456
exclusive	456
excuse	456
expert	456
frequently	456
golf	456
grace	456
hopefully	456
identify	456
importance	456
kevin	456
laid	456
latter	456
manufacturing	456
mining	456
object	456
partners	456
pattern	456
performing	456
personnel	456
perspective	456
pregnant	456
premier	456
promote	456
revolution	456
rooms	456
severe	456
sleeping	456
suppose	456
tool	456
tournament	456
turkey	456
ve	456
victim	456
victims	456
agents	455
amazon	455
arrest	455
attend	455
ban	455
brilliant	455
carbon	455
catholic	455
chose	455
circle	455
concert	455
crash	455
declared	455
deliver	455
depth	455
deputy	455
dirty	455
doctors	455
earned	455
electronic	455
error	455
existence	455
experiences	455
expression	455
factory	455
headed	455
interior	455
joy	455
jr	455
legislation	455
maintenance	455
manner	455
mate	455
matt	455
nearby	455
noise	455
origin	455
pakistan	455
panel	455
personality	455
plate	455
practices	455
prepare	455
relief	455
replaced	455
resistance	455
retail	455
rice	455
roads	455
roof	455
shame	455
ships	455
somewhat	455
staying	455
stronger	455
surely	455
tip	455
updated	455
writers	455
absolute	454
advertising	454
agencies	454
baseball	454
bathroom	454
bible	454
cable	454
calm	454
championship	454
checked	454
client	454
constant	454
da	454
dates	454
degrees	454
democrats	454
doors	454
driven	454
dumb	454
empire	454
exciting	454
expansion	454
he'll	454
heavily	454
hide	454
incident	454
irish	454
linked	454
manage	454
messages	454
michigan	454
multi	454
nfl	454
politicians	454
print	454
quit	454
refused	454
reporting	454
sight	454
significantly	454
sing	454
soviet	454
weapon	454
wet	454
widely	454
worldwide	454
ages	453
anniversary	453
attractive	453
bike	453
broad	453
burn	453
cake	453
causing	453
closely	453
constantly	453
contest	453
deaths	453
depends	453
drawn	453
fees	453
francisco	453
haha	453
hardly	453
hat	453
height	453
hidden	453
hong	453
invited	453
letting	453
loud	453
manchester	453
marine	453
motor	453
officially	453
pc	453
peak	453
portion	453
pounds	453
princess	453
protein	453
puts	453
raw	453
reform	453
regions	453
represented	453
respond	453
retirement	453
sample	453
seats	453
secondary	453
solar	453
somehow	453
stayed	453
suffering	453
sydney	453
today's	453
tries	453
ultimate	453
unknown	453
wilson	453
wondering	453
attached	452
attacked	452
automatically	452
balls	452
battery	452
bills	452
blind	452
breath	452
brief	452
carolina	452
chest	452
conduct	452
debut	452
decade	452
destroy	452
differences	452
edward	452
engaged	452
experts	452
expressed	452
external	452
fantasy	452
ft	452
grab	452
hollywood	452
immediate	452
introduction	452
joseph	452
license	452
paint	452
pilot	452
pink	452
presidential	452
principal	452
recognize	452
recognized	452
registered	452
regularly	452
representatives	452
rising	452
seasons	452
shipping	452
singer	452
smoking	452
steam	452
suffered	452
survive	452
tall	452
thats	452
theatre	452
therapy	452
witness	452
adopted	451
aim	451
campus	451
cap	451
chances	451
childhood	451
clinical	451
clubs	451
comedy	451
commander	451
comparison	451
covers	451
dan	451
defeat	451
defence	451
democracy	451
detailed	451
entitled	451
exact	451
exposed	451
fed	451
fee	451
injured	451
jan	451
jordan	451
kinds	451
lets	451
loans	451
lock	451
musical	451
nose	451
objects	451
opposed	451
organized	451
plastic	451
protected	451
purposes	451
quote	451
recording	451
semi	451
statements	451
suspect	451
swear	451
techniques	451
tie	451
tim	451
trend	451
valuable	451
wealth	451
wise	451
yards	451
aged	450
approval	450
aspects	450
attempts	450
bread	450
burning	450
champions	450
contain	450
convention	450
dancing	450
document	450
eggs	450
employee	450
en	450
engineer	450
equivalent	450
facing	450
fairly	450
fingers	450
ford	450
founded	450
functions	450
gang	450
graduate	450
greek	450
hanging	450
inner	450
islands	450
le	450
lift	450
marked	450
memories	450
miller	450
monthly	450
mountains	450
neighborhood	450
operate	450
outstanding	450
permission	450
porn	450
racing	450
recommended	450
regulations	450
reply	450
republicans	450
rid	450
roman	450
scientists	450
shoulder	450
shower	450
solutions	450
sons	450
stations	450
stephen	450
tower	450
tradition	450
visited	450
visual	450
wheel	450
zealand	450
achieved	449
admitted	449
appointment	449
authors	449
barely	449
bc	449
bush	449
cabinet	449
celebrate	449
challenges	449
chocolate	449
coal	449
colour	449
contemporary	449
criticism	449
davis	449
dna	449
effectively	449
eric	449
extensive	449
faced	449
filed	449
formation	449
fought	449
gained	449
gallery	449
highway	449
historic	449
hunt	449
improvement	449
inch	449
initially	449
junior	449
jury	449
kong	449
korean	449
marks	449
monster	449
obtained	449
olympic	449
philosophy	449
pride	449
promised	449
repeat	449
returning	449
riding	449
rough	449
santa	449
settlement	449
smell	449
sought	449
speaker	449
studied	449
suggests	449
surrounding	449
tone	449
topic	449
toronto	449
universal	449
vast	449
visitors	449
wanting	449
auto	448
consistent	448
continuing	448
earn	448
exists	448
finger	448
grey	448
guitar	448
heading	448
howard	448
ignore	448
involving	448
latin	448
lewis	448
meal	448
meanwhile	448
meetings	448
naturally	448
necessarily	448
offices	448
pants	448
partnership	448
payments	448
percentage	448
pocket	448
practical	448
primarily	448
proved	448
rape	448
regardless	448
relative	448
represents	448
rescue	448
resulting	448
rush	448
sarah	448
sessions	448
sharp	448
simon	448
soccer	448
stable	448
structures	448
supplies	448
symptoms	448
temporary	448
tested	448
trick	448
attended	447
audio	447
bone	447
brian	447
bullshit	447
chamber	447
chart	447
children's	447
circuit	447
clothing	447
complicated	447
confused	447
consequences	447
defend	447
divided	447
elizabeth	447
everyday	447
extent	447
fishing	447
format	447
gap	447
gate	447
gotten	447
harm	447
healthcare	447
household	447
immigration	447
impressive	447
jews	447
joining	447
killer	447
lesson	447
limits	447
loving	447
ltd	447
managers	447
membership	447
miami	447
mirror	447
mount	447
nights	447
occur	447
parking	447
proposal	447
province	447
purchased	447
recognition	447
reputation	447
rolling	447
shortly	447
situations	447
strongly	447
tears	447
technique	447
thin	447
tied	447
accused	446
adventure	446
argue	446
assessment	446
atmosphere	446
awful	446
bedroom	446
belief	446
bound	446
breaks	446
carefully	446
cats	446
ceo	446
choices	446
closing	446
cloud	446
colorado	446
colors	446
contrast	446
courses	446
courts	446
donald	446
drew	446
egg	446
element	446
elsewhere	446
establish	446
extension	446
files	446
founder	446
gear	446
georgia	446
hills	446
hip	446
hitting	446
increases	446
infrastructure	446
jason	446
locations	446
loose	446
machines	446
men's	446
moral	446
offensive	446
pa	446
package	446
pointed	446
poverty	446
processes	446
processing	446
qualified	446
railway	446
reaching	446
ridiculous	446
sensitive	446
server	446
shock	446
silence	446
soldier	446
superior	446
supporters	446
thick	446
threw	446
tons	446
transition	446
violent	446
voters	446
wash	446
acid	445
actress	445
administrative	445
alan	445
alongside	445
angel	445
anxiety	445
babies	445
bars	445
bonus	445
castle	445
charity	445
clients	445
compare	445
contained	445
cooking	445
covering	445
curious	445
directors	445
discovery	445
discussed	445
duke	445
egypt	445
encourage	445
enforcement	445
featuring	445
finals	445
flash	445
formal	445
formula	445
fort	445
governments	445
gray	445
gross	445
horses	445
hungry	445
informed	445
innocent	445
jeff	445
losses	445
luke	445
mac	445
math	445
minds	445
mistakes	445
mystery	445
networks	445
olympics	445
palace	445
passes	445
penalty	445
pet	445
phones	445
photography	445
producing	445
protest	445
publication	445
rating	445
refer	445
respectively	445
rome	445
scheduled	445
select	445
silent	445
spoken	445
successfully	445
suffer	445
temple	445
tracks	445
trail	445
uncle	445
unusual	445
waters	445
woods	445
yo	445
arrival	444
asks	444
assault	444
awareness	444
badly	444
bath	444
captured	444
chase	444
components	444
concrete	444
dave	444
deeply	444
expectations	444
explanation	444
exposure	444
featured	444
fiction	444
guarantee	444
happiness	444
harris	444
hearts	444
horrible	444
ideal	444
illinois	444
injuries	444
islamic	444
jimmy	444
kelly	444
legend	444
lieutenant	444
mini	444
mood	444
muscle	444
muslims	444
passion	444
picking	444
pleased	444
procedure	444
producer	444
pushing	444
rank	444
replacement	444
retired	444
roles	444
sand	444
savings	444
settled	444
shadow	444
singles	444
tag	444
tape	444
thread	444
victoria	444
visiting	444
wage	444
we'd	444
wings	444
andy	443
avenue	443
bags	443
beating	443
believes	443
blocks	443
boring	443
charlie	443
checking	443
clock	443
commissioner	443
commitment	443
confident	443
containing	443
copies	443
crimes	443
custom	443
denied	443
desk	443
drinks	443
ear	443
electricity	443
episodes	443
farmers	443
fbi	443
grounds	443
gym	443
helpful	443
horror	443
iphone	443
iraq	443
label	443
liverpool	443
locked	443
naked	443
ny	443
opens	443
output	443
persons	443
pitch	443
pizza	443
plain	443
pushed	443
raising	443
rear	443
reveal	443
romantic	443
scores	443
sisters	443
speaks	443
stages	443
strategic	443
swimming	443
welfare	443
winners	443
wire	443
worker	443
afterwards	442
alright	442
android	442
anger	442
architecture	442
assist	442
attempted	442
behalf	442
belt	442
capture	442
centers	442
ceremony	442
comic	442
cops	442
cuts	442
dallas	442
designer	442
diamond	442
disappointed	442
dressed	442
economics	442
efficient	442
electrical	442
employed	442
enjoying	442
entering	442
essentially	442
establishment	442
expecting	442
explains	442
flower	442
ghost	442
guests	442
handed	442
hockey	442
houston	442
https	442
hunting	442
industries	442
islam	442
jane	442
judges	442
kit	442
lab	442
languages	442
maps	442
min	442
morgan	442
moscow	442
na	442
nervous	442
newly	442
odd	442
op	442
ordinary	442
participate	442
philadelphia	442
prayer	442
principles	442
racist	442
rarely	442
references	442
sexy	442
skill	442
soil	442
solve	442
stomach	442
struck	442
studying	442
suck	442
supports	442
trash	442
ugly	442
vegas	442
virus	442
walker	442
whoever	442
amounts	441
anthony	441
arthur	441
aspect	441
banned	441
boost	441
bureau	441
colonel	441
comfort	441
controls	441
cousin	441
crack	441
deck	441
demands	441
dies	441
dragon	441
dramatic	441
dust	441
dutch	441
engineers	441
evolution	441
foods	441
hired	441
illness	441
inspiration	441
institution	441
kings	441
knife	441
lately	441
lowest	441
memorial	441
mexican	441
minority	441
mum	441
opinions	441
patterns	441
presents	441
priority	441
promotion	441
rail	441
readers	441
remote	441
repair	441
root	441
saint	441
steal	441
stolen	441
telephone	441
tho	441
titles	441
trans	441
ups	441
vol	441
whereas	441
abandoned	440
acquired	440
actors	440
alexander	440
alliance	440
annoying	440
ap	440
bid	440
bro	440
buddy	440
buried	440
butter	440
cares	440
columbia	440
conclusion	440
confirm	440
congratulations	440
contracts	440
convinced	440
crap	440
crystal	440
dean	440
decent	440
decline	440
delay	440
describes	440
desert	440
downtown	440
elite	440
enemies	440
forgotten	440
forth	440
gods	440
hadn't	440
hire	440
hop	440
hopes	440
insane	440
installed	440
israeli	440
landing	440
layer	440
managing	440
marry	440
nah	440
nowhere	440
nurse	440
obtain	440
organic	440
ownership	440
participants	440
pennsylvania	440
poetry	440
pot	440
pray	440
printed	440
recall	440
rugby	440
sake	440
sheet	440
signing	440
smooth	440
spiritual	440
stops	440
string	440
sudden	440
sweden	440
syria	440
throwing	440
thrown	440
vacation	440
abroad	439
arab	439
assigned	439
associate	439
assumed	439
atlantic	439
bench	439
bother	439
broadcast	439
bye	439
cambridge	439
citizen	439
cleaning	439
compete	439
consists	439
consumers	439
contributed	439
cricket	439
critics	439
damaged	439
disaster	439
discover	439
disney	439
entrance	439
equally	439
fallen	439
figured	439
fitness	439
francis	439
friendship	439
gary	439
handling	439
idiot	439
intense	439
keys	439
lawyers	439
lifetime	439
liquid	439
makeup	439
medal	439
mortgage	439
narrative	439
narrow	439
nba	439
observed	439
occasionally	439
one's	439
pan	439
physics	439
posting	439
potentially	439
reduction	439
reflect	439
refuse	439
researchers	439
resource	439
roger	439
ross	439
sciences	439
seattle	439
serves	439
shell	439
silly	439
subsequent	439
they'd	439
towns	439
translation	439
visible	439
yep	439
adds	438
allen	438
amendment	438
angle	438
arizona	438
arrive	438
belong	438
berlin	438
bishop	438
channels	438
clark	438
commonly	438
connect	438
defensive	438
designs	438
efficiency	438
enterprise	438
experiment	438
feb	438
females	438
findings	438
firms	438
forum	438
gifts	438
grass	438
hence	438
increasingly	438
incredibly	438
iv	438
jay	438
journalist	438
kicked	438
lessons	438
lists	438
maintained	438
mill	438
mo	438
occasion	438
oxford	438
pace	438
passenger	438
pen	438
pope	438
possession	438
pp	438
races	438
rapid	438
regulation	438
resident	438
rocks	438
shaped	438
sixth	438
spin	438
styles	438
subjects	438
sucks	438
suitable	438
thirty	438
valid	438
vital	438
whilst	438
year's	438
agriculture	437
alleged	437
anna	437
atlanta	437
bands	437
christians	437
collect	437
commerce	437
cop	437
creek	437
currency	437
emotions	437
exhibition	437
fraud	437
funeral	437
genuine	437
god's	437
gordon	437
honey	437
honour	437
hook	437
hunter	437
immigrants	437
improving	437
instructions	437
introduce	437
kansas	437
km	437
lands	437
legacy	437
log	437
matthew	437
merely	437
monitor	437
mother's	437
nov	437
patrick	437
phil	437
prisoners	437
programming	437
publishing	437
ratio	437
regret	437
rejected	437
remind	437
resort	437
resulted	437
reverse	437
routine	437
scary	437
seed	437
settle	437
sin	437
spell	437
summary	437
survival	437
sword	437
tongue	437
ward	437
waves	437
wayne	437
achievement	436
anderson	436
argued	436
asleep	436
austin	436
automatic	436
begun	436
behaviour	436
cd	436
cents	436
coat	436
comprehensive	436
consent	436
daddy	436
destruction	436
diego	436
diseases	436
divorce	436
doc	436
drove	436
ears	436
engage	436
extraordinary	436
fate	436
frequency	436
gaming	436
gene	436
glory	436
headquarters	436
heritage	436
initiative	436
interviews	436
jean	436
juice	436
landscape	436
logic	436
meets	436
melbourne	436
microsoft	436
objective	436
organisation	436
privacy	436
procedures	436
profits	436
reducing	436
regard	436
representing	436
residence	436
roughly	436
salary	436
scoring	436
script	436
searching	436
sections	436
strip	436
surrounded	436
threatened	436
transferred	436
tube	436
universities	436
walter	436
wisconsin	436
would've	436
writes	436
ambassador	435
ann	435
apps	435
awarded	435
banking	435
breast	435
cant	435
carter	435
chelsea	435
chemistry	435
concluded	435
consumption	435
corruption	435
cotton	435
crossed	435
detroit	435
discount	435
dozen	435
engines	435
epic	435
exception	435
exit	435
expand	435
fancy	435
gorgeous	435
grateful	435
heroes	435
holes	435
impression	435
inches	435
indicate	435
input	435
johnny	435
josh	435
knock	435
leather	435
lips	435
luxury	435
lyrics	435
manufacturers	435
masters	435
movements	435
oct	435
operated	435
ought	435
outcome	435
painted	435
poll	435
preferred	435
pulling	435
ranked	435
referring	435
removal	435
rep	435
reporter	435
rio	435
risks	435
rob	435
screaming	435
sept	435
sequence	435
singapore	435
stretch	435
tear	435
tennis	435
terrorist	435
theater	435
ties	435
twelve	435
versions	435
virgin	435
voices	435
wishes	435
wolf	435
absence	434
agricultural	434
asshole	434
ate	434
athletes	434
bears	434
blues	434
boxes	434
bruce	434
bull	434
cameras	434
commonwealth	434
contribute	434
contribution	434
contributions	434
couples	434
delicious	434
deny	434
deserves	434
ease	434
extend	434
fame	434
flood	434
generated	434
genetic	434
glasses	434
impressed	434
indicated	434
instant	434
investors	434
involves	434
kate	434
kills	434
liberty	434
man's	434
maria	434
ministers	434
monitoring	434
occurs	434
passengers	434
photographs	434
principle	434
producers	434
progressive	434
punishment	434
rally	434
rapidly	434
reader	434
representation	434
restaurants	434
reveals	434
roots	434
samples	434
shops	434
sum	434
swing	434
tail	434
texts	434
twin	434
upcoming	434
veterans	434
alert	433
arena	433
arguments	433
aug	433
billy	433
boom	433
boots	433
brave	433
claiming	433
column	433
commit	433
compensation	433
composition	433
computers	433
conservation	433
constitutional	433
crossing	433
defending	433
density	433
di	433
difficulty	433
dropping	433
drops	433
elementary	433
ethnic	433
expenses	433
fleet	433
foster	433
fuckin	433
fundamental	433
gen	433
genius	433
greatly	433
guidance	433
hospitals	433
infection	433
instagram	433
intention	433
iowa	433
jokes	433
knee	433
mechanical	433
nigeria	433
parks	433
participation	433
periods	433
precious	433
pregnancy	433
premium	433
preparing	433
pretend	433
priest	433
prominent	433
proven	433
radical	433
remembered	433
requested	433
residential	433
reward	433
rings	433
robin	433
russell	433
satellite	433
shake	433
shore	433
spots	433
stats	433
struggling	433
substantial	433
teen	433
temperatures	433
transmission	433
trap	433
uniform	433
wildlife	433
wooden	433
ads	432
aggressive	432
anne	432
answered	432
apparent	432
bang	432
blast	432
bones	432
brands	432
centuries	432
communist	432
complaint	432
component	432
connections	432
courage	432
cure	432
del	432
desperate	432
diversity	432
duties	432
encouraged	432
eve	432
faculty	432
feedback	432
fighter	432
frozen	432
guards	432
hiding	432
humanity	432
ian	432
il	432
innovation	432
instruments	432
invest	432
jacket	432
justin	432
legislative	432
listing	432
manual	432
mothers	432
murdered	432
nursing	432
occupied	432
ongoing	432
operator	432
painful	432
pound	432
preparation	432
punch	432
purple	432
railroad	432
registration	432
releases	432
rick	432
romance	432
someone's	432
submitted	432
sufficient	432
survived	432
suspended	432
technologies	432
tissue	432
trailer	432
trends	432
trials	432
ukraine	432
underground	432
versus	432
virtual	432
walks	432
wounded	432
ali	431
amongst	431
announcement	431
arranged	431
arsenal	431
attending	431
attracted	431
biological	431
bite	431
blocked	431
boards	431
burned	431
categories	431
checks	431
chip	431
company's	431
concerning	431
dare	431
database	431
define	431
discrimination	431
disorder	431
distributed	431
districts	431
documentary	431
domain	431
dynamic	431
edited	431
engagement	431
explore	431
favour	431
fewer	431
footage	431
giants	431
grave	431
hamilton	431
implementation	431
indiana	431
investigate	431
jazz	431
jon	431
jonathan	431
laboratory	431
lawrence	431
lincoln	431
literary	431
mask	431
massachusetts	431
midnight	431
minnesota	431
mouse	431
oscar	431
packed	431
piano	431
praise	431
presentation	431
psychology	431
relation	431
restrictions	431
rocket	431
ruin	431
saudi	431
sean	431
sec	431
secrets	431
slave	431
stability	431
steady	431
stones	431
symbol	431
terminal	431
toilet	431
treaty	431
triple	431
unlikely	431
updates	431
vietnam	431
viewed	431
affair	430
agenda	430
bat	430
bow	430
calendar	430
cape	430
collective	430
conversations	430
cooperation	430
craft	430
darkness	430
deeper	430
devil	430
edit	430
enable	430
equity	430
estimates	430
failing	430
finishing	430
fortune	430
gates	430
goodbye	430
graham	430
hardware	430
hillary	430
hurts	430
intellectual	430
invite	430
involvement	430
kentucky	430
madrid	430
mi	430
nuts	430
oregon	430
partly	430
petition	430
phrase	430
physically	430
protecting	430
racial	430
rated	430
regime	430
rivers	430
rounds	430
ruled	430
sa	430
sauce	430
seal	430
separated	430
shield	430
similarly	430
slide	430
stem	430
summit	430
talented	430
throat	430
tiger	430
touched	430
toy	430
visits	430
warriors	430
wisdom	430
accounting	429
alien	429
attacking	429
awkward	429
beast	429
beef	429
candy	429
carrier	429
celebration	429
celebrity	429
certificate	429
cited	429
clay	429
coaching	429
colleagues	429
constructed	429
dated	429
dec	429
default	429
delhi	429
derived	429
dialogue	429
disabled	429
distinct	429
drag	429
educated	429
eligible	429
estimate	429
execution	429
existed	429
fifty	429
followers	429
fool	429
framework	429
franchise	429
funded	429
furniture	429
generations	429
guaranteed	429
integrated	429
intelligent	429
interaction	429
jet	429
journalists	429
lifestyle	429
lighting	429
lisa	429
loop	429
mall	429
mp	429
overseas	429
performances	429
philippines	429
polish	429
recommendations	429
recover	429
regarded	429
relax	429
reliable	429
rely	429
remarkable	429
responses	429
ruling	429
sacrifice	429
se	429
sole	429
stopping	429
strategies	429
succeed	429
tables	429
tale	429
targets	429
timing	429
ton	429
volunteers	429
witnesses	429
wore	429
worship	429
worthy	429
acted	428
alarm	428
bass	428
bloody	428
breathing	428
butt	428
characteristics	428
cnn	428
collaboration	428
con	428
consideration	428
counts	428
creates	428
crucial	428
daughters	428
dependent	428
discussions	428
drives	428
dual	428
edinburgh	428
equipped	428
expanded	428
experimental	428
feeding	428
filter	428
galaxy	428
globe	428
grades	428
greece	428
gulf	428
highlights	428
hoped	428
intent	428
involve	428
judgment	428
kennedy	428
knight	428
larry	428
las	428
lmao	428
logo	428
malaysia	428
mature	428
moore	428
nazi	428
netherlands	428
odds	428
peaceful	428
philip	428
photographer	428
pin	428
prevention	428
printing	428
promoting	428
publicly	428
pump	428
repeated	428
replied	428
requests	428
revenge	428
satisfied	428
seeds	428
signals	428
slip	428
spaces	428
spare	428
specialist	428
stocks	428
stranger	428
submit	428
surprising	428
tap	428
thompson	428
threats	428
tourism	428
turkish	428
volunteer	428
acceptable	427
allies	427
attempting	427
auction	427
bonds	427
challenging	427
chaos	427
churches	427
cleveland	427
cm	427
composed	427
concentration	427
copper	427
corp	427
corps	427
counting	427
credits	427
dawn	427
dispute	427
earnings	427
editing	427
everyone's	427
executed	427
firing	427
fits	427
frequent	427
gardens	427
gathered	427
hilarious	427
huh	427
ignored	427
improvements	427
investments	427
isis	427
margin	427
mars	427
maryland	427
mechanism	427
moderate	427
murray	427
oklahoma	427
opera	427
overcome	427
parallel	427
passage	427
pit	427
psychological	427
publications	427
quest	427
radiation	427
shocked	427
sized	427
stroke	427
stunning	427
tanks	427
tokyo	427
topics	427
trains	427
traveling	427
treating	427
tune	427
utility	427
vessel	427
weed	427
wherever	427
acquisition	426
addressed	426
alabama	426
alice	426
angels	426
anime	426
announce	426
autumn	426
backed	426
barry	426
bold	426
borders	426
breathe	426
cameron	426
choosing	426
classical	426
classified	426
clip	426
coaches	426
coins	426
concepts	426
conspiracy	426
controversy	426
convince	426
cooper	426
disappeared	426
eh	426
encounter	426
equality	426
exam	426
examination	426
fails	426
father's	426
federation	426
fi	426
fiscal	426
guardian	426
hd	426
homeless	426
instrument	426
intervention	426
jerry	426
lover	426
mainstream	426
menu	426
missouri	426
mounted	426
mutual	426
nope	426
occasions	426
offense	426
oral	426
panic	426
pays	426
peoples	426
pursue	426
realise	426
refugees	426
removing	426
requirement	426
responded	426
rip	426
ruined	426
scope	426
segment	426
spectrum	426
stays	426
ted	426
terror	426
uh	426
va	426
venture	426
virtually	426
waited	426
warren	426
worn	426
yea	426
ac	425
accompanied	425
adams	425
aids	425
aimed	425
alpha	425
approaches	425
arguing	425
arrangement	425
beliefs	425
boats	425
boundaries	425
brick	425
brooklyn	425
colleges	425
considerable	425
conventional	425
danny	425
des	425
designated	425
dvd	425
emperor	425
employers	425
enormous	425
errors	425
focusing	425
forgive	425
gains	425
garage	425
gathering	425
guidelines	425
handled	425
hosted	425
indians	425
indonesia	425
inquiry	425
inspector	425
jumped	425
khan	425
li	425
lion	425
loaded	425
lonely	425
maintaining	425
measured	425
mercy	425
nevertheless	425
newspapers	425
outer	425
oxygen	425
pipe	425
pissed	425
poem	425
powder	425
powered	425
promises	425
quotes	425
racism	425
ratings	425
reads	425
recovered	425
refers	425
roy	425
rude	425
screw	425
seventh	425
shelter	425
signature	425
sooner	425
spider	425
stewart	425
strikes	425
suggesting	425
suits	425
toys	425
tracking	425
tribute	425
trigger	425
vary	425
venue	425
wages	425
wells	425
wheels	425
ye	425
abc	424
abortion	424
accuracy	424
albert	424
applying	424
artificial	424
belongs	424
beneath	424
bitcoin	424
bullet	424
burns	424
carl	424
celebrated	424
consistently	424
conversion	424
copyright	424
counties	424
democrat	424
deposit	424
destination	424
dirt	424
diverse	424
divine	424
emails	424
er	424
exclusively	424
export	424
fastest	424
formerly	424
functional	424
gather	424
grandfather	424
habit	424
harvard	424
indicates	424
isolated	424
jealous	424
knocked	424
landed	424
laughed	424
laura	424
lazy	424
mama	424
marshall	424
mitchell	424
modified	424
municipal	424
naval	424
neighbors	424
nelson	424
neutral	424
noble	424
oldest	424
pat	424
picks	424
poland	424
popularity	424
professionals	424
pussy	424
reactions	424
relate	424
robot	424
sacred	424
securities	424
shoe	424
speakers	424
springs	424
spy	424
steven	424
suggestions	424
supplied	424
susan	424
suspension	424
terrorism	424
terry	424
toxic	424
treasury	424
tunnel	424
unions	424
upgrade	424
warrant	424
wider	424
wound	424
aaron	423
actively	423
afghanistan	423
ai	423
applies	423
arrangements	423
asset	423
assuming	423
backing	423
baker	423
barcelona	423
blessed	423
brazilian	423
brush	423
burden	423
campbell	423
carries	423
casual	423
certified	423
charter	423
chef	423
city's	423
civilian	423
coalition	423
cock	423
complain	423
complaints	423
controversial	423
denver	423
describing	423
differently	423
directions	423
discipline	423
discussing	423
disgusting	423
dj	423
dominant	423
earning	423
emma	423
essay	423
expense	423
explaining	423
furthermore	423
graphic	423
greg	423
healing	423
hiring	423
hosts	423
implemented	423
instantly	423
invasion	423
jacob	423
jumping	423
laptop	423
legendary	423
leo	423
maker	423
margaret	423
mario	423
opponents	423
outdoor	423
palm	423
parker	423
photograph	423
pole	423
pub	423
quarters	423
queensland	423
rangers	423
ranks	423
reception	423
recipe	423
regulatory	423
reviewed	423
rolls	423
rubber	423
secured	423
serial	423
settings	423
shed	423
snake	423
sponsored	423
stealing	423
strict	423
subsequently	423
substance	423
suggestion	423
switzerland	423
syndrome	423
tasks	423
trips	423
ultra	423
unexpected	423
usage	423
utah	423
worlds	423
accidentally	422
affordable	422
amateur	422
appeals	422
argentina	422
baltimore	422
batman	422
bearing	422
beats	422
bin	422
biology	422
bobby	422
briefly	422
canal	422
cancelled	422
charlotte	422
cheaper	422
christopher	422
climb	422
com	422
competing	422
completion	422
cruise	422
custody	422
delete	422
demonstrated	422
departure	422
developers	422
developments	422
dig	422
eagles	422
employer	422
evans	422
explosion	422
fever	422
fluid	422
folk	422
generate	422
gop	422
handsome	422
ho	422
holidays	422
hotels	422
imagination	422
integration	422
integrity	422
interpretation	422
leaf	422
legitimate	422
lightning	422
loads	422
longest	422
magical	422
mills	422
motivation	422
nasty	422
oliver	422
outfit	422
pension	422
permit	422
perry	422
plates	422
pleasant	422
portrait	422
productive	422
reminds	422
reserves	422
ron	422
safely	422
shirts	422
shorter	422
slight	422
socialist	422
streaming	422
sue	422
targeted	422
tension	422
thailand	422
theories	422
touching	422
transactions	422
twist	422
ugh	422
unemployment	422
unity	422
useless	422
viewers	422
winds	422
woke	422
wtf	422
abilities	421
advocate	421
aims	421
arc	421
backup	421
beaten	421
bitter	421
blown	421
branches	421
campaigns	421
chips	421
cia	421
clever	421
clinic	421
closest	421
collections	421
continuous	421
converted	421
correctly	421
creator	421
creatures	421
criteria	421
declined	421
detective	421
difficulties	421
disability	421
dish	421
douglas	421
du	421
duck	421
egyptian	421
ep	421
evaluation	421
excess	421
farming	421
fence	421
fifa	421
fighters	421
flights	421
forcing	421
forming	421
franklin	421
fred	421
gradually	421
gravity	421
habits	421
hawaii	421
highlight	421
holder	421
hood	421
hung	421
identical	421
imperial	421
investigations	421
jose	421
ken	421
legally	421
lied	421
listened	421
males	421
manufacturer	421
meters	421
nail	421
nasa	421
negotiations	421
nonsense	421
ontario	421
operational	421
orleans	421
owns	421
phoenix	421
playoffs	421
poet	421
quoted	421
relating	421
repeatedly	421
robinson	421
rolled	421
scientist	421
sink	421
skip	421
slavery	421
snap	421
sorts	421
souls	421
stole	421
swedish	421
swim	421
swiss	421
tennessee	421
transaction	421
transformation	421
veteran	421
vulnerable	421
wealthy	421
additionally	420
amy	420
attract	420
barbara	420
beta	420
blowing	420
bored	420
bronze	420
bug	420
caring	420
catching	420
cave	420
cheating	420
chronic	420
cleared	420
communicate	420
convicted	420
cultures	420
dealt	420
delayed	420
demonstrate	420
departments	420
depend	420
developer	420
diagnosis	420
dismissed	420
distinguished	420
dose	420
eighth	420
experiments	420
fa	420
flesh	420
flip	420
forty	420
generous	420
germans	420
hated	420
hr	420
implement	420
incorporated	420
influenced	420
jerusalem	420
kidding	420
laser	420
loyal	420
marijuana	420
md	420
mentally	420
missions	420
occupation	420
opponent	420
paintings	420
patch	420
patience	420
pic	420
pointing	420
pollution	420
precisely	420
prisoner	420
privilege	420
proposals	420
protests	420
punk	420
radar	420
regards	420
relatives	420
resist	420
solely	420
stepped	420
striking	420
terrorists	420
th	420
tourist	420
transit	420
trucks	420
trusted	420
vessels	420
villa	420
volumes	420
websites	420
wireless	420
wondered	420
wrap	420
wright	420
yoga	420
adopt	419
airlines	419
alaska	419
albums	419
america's	419
anytime	419
bacteria	419
beings	419
beside	419
blade	419
boot	419
bottles	419
bucks	419
bulk	419
camps	419
cargo	419
census	419
christianity	419
coastal	419
coin	419
colored	419
commentary	419
confusion	419
congressional	419
corn	419
cried	419
customs	419
dealer	419
deemed	419
destiny	419
distant	419
electronics	419
emerging	419
emotion	419
emphasis	419
ethics	419
excitement	419
exploration	419
fights	419
filling	419
filming	419
glasgow	419
graphics	419
helen	419
humor	419
insight	419
invested	419
it'd	419
jennifer	419
lit	419
louisiana	419
mar	419
marie	419
meals	419
mississippi	419
nerve	419
netflix	419
nightmare	419
operators	419
overnight	419
partially	419
participating	419
pie	419
platforms	419
populations	419
poster	419
pr	419
practically	419
preserve	419
produces	419
qualify	419
raid	419
ram	419
ranging	419
ranking	419
receives	419
respective	419
restricted	419
routes	419
samuel	419
sandy	419
scenario	419
sheep	419
situated	419
slaves	419
sony	419
spotted	419
spreading	419
stanley	419
sustainable	419
sustained	419
taxi	419
themes	419
threatening	419
tobacco	419
trace	419
trapped	419
turner	419
uncomfortable	419
wasted	419
weakness	419
widespread	419
xbox	419
accepting	418
accessible	418
acknowledge	418
advised	418
advisory	418
animation	418
assignment	418
balanced	418
bare	418
basement	418
bases	418
battles	418
bias	418
birmingham	418
bits	418
cancel	418
carpet	418
ceiling	418
cherry	418
chill	418
classification	418
clue	418
codes	418
cole	418
collapse	418
collecting	418
compound	418
conscious	418
consecutive	418
contents	418
costume	418
craig	418
deleted	418
devoted	418
didnt	418
displayed	418
dominated	418
earl	418
endless	418
escaped	418
examine	418
floating	418
garbage	418
gospel	418
grain	418
grid	418
grows	418
heating	418
identification	418
knees	418
lap	418
lions	418
liver	418
metro	418
metropolitan	418
mines	418
mixture	418
nominated	418
oak	418
parliamentary	418
patent	418
perception	418
physician	418
portland	418
proceed	418
proceedings	418
pupils	418
reserved	418
restore	418
rifle	418
rival	418
rs	418
runner	418
sadly	418
sc	418
she'd	418
she'll	418
shoulders	418
significance	418
sits	418
sizes	418
slept	418
soap	418
spray	418
stored	418
stressed	418
structural	418
suite	418
tbh	418
tropical	418
ukrainian	418
unnecessary	418
verse	418
victor	418
vintage	418
warned	418
watson	418
acres	417
adapted	417
adoption	417
anonymous	417
antonio	417
approaching	417
artistic	417
attendance	417
aviation	417
barrel	417
beds	417
beloved	417
bless	417
boxing	417
celebrating	417
charging	417
chemicals	417
chuck	417
cinema	417
colonial	417
comics	417
compliance	417
contrary	417
controlling	417
corporations	417
couch	417
country's	417
crush	417
dam	417
decrease	417
defeated	417
diabetes	417
dressing	417
expanding	417
fears	417
fires	417
genre	417
gentle	417
grammar	417
hiv	417
idk	417
illustrated	417
invented	417
jake	417
jam	417
jamie	417
jessica	417
keith	417
kent	417
layers	417
lease	417
lens	417
licensed	417
loyalty	417
madison	417
magnetic	417
metres	417
monsters	417
mysterious	417
notion	417
partial	417
piss	417
placing	417
propaganda	417
rat	417
reflection	417
reminded	417
resolve	417
revolutionary	417
scandal	417
shine	417
si	417
simultaneously	417
substitute	417
surveillance	417
tactics	417
testimony	417
thai	417
treasure	417
trophy	417
tweet	417
tyler	417
underlying	417
unfair	417
villages	417
von	417
wa	417
acceptance	416
accidents	416
affects	416
annually	416
apologize	416
appreciated	416
approached	416
arriving	416
ash	416
aunt	416
benjamin	416
blake	416
bubble	416
buyers	416
casino	416
charts	416
clouds	416
connecting	416
counsel	416
creature	416
deadly	416
decides	416
der	416
desired	416
determination	416
embrace	416
emerged	416
exhibit	416
flew	416
gentleman	416
gm	416
halloween	416
hammer	416
hitler	416
hosting	416
icon	416
imposed	416
indigenous	416
infinite	416
installation	416
inter	416
interactions	416
introducing	416
iranian	416
kicking	416
laying	416
legislature	416
liability	416
maine	416
makers	416
manhattan	416
marathon	416
marvel	416
michelle	416
moreover	416
mps	416
neil	416
organisations	416
ours	416
parade	416
paradise	416
perceived	416
pics	416
planes	416
politician	416
preliminary	416
premiere	416
presidency	416
reaches	416
react	416
realistic	416
remarks	416
retain	416
roberts	416
rocky	416
russians	416
saints	416
satisfaction	416
scratch	416
shade	416
sheets	416
sheriff	416
shy	416
sometime	416
spirits	416
sporting	416
strictly	416
sunshine	416
teens	416
thou	416
tier	416
tommy	416
travelling	416
vancouver	416
vocal	416
warrior	416
woman's	416
worries	416
yield	416
accomplished	415
admission	415
adventures	415
aka	415
appearing	415
bacon	415
barrier	415
belgium	415
believing	415
blacks	415
bombs	415
burst	415
caps	415
casting	415
cattle	415
cc	415
classroom	415
collins	415
colours	415
compromise	415
convenient	415
costa	415
criminals	415
crop	415
earthquake	415
elderly	415
eliminate	415
embarrassing	415
farmer	415
finest	415
grants	415
harbor	415
harvey	415
hates	415
incidents	415
inform	415
ion	415
jeremy	415
lesbian	415
lovers	415
lt	415
mathematics	415
medication	415
minded	415
morris	415
norway	415
par	415
podcast	415
portfolio	415
productivity	415
promoted	415
protocol	415
quietly	415
rachel	415
replacing	415
responsibilities	415
salad	415
scholarship	415
screening	415
sends	415
smiling	415
soup	415
southeast	415
stake	415
stating	415
strain	415
suspected	415
swift	415
tackle	415
tigers	415
timeline	415
torture	415
traded	415
translated	415
tricks	415
twins	415
urgent	415
vegetables	415
vertical	415
violation	415
wallet	415
welsh	415
workshop	415
wrapped	415
aboard	414
abstract	414
accent	414
addiction	414
associates	414
awake	414
beam	414
beans	414
binding	414
blank	414
buffalo	414
cbs	414
commons	414
conservatives	414
contacts	414
conviction	414
corrupt	414
cow	414
curve	414
depressed	414
deserved	414
dining	414
disorders	414
duration	414
eddie	414
emily	414
encouraging	414
farms	414
fifteen	414
flows	414
ga	414
genes	414
graduated	414
grandmother	414
harsh	414
heights	414
horn	414
hurry	414
immune	414
inflation	414
ingredients	414
inspection	414
install	414
instruction	414
intensity	414
inventory	414
investigated	414
invitation	414
judicial	414
justify	414
kyle	414
lakes	414
lean	414
lecture	414
libraries	414
logical	414
mason	414
meaningful	414
migration	414
missile	414
motivated	414
muscles	414
nancy	414
norman	414
northwest	414
nurses	414
organ	414
patrol	414
pearl	414
peer	414
pepper	414
pig	414
pile	414
plug	414
provision	414
releasing	414
requiring	414
revised	414
rod	414
scream	414
stairs	414
staring	414
statistical	414
sticks	414
strangers	414
succeeded	414
sweat	414
switched	414
syrian	414
tattoo	414
teenage	414
thunder	414
tours	414
tragedy	414
trauma	414
vincent	414
wrestling	414
zoo	414
accordance	413
acquire	413
activist	413
activists	413
addresses	413
alike	413
applicable	413
arrow	413
availability	413
aw	413
ba	413
bend	413
boundary	413
breach	413
cabin	413
cage	413
chancellor	413
cheers	413
circles	413
closet	413
combine	413
companion	413
comparing	413
consciousness	413
consultant	413
controller	413
corresponding	413
courtesy	413
cuba	413
damages	413
demanding	413
disc	413
dishes	413
dozens	413
eagle	413
eaten	413
embassy	413
engaging	413
fascinating	413
financing	413
fitted	413
flexible	413
gaining	413
gentlemen	413
goodness	413
guilt	413
haven	413
helicopter	413
homework	413
households	413
hp	413
iconic	413
infected	413
keen	413
kenya	413
lesser	413
liberals	413
lip	413
mandatory	413
manufactured	413
mechanics	413
mere	413
miracle	413
mt	413
mud	413
murphy	413
nathan	413
observation	413
operates	413
owe	413
permitted	413
phenomenon	413
pittsburgh	413
playoff	413
precise	413
profession	413
prospect	413
protective	413
providers	413
publisher	413
putin	413
reportedly	413
retreat	413
rookie	413
sandwich	413
seeks	413
sentences	413
separation	413
sexually	413
ski	413
skilled	413
sterling	413
stuart	413
surgeon	413
theft	413
um	413
understands	413
valve	413
visa	413
washing	413
adjacent	412
agreements	412
appreciation	412
arabia	412
athletic	412
authorized	412
banner	412
beijing	412
blew	412
blocking	412
brad	412
caribbean	412
charm	412
chasing	412
climbing	412
colony	412
complaining	412
cookies	412
cruel	412
curriculum	412
deadline	412
deer	412
delta	412
demanded	412
dive	412
divide	412
easter	412
electoral	412
eleven	412
entity	412
excessive	412
exercises	412
feminist	412
governing	412
ham	412
heal	412
interface	412
ios	412
jewelry	412
journalism	412
juan	412
julia	412
jungle	412
linear	412
mg	412
occasional	412
oriented	412
pete	412
pilots	412
prayers	412
predicted	412
pressed	412
preventing	412
prof	412
provisions	412
pursuit	412
rap	412
reflected	412
reminder	412
restored	412
resume	412
rev	412
richmond	412
ridge	412
samsung	412
scholars	412
sealed	412
sounded	412
sri	412
streams	412
strongest	412
tends	412
tribe	412
unfortunate	412
variable	412
victorian	412
worrying	412
xi	412
zones	412
ace	411
adjusted	411
alternate	411
arrives	411
artwork	411
ashley	411
athlete	411
attraction	411
babe	411
bankruptcy	411
canon	411
capabilities	411
cared	411
catherine	411
chains	411
closure	411
cognitive	411
competitors	411
connecticut	411
convert	411
cooked	411
ct	411
cups	411
deciding	411
defender	411
dental	411
diplomatic	411
divisions	411
drum	411
editorial	411
enabled	411
entertaining	411
est	411
establishing	411
eternal	411
freeze	411
generic	411
grandma	411
grip	411
handful	411
happily	411
harmony	411
hmm	411
humble	411
hurting	411
hybrid	411
intentions	411
investing	411
keyboard	411
lasting	411
locally	411
loses	411
mild	411
minimal	411
mixing	411
molecular	411
nearest	411
neighbor	411
noon	411
nowadays	411
openly	411
overview	411
pairs	411
palestinian	411
parish	411
pathetic	411
poems	411
possibilities	411
potato	411
potter	411
preference	411
promising	411
proportion	411
purchases	411
rage	411
rd	411
reflects	411
respected	411
restoration	411
selfish	411
sergeant	411
silk	411
stamp	411
throne	411
thy	411
urge	411
voter	411
warner	411
wasting	411
witch	411
advantages	410
ally	410
archives	410
array	410
assisted	410
backs	410
belly	410
booth	410
breakdown	410
bridges	410
brutal	410
calculated	410
cam	410
centres	410
chapters	410
citizenship	410
civilians	410
cliff	410
conflicts	410
consensus	410
cycling	410
declaration	410
dennis	410
derby	410
distinction	410
donations	410
dragons	410
draws	410
examined	410
facial	410
faithful	410
fatal	410
fig	410
fitting	410
genuinely	410
hardest	410
holland	410
honored	410
hunger	410
hurricane	410
implications	410
import	410
innovative	410
ipad	410
jurisdiction	410
laughter	410
lemon	410
les	410
lifted	410
loading	410
lung	410
matching	410
mighty	410
monetary	410
novels	410
nutrition	410
ore	410
os	410
outcomes	410
outta	410
pine	410
polls	410
poorly	410
portugal	410
pose	410
pour	410
proteins	410
provider	410
publish	410
purely	410
ralph	410
rental	410
resolved	410
rewards	410
sang	410
seemingly	410
senators	410
severely	410
shark	410
shocking	410
southwest	410
ss	410
studios	410
survivors	410
tales	410
technically	410
titled	410
traditions	410
unlimited	410
washed	410
watches	410
advise	409
anxious	409
appearances	409
bee	409
bombing	409
cafe	409
carlos	409
challenged	409
cigarettes	409
colin	409
consisting	409
cult	409
dairy	409
dakota	409
darling	409
delighted	409
delivering	409
destroying	409
diary	409
disagree	409
disappear	409
drill	409
earliest	409
edges	409
entries	409
euro	409
evolved	409
exports	409
fixing	409
fl	409
flags	409
flies	409
forecast	409
fr	409
governance	409
heated	409
hug	409
importantly	409
indicating	409
indoor	409
influential	409
intend	409
invisible	409
jeans	409
jets	409
julie	409
karen	409
lasted	409
lawsuit	409
leak	409
lighter	409
lucas	409
marcus	409
mentions	409
meter	409
mice	409
musicians	409
olive	409
passionate	409
potatoes	409
prevented	409
receiver	409
recommendation	409
riot	409
rogers	409
roster	409
safer	409
sells	409
sentenced	409
servant	409
setup	409
should've	409
skull	409
slot	409
smash	409
statue	409
surprisingly	409
surrender	409
suspicious	409
team's	409
teenager	409
tender	409
thoroughly	409
todd	409
treatments	409
tweeted	409
vacuum	409
variations	409
vi	409
where's	409
wi	409
wont	409
acknowledged	408
advances	408
agrees	408
allegations	408
anticipated	408
approve	408
architect	408
basin	408
beneficial	408
bleeding	408
breed	408
breeding	408
bride	408
broadway	408
bros	408
bud	408
butler	408
careers	408
cartoon	408
celebrities	408
chick	408
coke	408
comparable	408
confirmation	408
console	408
contractor	408
contributing	408
diameter	408
dubai	408
dublin	408
dump	408
duo	408
dynamics	408
elephant	408
enhanced	408
essays	408
exhausted	408
fabric	408
fabulous	408
fairy	408
fathers	408
focuses	408
fold	408
freak	408
frustrated	408
gambling	408
gently	408
glorious	408
grief	408
harrison	408
historically	408
hub	408
hughes	408
inevitable	408
investigating	408
kg	408
labels	408
lacking	408
laughs	408
layout	408
lined	408
lodge	408
lords	408
merchant	408
merit	408
micro	408
myth	408
nintendo	408
objectives	408
obsessed	408
organised	408
overwhelming	408
pale	408
particles	408
pastor	408
penalties	408
permanently	408
pets	408
pockets	408
poison	408
predict	408
presenting	408
presidents	408
pressing	408
prints	408
provincial	408
raped	408
realised	408
rebel	408
repairs	408
rotation	408
separately	408
shaking	408
shaw	408
societies	408
solved	408
starring	408
struggles	408
subtle	408
tastes	408
throws	408
toll	408
tooth	408
torn	408
tragic	408
trainer	408
transformed	408
unbelievable	408
underneath	408
variation	408
viewing	408
viral	408
warehouse	408
wears	408
widow	408
wives	408
adjust	407
administrator	407
affecting	407
allied	407
altogether	407
animated	407
answering	407
assess	407
assumption	407
assured	407
austria	407
avoided	407
avoiding	407
basket	407
beard	407
bio	407
blanket	407
brains	407
bucket	407
burger	407
capability	407
charming	407
chiefs	407
commented	407
computing	407
concentrate	407
conducting	407
consequence	407
continent	407
cookie	407
cruz	407
curse	407
displays	407
drain	407
emissions	407
ethical	407
excellence	407
flame	407
forests	407
freely	407
fruits	407
grabbed	407
graduation	407
hint	407
horizon	407
hostile	407
imagined	407
inhabitants	407
ink	407
inn	407
intel	407
kicks	407
legends	407
lo	407
lucy	407
magazines	407
matrix	407
measuring	407
miserable	407
momentum	407
monkey	407
montreal	407
motorcycle	407
nationwide	407
nest	407
newcastle	407
nicely	407
ninth	407
nomination	407
notable	407
obligation	407
optical	407
outlook	407
penny	407
petty	407
phd	407
ports	407
preserved	407
programmes	407
prospects	407
publishers	407
quantity	407
quantum	407
rainbow	407
rebels	407
recognised	407
reed	407
reign	407
responding	407
retained	407
rises	407
saves	407
scan	407
scare	407
sectors	407
shorts	407
span	407
specialized	407
spencer	407
submission	407
sunny	407
supporter	407
te	407
testament	407
toe	407
tops	407
tremendous	407
valued	407
wounds	407
ab	406
accommodation	406
achievements	406
addressing	406
adorable	406
allegedly	406
ambulance	406
ar	406
ashamed	406
assure	406
bailey	406
ballot	406
batteries	406
blessing	406
btw	406
cemetery	406
chambers	406
cheat	406
cheer	406
chile	406
cigarette	406
compact	406
completing	406
consulting	406
cooling	406
corners	406
could've	406
deficit	406
demo	406
demon	406
demonstration	406
detected	406
detection	406
doll	406
donated	406
elaborate	406
elder	406
encountered	406
expertise	406
exploring	406
fc	406
fiber	406
filmed	406
fried	406
grocery	406
guided	406
guinea	406
halfway	406
happier	406
heels	406
holmes	406
hull	406
independently	406
indication	406
insisted	406
instances	406
intensive	406
interactive	406
intimate	406
laundry	406
lbs	406
lifting	406
linda	406
martial	406
nigerian	406
northeast	406
observe	406
packing	406
panels	406
password	406
pokemon	406
politically	406
presumably	406
pretending	406
priorities	406
pronounced	406
prosecution	406
proves	406
pulse	406
purchasing	406
qualities	406
queens	406
rational	406
realm	406
reforms	406
revenues	406
rides	406
ripped	406
rope	406
shadows	406
shout	406
sierra	406
smartphone	406
specified	406
spectacular	406
stan	406
streak	406
subscription	406
switching	406
technological	406
temporarily	406
tolerance	406
tourists	406
traditionally	406
traveled	406
treats	406
unhappy	406
whites	406
yup	406
accomplish	405
adequate	405
alter	405
apology	405
arkansas	405
attributed	405
beg	405
belonging	405
booked	405
bout	405
bowling	405
brass	405
buzz	405
clarke	405
comeback	405
cos	405
crops	405
declare	405
designers	405
detect	405
diagnosed	405
diesel	405
dimensions	405
dip	405
disturbing	405
doesnt	405
dot	405
dresses	405
dylan	405
effectiveness	405
eliminated	405
ellen	405
embarrassed	405
exceptional	405
filing	405
fled	405
foul	405
frankly	405
freezing	405
graph	405
hack	405
hannah	405
hatred	405
ignorant	405
influences	405
interact	405
judging	405
knights	405
lamp	405
limitations	405
majesty	405
measurement	405
measurements	405
median	405
medieval	405
milan	405
mobility	405
montana	405
murders	405
nc	405
ne	405
nyc	405
omg	405
orientation	405
oven	405
owen	405
passport	405
penis	405
pills	405
planets	405
proceeds	405
rabbit	405
raises	405
ranges	405
rats	405
retire	405
rhythm	405
ruth	405
savage	405
servers	405
shook	405
shooter	405
siblings	405
slim	405
someday	405
sophisticated	405
spam	405
speeds	405
stack	405
stance	405
state's	405
static	405
subway	405
supportive	405
surgical	405
symbols	405
tablet	405
tent	405
thesis	405
tide	405
travels	405
wallace	405
warfare	405
warming	405
week's	405
weekends	405
withdraw	405
withdrawal	405
youngest	405
aging	404
airline	404
alternatives	404
anyways	404
argues	404
audit	404
authentic	404
ave	404
backwards	404
bi	404
blonde	404
blows	404
bolt	404
brooks	404
bugs	404
bust	404
clearing	404
clips	404
collar	404
columbus	404
comply	404
cope	404
counted	404
crashed	404
creepy	404
cum	404
denmark	404
divorced	404
donate	404
drawings	404
dried	404
ebay	404
echo	404
editors	404
edwards	404
emotionally	404
enhance	404
experiencing	404
extending	404
finale	404
flavor	404
floors	404
freaking	404
gloves	404
harper	404
hart	404
ignorance	404
ignoring	404
immigrant	404
induced	404
inspiring	404
intermediate	404
invention	404
ip	404
jesse	404
joins	404
joking	404
lgbt	404
likewise	404
lineup	404
logan	404
magnificent	404
mathematical	404
meantime	404
nails	404
nevada	404
newest	404
nonetheless	404
nut	404
o'clock	404
opposing	404
origins	404
orlando	404
person's	404
physicians	404
pipeline	404
placement	404
planted	404
pricing	404
pt	404
puerto	404
questioning	404
recreation	404
renewed	404
resigned	404
rt	404
shallow	404
shanghai	404
shitty	404
singh	404
sins	404
sketch	404
smells	404
soda	404
spite	404
sponsor	404
strengthen	404
strings	404
sunset	404
taiwan	404
thanksgiving	404
thee	404
thermal	404
trades	404
transform	404
witnessed	404
workplace	404
yelling	404
yorkshire	404
achieving	403
aliens	403
amsterdam	403
analyst	403
arabic	403
arctic	403
assists	403
bennett	403
bristol	403
burnt	403
buyer	403
calories	403
cannabis	403
cease	403
championships	403
chapel	403
cloth	403
conferences	403
considers	403
container	403
cowboys	403
crushed	403
deployed	403
differ	403
dimensional	403
eager	403
elect	403
elevated	403
essence	403
executives	403
family's	403
flames	403
fork	403
fur	403
gps	403
harold	403
harvest	403
headline	403
hudson	403
hype	403
identifying	403
impacts	403
insist	403
jo	403
junk	403
kenny	403
kidney	403
king's	403
ladder	403
lloyd	403
lobby	403
marc	403
mechanisms	403
mineral	403
mob	403
modest	403
motors	403
mph	403
navigation	403
nicholas	403
orbit	403
paragraph	403
passive	403
peninsula	403
phillips	403
pill	403
pork	403
portuguese	403
profitable	403
provinces	403
ranch	403
rays	403
reasonably	403
reject	403
remainder	403
schemes	403
screens	403
seized	403
semester	403
sentiment	403
servants	403
shipped	403
socks	403
sp	403
sr	403
suited	403
supplement	403
surviving	403
thereby	403
threshold	403
til	403
tin	403
tires	403
tribal	403
tribes	403
trunk	403
uncertainty	403
vampire	403
varied	403
verdict	403
abandon	402
accommodate	402
accordingly	402
aesthetic	402
algorithm	402
altered	402
anchor	402
angela	402
apr	402
arch	402
associations	402
au	402
audiences	402
axis	402
badge	402
bernard	402
bizarre	402
bounce	402
broadcasting	402
bs	402
bullets	402
buses	402
cannon	402
carol	402
carriers	402
chairs	402
cleaned	402
complexity	402
confusing	402
consultation	402
continental	402
convenience	402
deliberately	402
diamonds	402
diana	402
dictionary	402
dignity	402
dimension	402
disappointing	402
diving	402
doug	402
duncan	402
ego	402
enthusiasm	402
environments	402
equation	402
extract	402
favorites	402
ferry	402
fisher	402
flexibility	402
flowing	402
fm	402
fridge	402
functioning	402
fusion	402
gauge	402
goat	402
graduates	402
gut	402
heck	402
helmet	402
holders	402
ideology	402
idiots	402
inclusion	402
initiatives	402
innings	402
insects	402
instructor	402
isolation	402
ive	402
justified	402
keeper	402
lamb	402
liar	402
machinery	402
mansion	402
mega	402
mercury	402
namely	402
nbc	402
needing	402
nerves	402
nhl	402
obama's	402
observations	402
ordering	402
palmer	402
paths	402
peers	402
pending	402
platinum	402
possess	402
praised	402
premises	402
probability	402
ps	402
questioned	402
refuses	402
resignation	402
rider	402
ritual	402
ruins	402
shelf	402
slam	402
stakes	402
starter	402
sticking	402
subscribe	402
superman	402
surfaces	402
ta	402
territories	402
tire	402
tl	402
towers	402
transfers	402
utterly	402
voltage	402
warn	402
width	402
workout	402
aa	401
abu	401
activated	401
adaptation	401
advisor	401
aluminum	401
apartments	401
attitudes	401
attorneys	401
bail	401
barriers	401
belonged	401
bradley	401
brandon	401
broader	401
buck	401
cal	401
caroline	401
characterized	401
civilization	401
congrats	401
contractors	401
creativity	401
dealers	401
delicate	401
den	401
derek	401
desires	401
disappointment	401
disk	401
enters	401
evaluate	401
formally	401
frames	401
goddess	401
gov	401
hampshire	401
harassment	401
hats	401
hugh	401
insert	401
joan	401
lebanon	401
leeds	401
legit	401
leonard	401
liquor	401
loser	401
malcolm	401
massage	401
matched	401
messed	401
milwaukee	401
musician	401
nato	401
nephew	401
notably	401
orchestra	401
oz	401
packages	401
pad	401
pakistani	401
participated	401
precision	401
preservation	401
priests	401
privately	401
prizes	401
pulls	401
qualifying	401
reasoning	401
relaxed	401
reporters	401
roses	401
rumors	401
sail	401
salmon	401
secretly	401
seller	401
sen	401
seo	401
sheer	401
shifts	401
simpson	401
smallest	401
specially	401
stark	401
struggled	401
sympathy	401
tan	401
teenagers	401
theoretical	401
thumb	401
timber	401
transparent	401
travis	401
trump's	401
tweets	401
tx	401
upside	401
urged	401
visitor	401
vitamin	401
void	401
voluntary	401
wheat	401
whip	401
wipe	401
wolves	401
wrist	401
abused	400
acute	400
admiral	400
amanda	400
arnold	400
arrange	400
banana	400
behave	400
betting	400
blair	400
bo	400
borrow	400
camping	400
capitol	400
celtic	400
chan	400
chin	400
civic	400
clerk	400
conclusions	400
considerably	400
contacted	400
cottage	400
coup	400
criticized	400
crude	400
dash	400
decreased	400
defended	400
demons	400
deposits	400
disclosure	400
disposal	400
distinctive	400
documented	400
donation	400
dragged	400
drone	400
else's	400
encounters	400
ensuring	400
enterprises	400
escort	400
exams	400
firmly	400
flour	400
gdp	400
geneva	400
hindu	400
holdings	400
indie	400
indirect	400
inspire	400
institutional	400
interim	400
interviewed	400
java	400
jefferson	400
jerk	400
karl	400
kindly	400
kindness	400
leaked	400
locals	400
lottery	400
louise	400
magnitude	400
mc	400
minus	400
nhs	400
noting	400
nude	400
organs	400
outlet	400
outlets	400
parameters	400
pause	400
pledge	400
portal	400
prescription	400
protesters	400
proving	400
publicity	400
punished	400
puppy	400
recruitment	400
screwed	400
shades	400
shakespeare	400
silicon	400
slice	400
spelling	400
spurs	400
subscribers	400
surveys	400
survivor	400
telegraph	400
tits	400
vaccine	400
vinyl	400
westminster	400
wished	400
wonders	400
accurately	399
adelaide	399
affiliate	399
alfred	399
asylum	399
barn	399
bent	399
bernie	399
brussels	399
cathedral	399
centered	399
child's	399
clause	399
cluster	399
complained	399
compounds	399
consistency	399
cr	399
cracked	399
cylinder	399
dancer	399
deaf	399
debts	399
denial	399
digging	399
dock	399
entrepreneur	399
evident	399
expectation	399
expedition	399
expressing	399
extends	399
facilitate	399
failures	399
feat	399
fossil	399
founding	399
freight	399
generating	399
goddamn	399
guides	399
honesty	399
inappropriate	399
infant	399
initiated	399
injection	399
instrumental	399
insult	399
interference	399
interstate	399
julian	399
launching	399
liking	399
linux	399
luis	399
mates	399
mediterranean	399
nation's	399
neat	399
negotiate	399
neo	399
nicole	399
obligations	399
offset	399
outbreak	399
pal	399
palestine	399
perfection	399
pigs	399
pirates	399
posters	399
practicing	399
praying	399
probe	399
prohibited	399
projected	399
propose	399
quarterly	399
recipes	399
recruiting	399
refusing	399
rehabilitation	399
reid	399
remix	399
resistant	399
reynolds	399
riders	399
robots	399
rockets	399
roller	399
sailing	399
shapes	399
skinny	399
slipped	399
sneak	399
solving	399
sore	399
spark	399
speculation	399
steep	399
stevens	399
straw	399
successor	399
targeting	399
triggered	399
troubles	399
uncertain	399
upload	399
vector	399
violations	399
weigh	399
whatsoever	399
wicked	399
abraham	398
absent	398
acoustic	398
adapt	398
ancestors	398
archive	398
atomic	398
bean	398
bicycle	398
bryan	398
bump	398
buttons	398
cart	398
circus	398
claire	398
cocaine	398
cohen	398
colleague	398
compelling	398
compiled	398
complications	398
construct	398
cord	398
crowded	398
cyber	398
dale	398
debates	398
defendant	398
delays	398
dense	398
desperately	398
doctrine	398
expose	398
financially	398
freshman	398
furious	398
gameplay	398
geography	398
gig	398
government's	398
habitat	398
harbour	398
hazard	398
hydrogen	398
implies	398
intact	398
intake	398
irrelevant	398
jaw	398
jin	398
kitty	398
lauren	398
lawn	398
manufacture	398
martha	398
medals	398
mercedes	398
mistaken	398
moses	398
nashville	398
nebraska	398
needle	398
ol	398
olds	398
organize	398
ottawa	398
oval	398
pity	398
pond	398
porter	398
portions	398
prey	398
prophet	398
raymond	398
recalled	398
reduces	398
referendum	398
refugee	398
regulated	398
rounded	398
ruby	398
rushed	398
sanders	398
satisfy	398
scales	398
seasonal	398
segments	398
sensible	398
sequel	398
shifted	398
shifting	398
shining	398
slower	398
spinning	398
stanford	398
stepping	398
teammates	398
touches	398
township	398
travelled	398
twisted	398
usb	398
vienna	398
wade	398
whale	398
writings	398
admire	397
af	397
amber	397
ankle	397
armor	397
autism	397
bachelor	397
berry	397
billions	397
brady	397
brisbane	397
bulls	397
bullying	397
capitalism	397
caution	397
certification	397
characteristic	397
clan	397
clash	397
columns	397
compatible	397
concerts	397
condemned	397
configuration	397
continuously	397
convincing	397
coupled	397
curiosity	397
delight	397
determining	397
entities	397
exceptions	397
explosive	397
flooding	397
fortunate	397
fortunately	397
foundations	397
frontier	397
frustrating	397
frustration	397
geographic	397
glenn	397
grande	397
grasp	397
handy	397
hardcore	397
harmful	397
headache	397
hers	397
hispanic	397
incentive	397
inclusive	397
infections	397
jackie	397
joel	397
kissing	397
lanes	397
licence	397
lungs	397
madness	397
mandate	397
manga	397
memorable	397
merger	397
minorities	397
nj	397
occurring	397
organizing	397
performs	397
ph	397
po	397
poker	397
portable	397
priced	397
quebec	397
randomly	397
rankings	397
realizing	397
resign	397
revealing	397
rico	397
robbery	397
rub	397
runners	397
sally	397
scattered	397
scout	397
searched	397
sexuality	397
shouting	397
slap	397
steak	397
succession	397
superintendent	397
suspicion	397
sweep	397
tactical	397
talents	397
therapist	397
thereafter	397
thorough	397
tuition	397
tumor	397
usd	397
variables	397
varying	397
wholesale	397
wwe	397
administered	396
affiliated	396
apples	396
architectural	396
artillery	396
assembled	396
bangladesh	396
barack	396
beaches	396
bees	396
boarding	396
bothered	396
canvas	396
canyon	396
casey	396
cheek	396
chen	396
cincinnati	396
circular	396
circulation	396
clearance	396
closes	396
coincidence	396
comedian	396
commands	396
commissioned	396
concentrated	396
conscience	396
cooler	396
countless	396
curry	396
dame	396
deceased	396
dedication	396
defining	396
detention	396
disputes	396
drake	396
employ	396
enforce	396
explicit	396
explicitly	396
eyed	396
florence	396
flu	396
forbidden	396
fraction	396
girl's	396
hes	396
infantry	396
integral	396
investor	396
janet	396
judged	396
katie	396
kidnapped	396
lectures	396
lightly	396
linking	396
maintains	396
marble	396
maritime	396
melt	396
modes	396
monica	396
mumbai	396
nominee	396
oath	396
offence	396
packaging	396
patriots	396
pee	396
pillow	396
pirate	396
polar	396
prediction	396
preview	396
processed	396
pursuing	396
puzzle	396
rapper	396
rebecca	396
reconstruction	396
renowned	396
revelation	396
sara	396
scholar	396
sharks	396
shoots	396
skirt	396
socially	396
spa	396
spike	396
sprint	396
stir	396
stuffed	396
substantially	396
suburbs	396
superb	396
supposedly	396
tab	396
tendency	396
that'll	396
theirs	396
toast	396
toes	396
touchdown	396
traits	396
trek	396
tricky	396
triumph	396
uber	396
underwear	396
unto	396
viable	396
waist	396
welcomed	396
wit	396
wreck	396
absurd	395
accessories	395
adrian	395
advocates	395
ag	395
ambitious	395
amid	395
annoyed	395
appealing	395
appointments	395
assumptions	395
ballet	395
bargain	395
binary	395
blend	395
blogs	395
brake	395
builds	395
businessman	395
cab	395
ch	395
chi	395
col	395
collision	395
colombia	395
compassion	395
consumed	395
corrected	395
correction	395
cough	395
cousins	395
critic	395
czech	395
defenders	395
denying	395
depot	395
distress	395
documentation	395
doubts	395
dramatically	395
drank	395
dudes	395
eats	395
elegant	395
elevator	395
ellis	395
exchanges	395
excuses	395
execute	395
factories	395
feast	395
finland	395
frederick	395
friend's	395
frost	395
goin	395
herald	395
hike	395
hollow	395
homeland	395
how's	395
imported	395
ing	395
internationally	395
iraqi	395
itunes	395
kane	395
kissed	395
lame	395
licensing	395
lily	395
limiting	395
locker	395
mainland	395
marking	395
meditation	395
messenger	395
metals	395
missiles	395
munich	395
norwegian	395
pencil	395
philosophical	395
pierre	395
pipes	395
plasma	395
plea	395
punish	395
purse	395
quarterback	395
reagan	395
ref	395
relieved	395
replies	395
reservation	395
rhetoric	395
rivals	395
rushing	395
salvation	395
sanctions	395
secular	395
sensitivity	395
shane	395
sigh	395
sixteen	395
sovereign	395
specifications	395
spends	395
spouse	395
stat	395
supervisor	395
synthetic	395
teaches	395
tense	395
terrifying	395
toyota	395
tracked	395
traders	395
troy	395
varieties	395
vegan	395
waking	395
walmart	395
wang	395
wilderness	395
admits	394
adviser	394
aggregate	394
anal	394
anatomy	394
annie	394
announces	394
applicants	394
automobile	394
barnes	394
breasts	394
cement	394
chess	394
citing	394
colonies	394
composite	394
consequently	394
consist	394
councils	394
cox	394
curtis	394
decorated	394
delegates	394
dreaming	394
dull	394
enables	394
fare	394
fashioned	394
feared	394
float	394
generator	394
grind	394
grinding	394
grove	394
guessing	394
gum	394
hobby	394
hunters	394
idol	394
illusion	394
incorrect	394
jun	394
junction	394
lance	394
leap	394
locate	394
locks	394
lou	394
lynch	394
manages	394
masses	394
medicare	394
modeling	394
motive	394
nazis	394
neighbourhood	394
networking	394
newer	394
newton	394
oppose	394
optimal	394
other's	394
overtime	394
packs	394
permits	394
playstation	394
pops	394
postal	394
predictions	394
prep	394
president's	394
profound	394
prosecutor	394
rebellion	394
recipient	394
refund	394
remembering	394
rescued	394
risky	394
robust	394
scam	394
sci	394
sep	394
shareholders	394
sided	394
simulation	394
sober	394
spice	394
squeeze	394
storms	394
supervision	394
suspects	394
swap	394
swept	394
terrain	394
terrified	394
themed	394
threaten	394
thrilled	394
towel	394
trio	394
tubes	394
unconscious	394
und	394
varies	394
vegetable	394
verified	394
vibe	394
virtue	394
wifi	394
wishing	394
workforce	394
zombie	394
acre	393
airports	393
alot	393
amen	393
andrews	393
arise	393
ashes	393
automotive	393
battlefield	393
begging	393
berkeley	393
bloom	393
bore	393
bundle	393
butterfly	393
buys	393
casualties	393
catches	393
chad	393
clown	393
committees	393
conjunction	393
costly	393
cows	393
cries	393
cuban	393
cycles	393
darker	393
davies	393
descent	393
desktop	393
dial	393
directory	393
disabilities	393
discharge	393
discusses	393
dodge	393
downs	393
drilling	393
drums	393
elimination	393
enjoys	393
es	393
espn	393
ginger	393
governors	393
guild	393
halt	393
han	393
henderson	393
ibm	393
imaging	393
implied	393
impress	393
inability	393
incoming	393
isaac	393
jar	393
kay	393
lb	393
leicester	393
liam	393
litigation	393
mentor	393
merchandise	393
minerals	393
miners	393
monk	393
neighborhoods	393
ni	393
noah	393
norm	393
obtaining	393
occupy	393
offended	393
orthodox	393
overhead	393
pac	393
painter	393
party's	393
perth	393
pierce	393
pistol	393
printer	393
prone	393
raiders	393
readily	393
reflecting	393
regiment	393
remembers	393
reunion	393
revival	393
sanctuary	393
satan	393
satisfying	393
seas	393
securing	393
sensors	393
seoul	393
shells	393
siege	393
sixty	393
sleeve	393
sonic	393
soundtrack	393
speeches	393
spine	393
steering	393
substances	393
sullivan	393
sustain	393
tenure	393
texture	393
thankful	393
translate	393
treasurer	393
triangle	393
unclear	393
upgraded	393
venezuela	393
venice	393
vladimir	393
wizard	393
yankees	393
absorbed	392
admin	392
affection	392
airplane	392
altitude	392
athens	392
attributes	392
baked	392
baking	392
beautifully	392
betty	392
biblical	392
bmw	392
boo	392
cardiff	392
collapsed	392
coloured	392
competent	392
countryside	392
cracking	392
crane	392
debris	392
delegation	392
demographic	392
descriptions	392
donor	392
easiest	392
educate	392
enabling	392
enrolled	392
enrollment	392
essex	392
exceed	392
excluding	392
expressions	392
fierce	392
forgetting	392
gabriel	392
garlic	392
gaza	392
gratitude	392
hail	392
heroin	392
honda	392
hooked	392
illustration	392
impose	392
indicator	392
inequality	392
ins	392
interpreted	392
jamaica	392
joey	392
joshua	392
journals	392
leisure	392
lend	392
lengths	392
leon	392
lounge	392
luckily	392
manuscript	392
marco	392
marines	392
mint	392
molecules	392
montgomery	392
notification	392
nova	392
oakland	392
outline	392
pasta	392
pi	392
polite	392
productions	392
professors	392
quicker	392
randy	392
receipt	392
recognise	392
reliability	392
researcher	392
retailers	392
reviewing	392
romans	392
runway	392
sculpture	392
senses	392
sensor	392
seth	392
sharon	392
showcase	392
smoked	392
su	392
subsidiary	392
tampa	392
tenth	392
theology	392
topped	392
trails	392
underwater	392
uploaded	392
velocity	392
venues	392
wax	392
wikipedia	392
winston	392
yay	392
yu	392
accountability	391
aerial	391
albeit	391
alcoholic	391
amazed	391
ambition	391
ammunition	391
anthem	391
architects	391
automated	391
bake	391
batch	391
borrowed	391
carson	391
catalog	391
catalogue	391
charitable	391
christine	391
clicking	391
club's	391
collector	391
compliment	391
consisted	391
continually	391
coordinator	391
damaging	391
danish	391
def	391
deployment	391
drafted	391
enjoyable	391
exotic	391
exterior	391
feminine	391
firearms	391
fountain	391
fury	391
gb	391
genocide	391
glance	391
glow	391
hay	391
headlines	391
hebrew	391
hometown	391
humanitarian	391
hungary	391
idaho	391
immunity	391
implementing	391
inherited	391
killers	391
labeled	391
lebron	391
liberation	391
likelihood	391
lone	391
massacre	391
meme	391
mitch	391
mod	391
nationalist	391
nationals	391
necessity	391
nickname	391
nixon	391
observer	391
offshore	391
optional	391
papa	391
parked	391
paste	391
pioneer	391
plaza	391
prescribed	391
pressures	391
prosperity	391
recreational	391
reds	391
refuge	391
religions	391
renewable	391
richardson	391
ricky	391
rode	391
ronald	391
sack	391
settlements	391
sheffield	391
shortage	391
skies	391
smarter	391
smiles	391
sophie	391
sphere	391
sponsors	391
stamps	391
stare	391
suburban	391
sung	391
suppliers	391
tablets	391
terribly	391
territorial	391
thirds	391
thriller	391
toss	391
transgender	391
troubled	391
turtle	391
ur	391
verbal	391
violated	391
vocals	391
wool	391
yang	391
accountable	390
advocacy	390
aftermath	390
aggression	390
analyzed	390
angles	390
arguably	390
armies	390
armstrong	390
assessed	390
attractions	390
balloon	390
beers	390
bells	390
blamed	390
blunt	390
boobs	390
bosses	390
brakes	390
brigade	390
bulgaria	390
burial	390
canceled	390
cardinal	390
champ	390
champagne	390
cheated	390
china's	390
chorus	390
chrome	390
clarity	390
classics	390
cleaner	390
combining	390
conclude	390
confidential	390
coordination	390
cracks	390
cs	390
dancers	390
delaware	390
directing	390
discretion	390
ditch	390
dome	390
dope	390
drought	390
ducks	390
dumped	390
elevation	390
entrepreneurs	390
epa	390
esteem	390
eva	390
explored	390
fe	390
finances	390
finishes	390
fog	390
framed	390
fucks	390
gesture	390
ghana	390
gibson	390
gif	390
gilbert	390
gosh	390
griffin	390
historian	390
horizontal	390
hospitality	390
hostage	390
hottest	390
individually	390
inevitably	390
jeffrey	390
kenneth	390
lad	390
lakers	390
lasts	390
leagues	390
leslie	390
listings	390
literacy	390
marriages	390
mcdonald's	390
migrants	390
mins	390
misleading	390
moisture	390
monument	390
mortality	390
ng	390
notices	390
obsession	390
opt	390
particle	390
peanut	390
penn	390
persistent	390
personalities	390
petroleum	390
pharmaceutical	390
progression	390
quinn	390
ra	390
rack	390
rebuild	390
recordings	390
rejection	390
relaxing	390
reservoir	390
respects	390
riley	390
scrap	390
sebastian	390
sensation	390
shaft	390
shepherd	390
shuttle	390
slope	390
snack	390
sounding	390
specialists	390
spotlight	390
stabbed	390
stern	390
stiff	390
striker	390
sudan	390
sued	390
sums	390
sworn	390
tel	390
terrific	390
theres	390
titans	390
tomatoes	390
tory	390
trafficking	390
transparency	390
trinity	390
unemployed	390
unite	390
unlock	390
vault	390
vet	390
vince	390
wagon	390
walt	390
withdrawn	390
accessed	389
adverse	389
aiming	389
allah	389
alumni	389
ana	389
awhile	389
aye	389
bastard	389
behaviors	389
bikes	389
biography	389
br	389
broker	389
browser	389
bury	389
cellular	389
cocktail	389
cod	389
conditioning	389
consuming	389
contracted	389
costumes	389
counseling	389
crews	389
cubs	389
cuz	389
dangers	389
designing	389
destructive	389
develops	389
dislike	389
doubled	389
doubles	389
economies	389
embedded	389
emerge	389
excluded	389
expects	389
farewell	389
feeds	389
fist	389
fond	389
foolish	389
frog	389
fry	389
garcia	389
gifted	389
hacking	389
hawks	389
heir	389
highlighted	389
holocaust	389
homer	389
hon	389
hopkins	389
imprisonment	389
indonesian	389
irs	389
isnt	389
jenny	389
ji	389
lacks	389
landlord	389
landmark	389
lanka	389
launches	389
leaning	389
liable	389
life's	389
memphis	389
midst	389
misery	389
module	389
mommy	389
monroe	389
mosque	389
moss	389
museums	389
mvp	389
nursery	389
obamacare	389
onion	389
perspectives	389
peru	389
phrases	389
plague	389
plains	389
positively	389
powell	389
prevents	389
profiles	389
pursued	389
raids	389
recruit	389
resting	389
rex	389
rogue	389
roosevelt	389
salaries	389
sd	389
seated	389
sharply	389
showers	389
sincerely	389
sings	389
solidarity	389
specialty	389
supernatural	389
surprises	389
td	389
tens	389
thirteen	389
tomb	389
touring	389
traces	389
trademark	389
trim	389
umbrella	389
utilities	389
voyage	389
weaker	389
willie	389
yields	389
abbey	388
accepts	388
adjustment	388
andrea	388
assignments	388
attachment	388
baron	388
beatles	388
belfast	388
blah	388
blaming	388
bomber	388
bt	388
bunny	388
candle	388
carved	388
choir	388
clutch	388
coconut	388
committing	388
comprising	388
confession	388
consume	388
corridor	388
credibility	388
credited	388
critically	388
dem	388
distracted	388
dm	388
dolphins	388
estates	388
ferguson	388
ferrari	388
filters	388
fools	388
fourteen	388
fu	388
geometry	388
gf	388
ghosts	388
gossip	388
gp	388
grandparents	388
group's	388
haul	388
header	388
headphones	388
highways	388
holly	388
immense	388
imports	388
incentives	388
interfere	388
intersection	388
investigators	388
juvenile	388
karma	388
ki	388
knocking	388
kurt	388
leaks	388
leverage	388
lil	388
lining	388
luther	388
manila	388
mankind	388
mapping	388
masks	388
med	388
metric	388
militia	388
naming	388
ncaa	388
night's	388
nike	388
node	388
obstacles	388
opener	388
overwhelmed	388
performers	388
pg	388
pl	388
pointless	388
poles	388
preferences	388
prompted	388
proximity	388
qualification	388
qualifications	388
ranger	388
rendered	388
rented	388
reversed	388
robbed	388
sadness	388
scenarios	388
selective	388
seniors	388
sf	388
shiny	388
socialism	388
son's	388
sour	388
spoon	388
stressful	388
stretched	388
sucking	388
teddy	388
tenants	388
terrace	388
thief	388
transported	388
tribunal	388
undoubtedly	388
uniforms	388
verify	388
villain	388
whats	388
whistle	388
wife's	388
workshops	388
yale	388
yearly	388
yemen	388
abusive	387
alley	387
announcing	387
appetite	387
backyard	387
beth	387
beverly	387
bids	387
billboard	387
blades	387
boris	387
bully	387
burke	387
cables	387
calculate	387
calculations	387
chicks	387
conceived	387
consult	387
crashes	387
crowds	387
cunt	387
damned	387
dissolved	387
distinguish	387
dominate	387
dynasty	387
economist	387
endorsed	387
europeans	387
examining	387
extensively	387
fda	387
festivals	387
forehead	387
foreigners	387
forgiveness	387
gem	387
glen	387
graves	387
gregory	387
haunted	387
hayes	387
heather	387
hiking	387
hypothesis	387
illegally	387
illustrations	387
inclined	387
informal	387
jew	387
learnt	387
lending	387
marker	387
marsh	387
marshal	387
maturity	387
maya	387
messy	387
mia	387
minneapolis	387
molly	387
morrison	387
mtv	387
muhammad	387
neighboring	387
neighbours	387
ninja	387
optimistic	387
outlined	387
owl	387
parenting	387
peaks	387
pharmacy	387
pools	387
preparations	387
problematic	387
proceeded	387
processor	387
promotional	387
pros	387
prospective	387
psychiatric	387
regulate	387
renaissance	387
repeal	387
reuters	387
riots	387
roast	387
robertson	387
rubbish	387
saga	387
salon	387
seventeen	387
shields	387
sliding	387
sodium	387
surplus	387
swallow	387
systematic	387
theaters	387
transmitted	387
tuned	387
unacceptable	387
unaware	387
uncommon	387
underway	387
unified	387
unstable	387
upstairs	387
vague	387
wee	387
woo	387
xd	387
zip	387
abs	386
abundance	386
advancing	386
ahh	386
alberta	386
ant	386
antique	386
autonomy	386
baptist	386
behavioral	386
biden	386
booking	386
breeze	386
brett	386
browns	386
canadians	386
carnival	386
commodity	386
congressman	386
containers	386
cooperative	386
coral	386
correlation	386
correspondent	386
coupon	386
covid	386
crosses	386
curtain	386
curves	386
defines	386
delivers	386
demonstrates	386
dentist	386
dodgers	386
dough	386
dug	386
endangered	386
envelope	386
exhibited	386
fade	386
fatigue	386
fellowship	386
fictional	386
fragile	386
fringe	386
fulfill	386
gaps	386
granite	386
greens	386
handbook	386
hardy	386
honors	386
india's	386
insights	386
instinct	386
inviting	386
irony	386
ivan	386
joyce	386
judgement	386
judiciary	386
jumps	386
lads	386
legion	386
lethal	386
lime	386
lively	386
logistics	386
lowered	386
lynn	386
maid	386
manning	386
manuel	386
maple	386
mickey	386
midfielder	386
mindset	386
mistress	386
moms	386
mon	386
monkeys	386
morality	386
mortal	386
mounting	386
nonprofit	386
nsa	386
oils	386
operative	386
outs	386
owed	386
panama	386
patches	386
pickup	386
portraits	386
pouring	386
prestigious	386
prompt	386
quantities	386
radius	386
referee	386
relay	386
rig	386
risen	386
rows	386
sacramento	386
scroll	386
searches	386
sh	386
smiled	386
snacks	386
snakes	386
sovereignty	386
strips	386
stunt	386
subjected	386
sucked	386
sunlight	386
surf	386
symbolic	386
sync	386
taxpayer	386
tempted	386
thrust	386
trevor	386
trilogy	386
url	386
weights	386
wheelchair	386
whore	386
wiped	386
yahoo	386
youre	386
yourselves	386
accompanying	385
accusations	385
acids	385
administrators	385
aired	385
allowance	385
andre	385
apologies	385
arbitrary	385
atm	385
autonomous	385
averaged	385
bait	385
bark	385
bets	385
blogger	385
bra	385
brighton	385
brotherhood	385
buddhist	385
builder	385
cakes	385
carriage	385
celebrations	385
censorship	385
cf	385
cl	385
clarify	385
climbed	385
comp	385
compilation	385
composer	385
comprises	385
constitute	385
correspondence	385
cowboy	385
defendants	385
desirable	385
devastating	385
diagram	385
dismiss	385
editions	385
erected	385
explorer	385
farther	385
favorable	385
feminism	385
flaws	385
forums	385
freed	385
galleries	385
gasoline	385
genesis	385
geographical	385
governed	385
governmental	385
grandson	385
guy's	385
halls	385
handles	385
heavier	385
herbert	385
hints	385
husband's	385
incomplete	385
incorporate	385
interrupted	385
ivory	385
kerry	385
kirk	385
lang	385
lengthy	385
levy	385
lp	385
manipulation	385
merchants	385
misses	385
mlb	385
mock	385
necklace	385
niche	385
nina	385
o'brien	385
obscure	385
ot	385
para	385
peterson	385
popped	385
porch	385
portrayed	385
possessed	385
princeton	385
proposition	385
railways	385
readings	385
recession	385
richards	385
rim	385
seals	385
secondly	385
sequences	385
settling	385
sherman	385
spinal	385
spiral	385
spit	385
splash	385
stretching	385
successive	385
superhero	385
taxpayers	385
therapeutic	385
threads	385
ti	385
timely	385
tomato	385
tub	385
ufc	385
undergraduate	385
undertaken	385
uranium	385
utter	385
vietnamese	385
volleyball	385
walsh	385
wires	385
yell	385
advertisement	384
analysts	384
analyze	384
atmospheric	384
bangkok	384
batting	384
bb	384
bitches	384
bracket	384
branded	384
bryant	384
cairo	384
cardiac	384
catholics	384
commanding	384
confirms	384
confronted	384
crashing	384
crawford	384
creep	384
daylight	384
dee	384
dems	384
devon	384
disclose	384
doe	384
donna	384
elbow	384
encourages	384
enthusiastic	384
envy	384
establishments	384
exile	384
exploitation	384
felix	384
futures	384
gel	384
genetics	384
goose	384
grill	384
grounded	384
hating	384
heel	384
heroic	384
hut	384
inmates	384
instructed	384
ira	384
jenkins	384
johns	384
knives	384
louisville	384
malaysian	384
margins	384
marina	384
mat	384
melissa	384
milton	384
miranda	384
ml	384
monopoly	384
nash	384
nationally	384
nobel	384
norfolk	384
outrage	384
owning	384
pains	384
paperwork	384
pdf	384
pitched	384
poets	384
poisoning	384
promptly	384
que	384
rains	384
recovering	384
renewal	384
repeating	384
rifles	384
robbie	384
ruler	384
school's	384
screams	384
sellers	384
sights	384
sincere	384
skating	384
skiing	384
slaughter	384
smashed	384
sox	384
sperm	384
spill	384
steadily	384
stripped	384
supplier	384
swamp	384
swan	384
switches	384
synthesis	384
tasty	384
tattoos	384
teammate	384
testify	384
tolerate	384
tournaments	384
travelers	384
treason	384
trustees	384
typing	384
urine	384
vanilla	384
vermont	384
vic	384
vii	384
violet	384
weighing	384
wendy	384
activation	383
afghan	383
afterward	383
agreeing	383
ahmed	383
allocated	383
appealed	383
applause	383
bald	383
barrels	383
boil	383
borough	383
boyd	383
bp	383
breakthrough	383
calif	383
ce	383
charities	383
cheering	383
chooses	383
churchill	383
combinations	383
commenting	383
competitions	383
cone	383
connects	383
convey	383
critique	383
crushing	383
curved	383
cyrus	383
decay	383
declining	383
depressing	383
dessert	383
destinations	383
diagnostic	383
diane	383
differential	383
discourse	383
distances	383
dominance	383
donors	383
downloaded	383
earth's	383
economically	383
entertain	383
evaluated	383
exploit	383
fireworks	383
flown	383
floyd	383
founders	383
freeman	383
game's	383
gandhi	383
gateway	383
ge	383
guarantees	383
humidity	383
humour	383
imagery	383
imply	383
indicators	383
inherent	383
inland	383
inning	383
innocence	383
investigator	383
isle	383
ivy	383
justification	383
ka	383
katherine	383
lego	383
licenses	383
livestock	383
liz	383
llc	383
mafia	383
manners	383
merry	383
mick	383
missionary	383
nationalism	383
naughty	383
nepal	383
newman	383
notified	383
notorious	383
obey	383
olivia	383
organizational	383
outfits	383
outright	383
overly	383
oversight	383
panthers	383
persian	383
phases	383
photographers	383
polling	383
popping	383
prisons	383
prototype	383
pumpkin	383
pumps	383
punched	383
ramp	383
rand	383
reactor	383
reef	383
refined	383
refreshing	383
refusal	383
reinforced	383
remedies	383
reset	383
sage	383
shave	383
sickness	383
simpler	383
sinking	383
slots	383
sorted	383
sq	383
staged	383
startup	383
statute	383
stems	383
straightforward	383
strengths	383
suffers	383
superstar	383
telecommunications	383
thieves	383
thoughtful	383
thru	383
tissues	383
toddler	383
utilized	383
vicious	383
victories	383
vikings	383
vodka	383
vr	383
wholly	383
zoom	383
accidental	382
accounted	382
addicted	382
adjustments	382
apollo	382
archbishop	382
assassination	382
athletics	382
basics	382
bats	382
belgian	382
bibliography	382
bot	382
broadly	382
calcium	382
calvin	382
candles	382
capita	382
certainty	382
cheeks	382
chickens	382
christina	382
citation	382
clues	382
collectively	382
commercials	382
commissions	382
compression	382
comprised	382
confess	382
confined	382
congregation	382
consolidated	382
coordinate	382
coordinates	382
cube	382
dana	382
declaring	382
decoration	382
decree	382
definitions	382
deliberate	382
despair	382
discovering	382
dividend	382
dragging	382
drift	382
dye	382
eden	382
educators	382
electron	382
endure	382
enzyme	382
evolutionary	382
exhibits	382
extensions	382
fellows	382
fragments	382
fraser	382
fuels	382
geological	382
globally	382
grams	382
guru	382
hacked	382
hans	382
hatch	382
hindi	382
historians	382
hm	382
hormone	382
inadequate	382
indianapolis	382
infinity	382
intentionally	382
joints	382
kilometers	382
labs	382
lace	382
libya	382
losers	382
louder	382
maiden	382
marching	382
marketplace	382
membrane	382
messing	382
metallic	382
methodology	382
modifications	382
monitors	382
murderer	382
nap	382
nickel	382
niece	382
nm	382
nominations	382
numbered	382
offerings	382
overlooked	382
pardon	382
partnerships	382
persuade	382
pier	382
poured	382
practiced	382
predecessor	382
premise	382
quiz	382
rainfall	382
recipients	382
reckless	382
redemption	382
relates	382
relied	382
remedy	382
replay	382
revision	382
rooted	382
scent	382
slate	382
spells	382
stimulus	382
strengthening	382
structured	382
sunrise	382
surge	382
tagged	382
tags	382
tapes	382
tee	382
testified	382
timothy	382
token	382
tornado	382
tracy	382
tunes	382
tunnels	382
twilight	382
unprecedented	382
vagina	382
verses	382
vocabulary	382
wellington	382
whoa	382
willingness	382
woody	382
worthless	382
yacht	382
aberdeen	381
absorb	381
accompany	381
accord	381
advancement	381
albany	381
algorithms	381
alt	381
alternatively	381
anglo	381
archer	381
asap	381
assurance	381
barber	381
bash	381
battalion	381
bidding	381
boycott	381
bricks	381
bruno	381
buddies	381
bulgarian	381
carpenter	381
ceased	381
chester	381
coding	381
competitor	381
creators	381
cuisine	381
detained	381
dioxide	381
dolls	381
doom	381
dubbed	381
ea	381
eclipse	381
eighteen	381
eleanor	381
elephants	381
enjoyment	381
exhaust	381
expired	381
flee	381
forbes	381
forwards	381
fries	381
fundraising	381
gal	381
glimpse	381
hahaha	381
hawk	381
healthier	381
homemade	381
honorable	381
infectious	381
inferior	381
injustice	381
inquiries	381
insulin	381
interpret	381
intro	381
jackets	381
jill	381
kindle	381
lid	381
lindsay	381
logs	381
manor	381
masterpiece	381
melody	381
memo	381
mic	381
mirrors	381
mom's	381
myanmar	381
narrator	381
nate	381
nets	381
nsw	381
obesity	381
partisan	381
planting	381
pony	381
posed	381
possessions	381
privileged	381
prolonged	381
promo	381
protestant	381
pumping	381
pupil	381
qb	381
recruited	381
reliance	381
relies	381
reluctant	381
relying	381
respiratory	381
retention	381
rewarded	381
ribbon	381
rochester	381
rodgers	381
roommate	381
rotten	381
sands	381
schedules	381
selecting	381
shah	381
shawn	381
shotgun	381
singers	381
snapped	381
sofa	381
solomon	381
southampton	381
spoil	381
spoiled	381
stephanie	381
submarine	381
suburb	381
surgeons	381
sympathetic	381
taxation	381
temper	381
undergo	381
venus	381
weighed	381
wu	381
acquiring	380
additions	380
admitting	380
afl	380
aligned	380
allan	380
altar	380
amp	380
arrows	380
atlas	380
austrian	380
automation	380
awe	380
balancing	380
banning	380
bishops	380
boeing	380
broncos	380
builders	380
burton	380
caesar	380
canada's	380
cans	380
carroll	380
cavalry	380
clara	380
coffin	380
collectors	380
colorful	380
combo	380
communism	380
conductor	380
confront	380
constraints	380
crow	380
dad's	380
davidson	380
decisive	380
decorative	380
definitive	380
disclosed	380
displaced	380
disturbed	380
diy	380
doin	380
epidemic	380
eternity	380
eugene	380
evolve	380
explode	380
extraction	380
fatty	380
filthy	380
fletcher	380
flush	380
font	380
freestyle	380
glue	380
grandpa	380
hairy	380
homicide	380
horns	380
ie	380
inheritance	380
introduces	380
ironic	380
lacked	380
lin	380
luggage	380
lyon	380
madame	380
maggie	380
marion	380
mel	380
melting	380
messaging	380
microwave	380
midwest	380
minimize	380
modi	380
morocco	380
natalie	380
ops	380
organisms	380
originated	380
ounce	380
pablo	380
peel	380
pensions	380
performer	380
picnic	380
pins	380
practitioners	380
predominantly	380
primitive	380
providence	380
psychic	380
psychologist	380
puppet	380
reproductive	380
requesting	380
responds	380
restrict	380
retiring	380
retrieved	380
ribs	380
righteous	380
rivalry	380
rosa	380
royalty	380
sandra	380
sausage	380
seize	380
sim	380
skeleton	380
spicy	380
sticky	380
sting	380
sufficiently	380
thankfully	380
thrones	380
tick	380
traced	380
trent	380
trusts	380
tutorial	380
twentieth	380
unpleasant	380
unrelated	380
ussr	380
vacant	380
vent	380
vicinity	380
wan	380
wandering	380
wardrobe	380
warmth	380
weaknesses	380
wines	380
wired	380
amendments	379
analyses	379
asses	379
assessments	379
assisting	379
australia's	379
axe	379
backgrounds	379
baldwin	379
belle	379
bf	379
bites	379
bombers	379
bonuses	379
bred	379
brexit	379
bubbles	379
buddha	379
bulletin	379
capitalist	379
cautious	379
clinics	379
commitments	379
companions	379
comparisons	379
constable	379
cooperate	379
coordinated	379
copied	379
counselor	379
cp	379
curb	379
dances	379
darren	379
deeds	379
destined	379
detached	379
devils	379
discounts	379
distribute	379
dong	379
edgar	379
efficiently	379
eliminating	379
elliott	379
encouragement	379
enforced	379
evan	379
explosives	379
faction	379
fascist	379
feathers	379
fixtures	379
flooded	379
fuller	379
gamble	379
goalkeeper	379
grandchildren	379
gt	379
guardians	379
harmless	379
hearings	379
hesitate	379
hid	379
hips	379
hopeful	379
horny	379
hungarian	379
hygiene	379
iceland	379
imaginary	379
imprisoned	379
inconsistent	379
int	379
iso	379
jared	379
johnston	379
judy	379
kindergarten	379
latino	379
lopez	379
loudly	379
master's	379
mechanic	379
megan	379
mls	379
modify	379
neglect	379
northwestern	379
nz	379
offenders	379
oppression	379
patriotic	379
phillip	379
pictured	379
pitcher	379
playground	379
populated	379
poses	379
positioned	379
prejudice	379
preston	379
probable	379
probation	379
projection	379
promotes	379
pumped	379
rails	379
raven	379
receptor	379
rehab	379
remake	379
rendering	379
reproduction	379
res	379
reservations	379
rey	379
rhode	379
shrimp	379
similarities	379
skins	379
slopes	379
spelled	379
spokesman	379
springfield	379
stained	379
stall	379
starving	379
strap	379
subjective	379
surround	379
surroundings	379
sweeping	379
swinging	379
tearing	379
traumatic	379
trillion	379
tucker	379
vatican	379
vendor	379
watts	379
yr	379
abbott	378
aboriginal	378
academics	378
adopting	378
alignment	378
allergic	378
allison	378
amended	378
apparatus	378
assumes	378
avengers	378
backpack	378
balcony	378
banker	378
bliss	378
bodily	378
buffer	378
calgary	378
chapman	378
chopped	378
collaborative	378
commenced	378
compensate	378
compromised	378
constructive	378
conventions	378
cosmic	378
crystals	378
daisy	378
daughter's	378
definite	378
demonstrations	378
departed	378
depths	378
developmental	378
disco	378
distraction	378
dom	378
dorothy	378
doses	378
drawer	378
driver's	378
drones	378
durham	378
ecological	378
ecosystem	378
elvis	378
euros	378
exclude	378
exempt	378
exposing	378
faint	378
fertility	378
ff	378
fines	378
finn	378
floods	378
flynn	378
foam	378
folded	378
foremost	378
forge	378
greenhouse	378
hears	378
hierarchy	378
ideals	378
identities	378
installations	378
invalid	378
jade	378
jointly	378
jung	378
kits	378
lancaster	378
lightweight	378
lowering	378
mb	378
melted	378
metabolism	378
neglected	378
negotiated	378
negotiating	378
negotiation	378
newborn	378
newport	378
nodes	378
notch	378
omega	378
onions	378
packers	378
paired	378
parental	378
parody	378
parole	378
participant	378
penguin	378
phantom	378
photoshop	378
pitt	378
precedent	378
prevalent	378
prom	378
promotions	378
python	378
qatar	378
questionable	378
queue	378
quo	378
regrets	378
render	378
respondents	378
retaining	378
romania	378
sailor	378
seventy	378
shouted	378
show's	378
simmons	378
sims	378
slides	378
sociology	378
somerset	378
soo	378
specify	378
splitting	378
stab	378
supermarket	378
sweater	378
tenant	378
tensions	378
thomson	378
tortured	378
traction	378
tractor	378
trout	378
turnover	378
uganda	378
university's	378
unwanted	378
upgrades	378
valentine's	378
variant	378
vegetarian	378
vernon	378
visibility	378
warnings	378
wherein	378
whiskey	378
worms	378
wyoming	378
aaa	377
abundant	377
africans	377
alexandria	377
algebra	377
analytics	377
antenna	377
attribute	377
audition	377
bankers	377
biting	377
branding	377
bravo	377
busted	377
cardinals	377
carrie	377
certificates	377
charleston	377
chatting	377
chop	377
circuits	377
clifford	377
cody	377
coleman	377
commanded	377
commissioners	377
communicating	377
comparative	377
complement	377
connor	377
conquer	377
conquest	377
contested	377
continuity	377
cornwall	377
crawl	377
credible	377
cursed	377
day's	377
db	377
deepest	377
defects	377
delightful	377
depicted	377
determines	377
digit	377
dinosaur	377
doomed	377
drainage	377
drowning	377
embarrassment	377
equations	377
evolving	377
exploded	377
fairness	377
favored	377
felony	377
flats	377
flint	377
floral	377
fortress	377
fulfilled	377
fundamentally	377
grabbing	377
guts	377
hairs	377
hammond	377
handing	377
hearted	377
herb	377
herd	377
husbands	377
ideological	377
immortal	377
incumbent	377
insider	377
insufficient	377
interval	377
jelly	377
kai	377
kanye	377
kidnapping	377
kilometres	377
ky	377
lenses	377
lick	377
literal	377
lunar	377
maternal	377
matthews	377
maxwell	377
mccain	377
mcdonald	377
medicines	377
memoir	377
messi	377
miguel	377
modification	377
mold	377
nailed	377
napoleon	377
neighbouring	377
nigel	377
objection	377
obliged	377
observers	377
occurrence	377
offspring	377
ou	377
outrageous	377
packet	377
pads	377
patents	377
pathway	377
peach	377
persuaded	377
plots	377
polo	377
presenter	377
proclaimed	377
prohibition	377
prop	377
queen's	377
recognizing	377
recommends	377
registry	377
relieve	377
remarkably	377
repaired	377
rotating	377
sanchez	377
sandwiches	377
satellites	377
scar	377
scouts	377
scripture	377
seating	377
seminar	377
shores	377
silva	377
simplicity	377
slightest	377
softly	377
specimens	377
starbucks	377
stereo	377
supplements	377
surrey	377
sustainability	377
symphony	377
tesla	377
textbook	377
theological	377
trader	377
undercover	377
valentine	377
vegetation	377
vein	377
velvet	377
vendors	377
viewer	377
webb	377
welcoming	377
whales	377
wheeler	377
worm	377
zombies	377
accountant	376
activate	376
admissions	376
alison	376
amusing	376
arabs	376
beams	376
behold	376
betrayed	376
biased	376
billionaire	376
bloggers	376
brewing	376
brooke	376
bypass	376
calculation	376
cancellation	376
cane	376
capturing	376
catalyst	376
cedar	376
celebrates	376
claude	376
concentrations	376
concludes	376
cons	376
corpse	376
crab	376
cruelty	376
darwin	376
dawson	376
decorations	376
dementia	376
demonstrating	376
designation	376
dev	376
dice	376
diploma	376
disasters	376
discharged	376
dispatch	376
disputed	376
dots	376
ds	376
duchess	376
dunno	376
economists	376
eds	376
elders	376
exceeded	376
explanations	376
extinction	376
factions	376
fb	376
foil	376
formats	376
freddie	376
gardner	376
geology	376
gerald	376
graduating	376
gram	376
greene	376
heath	376
heavenly	376
hormones	376
horrific	376
hugo	376
infants	376
insect	376
iris	376
issuing	376
lifts	376
locking	376
logging	376
lookin	376
maurice	376
medications	376
mentality	376
metre	376
minecraft	376
miracles	376
nascar	376
neural	376
newsletter	376
nineteenth	376
nitrogen	376
norms	376
oceans	376
ooh	376
patricia	376
paulo	376
payroll	376
phenomenal	376
philippine	376
photographic	376
pinch	376
ping	376
polished	376
pots	376
predictable	376
privileges	376
prix	376
professionally	376
protesting	376
protocols	376
pushes	376
queer	376
rebounds	376
reckon	376
recycling	376
restriction	376
resumed	376
resurrection	376
rover	376
scars	376
scholarships	376
shannon	376
shelves	376
shipment	376
slut	376
sparks	376
spatial	376
stainless	376
statutory	376
stellar	376
stockholm	376
stripes	376
stubborn	376
summoned	376
sussex	376
swords	376
syrup	376
tackles	376
tamil	376
tapping	376
teachings	376
tightly	376
tina	376
tones	376
tories	376
transplant	376
traps	376
tu	376
turf	376
twitch	376
unlocked	376
unusually	376
unveiled	376
username	376
vaccines	376
veins	376
ventures	376
vip	376
visions	376
voiced	376
volcano	376
warmer	376
webster	376
weddings	376
yelled	376
zach	376
accelerated	375
accomplishments	375
advertised	375
advertisements	375
ark	375
armour	375
assaulted	375
atoms	375
attach	375
awaiting	375
bayern	375
bind	375
blessings	375
blu	375
bluetooth	375
boiling	375
borrowing	375
bowls	375
bradford	375
bum	375
butcher	375
c'mon	375
chandler	375
cheapest	375
chloe	375
communists	375
compares	375
conception	375
congo	375
counterparts	375
cue	375
deed	375
disciplinary	375
dreamed	375
dwarf	375
eighty	375
elena	375
eligibility	375
embraced	375
enacted	375
endorsement	375
enlisted	375
eyebrows	375
fcc	375
finite	375
flagship	375
forensic	375
forthcoming	375
gallon	375
gems	375
glowing	375
glucose	375
gore	375
govt	375
gown	375
greedy	375
halo	375
hilton	375
ideally	375
identifies	375
improves	375
infamous	375
inspirational	375
internally	375
kashmir	375
knox	375
lateral	375
leigh	375
lent	375
lib	375
lifelong	375
limestone	375
liner	375
majors	375
marched	375
marrying	375
maths	375
memes	375
mentioning	375
merge	375
mesh	375
migrant	375
mohammed	375
monitored	375
moron	375
mortar	375
myths	375
naive	375
nat	375
noises	375
norton	375
noticeable	375
nt	375
observing	375
omar	375
opted	375
palestinians	375
paula	375
paypal	375
pedro	375
pens	375
perfume	375
pitching	375
pleasing	375
premiums	375
prestige	375
protects	375
pyramid	375
realizes	375
relevance	375
remotely	375
resorts	375
retailer	375
rica	375
rigid	375
rita	375
rm	375
rom	375
ronaldo	375
sailors	375
samantha	375
sampling	375
screenshot	375
selfie	375
settlers	375
shattered	375
signatures	375
spacecraft	375
specification	375
spiders	375
splendid	375
strokes	375
successes	375
summers	375
sundays	375
supplying	375
telescope	375
temp	375
tended	375
terminated	375
textile	375
that'd	375
thickness	375
threatens	375
tossed	375
tray	375
uae	375
ucla	375
unreasonable	375
unsure	375
upwards	375
utilize	375
valuation	375
veterinary	375
villagers	375
violate	375
vivid	375
waving	375
accusing	374
aided	374
alexis	374
allocation	374
americas	374
amusement	374
antibiotics	374
anticipation	374
anyone's	374
appropriately	374
arrests	374
arrogant	374
assessing	374
authorization	374
auxiliary	374
baggage	374
beacon	374
bella	374
belts	374
bounty	374
boxer	374
briefing	374
brook	374
budgets	374
canterbury	374
cartoons	374
ceramic	374
cereal	374
challenger	374
chased	374
clergy	374
coats	374
cola	374
coma	374
comfortably	374
commanders	374
compass	374
considerations	374
consultants	374
contempt	374
contributes	374
credentials	374
croatia	374
cured	374
descended	374
disappearance	374
doyle	374
drowned	374
drying	374
dwelling	374
dwight	374
ecology	374
einstein	374
eli	374
elliot	374
emergence	374
enclosed	374
endurance	374
equals	374
erotic	374
evacuation	374
exceptionally	374
exchanged	374
expenditure	374
falcon	374
favors	374
fernando	374
folder	374
frequencies	374
frightened	374
gavin	374
groove	374
hbo	374
hedge	374
homosexuality	374
icons	374
ingredient	374
initiate	374
inserted	374
interventions	374
invaded	374
ironically	374
istanbul	374
jacobs	374
jealousy	374
jewellery	374
joker	374
jonas	374
kingston	374
kisses	374
laden	374
learns	374
limbs	374
lionel	374
liu	374
mccarthy	374
medicaid	374
meta	374
mil	374
mit	374
newark	374
nod	374
notebook	374
offline	374
offs	374
overweight	374
palette	374
payne	374
phenomena	374
pneumonia	374
policeman	374
postponed	374
potent	374
preceding	374
predators	374
psycho	374
rainy	374
rams	374
ranged	374
recognizes	374
renovation	374
reverend	374
rewarding	374
rust	374
salty	374
scots	374
scrutiny	374
seizure	374
serum	374
singular	374
skate	374
sofia	374
storyline	374
stray	374
stud	374
subsidies	374
sunk	374
supper	374
sweetheart	374
systemic	374
tempo	374
thereof	374
thirsty	374
torch	374
transferring	374
tumblr	374
turbo	374
unchanged	374
understandable	374
upright	374
uprising	374
vain	374
vanity	374
violin	374
wh	374
whereby	374
whisper	374
worthwhile	374
xx	374
acceleration	373
aerospace	373
ak	373
aluminium	373
analog	373
analytical	373
anticipate	373
arcade	373
arlington	373
arose	373
asthma	373
aurora	373
averaging	373
bacterial	373
bankrupt	373
blink	373
brighter	373
brother's	373
carey	373
castro	373
ceremonies	373
chang	373
childish	373
chili	373
clayton	373
clearer	373
coil	373
combines	373
commodities	373
confessed	373
constituents	373
contention	373
converting	373
covenant	373
crafts	373
das	373
denies	373
devotion	373
dilemma	373
dis	373
discoveries	373
disgrace	373
dixon	373
emirates	373
emmy	373
employing	373
employs	373
escaping	373
ethiopia	373
ethnicity	373
eventual	373
excel	373
exercising	373
faded	373
firstly	373
flavour	373
flex	373
fluids	373
franco	373
gangs	373
gases	373
genus	373
gloria	373
glove	373
grabs	373
grammy	373
grapes	373
greed	373
greet	373
hank	373
hose	373
hq	373
impacted	373
imposing	373
inflammation	373
innovations	373
john's	373
ko	373
lambert	373
lamps	373
lava	373
ln	373
longtime	373
madonna	373
magnet	373
mann	373
metaphor	373
millionaire	373
mn	373
motives	373
myers	373
mysteries	373
negro	373
nightmares	373
notify	373
null	373
ole	373
oops	373
oriental	373
owing	373
pact	373
paramount	373
paranoid	373
patriot	373
patron	373
pearson	373
popcorn	373
positioning	373
preserving	373
proxy	373
quantitative	373
regain	373
reminding	373
renew	373
resemble	373
retarded	373
retro	373
revolt	373
rightly	373
roasted	373
ruining	373
rumor	373
sacked	373
saddle	373
schmidt	373
schooling	373
sherlock	373
shirley	373
shrine	373
shrink	373
sniper	373
solitary	373
sorrow	373
squares	373
starters	373
stoke	373
sutton	373
talkin	373
taller	373
termination	373
thames	373
thigh	373
thrive	373
tr	373
troll	373
ty	373
uncovered	373
undertake	373
unpaid	373
unsuccessful	373
usc	373
vest	373
vine	373
violating	373
viruses	373
warns	373
warranty	373
weakened	373
windsor	373
xxx	373
yen	373
zimbabwe	373
admired	372
airways	372
aisle	372
almighty	372
amino	372
ants	372
apparel	372
arbitration	372
arising	372
artifacts	372
ashton	372
atom	372
auburn	372
awakening	372
bedrooms	372
bilateral	372
bleed	372
boy's	372
brace	372
burgers	372
caption	372
captures	372
choke	372
cholesterol	372
classy	372
clicks	372
clyde	372
compelled	372
concealed	372
condemn	372
confrontation	372
constitutes	372
contributor	372
cpu	372
damon	372
deluxe	372
devastated	372
dinosaurs	372
disguise	372
dismissal	372
domains	372
downstairs	372
empathy	372
ensemble	372
ernest	372
feasible	372
flawed	372
forged	372
generals	372
genres	372
gettin	372
gi	372
goats	372
grease	372
greeks	372
guessed	372
haiti	372
hallway	372
harley	372
heavens	372
helicopters	372
homosexual	372
hulk	372
hydraulic	372
impulse	372
incapable	372
indies	372
inflammatory	372
insanity	372
insecure	372
institutes	372
integrate	372
intentional	372
ish	372
jeep	372
knot	372
laboratories	372
landscapes	372
lebanese	372
lecturer	372
lust	372
marilyn	372
markers	372
mayo	372
michel	372
microphone	372
miniature	372
monks	372
motto	372
mouths	372
murdering	372
nationality	372
natives	372
nottingham	372
nw	372
obstacle	372
occupational	372
og	372
onset	372
owes	372
pe	372
perceive	372
persecution	372
petrol	372
philosopher	372
photographed	372
pits	372
pixel	372
plantation	372
presently	372
props	372
prose	372
prostitution	372
quoting	372
radioactive	372
raining	372
rang	372
razor	372
realization	372
reconciliation	372
removes	372
restoring	372
reunited	372
rocking	372
rory	372
royals	372
rug	372
sacrifices	372
salvador	372
scanning	372
screamed	372
shaping	372
slogan	372
specimen	372
sponsorship	372
steals	372
steer	372
stefan	372
strains	372
strawberry	372
strive	372
sunglasses	372
surfing	372
tate	372
temptation	372
thrill	372
tile	372
tonnes	372
tow	372
trainers	372
translations	372
trusting	372
turtles	372
uc	372
unarmed	372
undertaking	372
unfinished	372
unhealthy	372
unlawful	372
unpopular	372
ut	372
vanessa	372
vanished	372
verb	372
versa	372
viii	372
volatile	372
voluntarily	372
vp	372
whitney	372
withdrew	372
abnormal	371
accredited	371
accuse	371
ada	371
adjusting	371
ample	371
analogy	371
analyzing	371
apex	371
apocalypse	371
appliances	371
assholes	371
baby's	371
backward	371
badass	371
barred	371
beck	371
bingo	371
blogging	371
boiler	371
bon	371
boulder	371
brock	371
calf	371
cambodia	371
capt	371
cb	371
clarence	371
coating	371
commentators	371
consolidation	371
continuation	371
convictions	371
convoy	371
cork	371
cosmetic	371
cubic	371
cyprus	371
declares	371
defeats	371
defenses	371
dept	371
deputies	371
descendants	371
detector	371
digest	371
diplomacy	371
directive	371
disadvantage	371
disruption	371
distract	371
doctor's	371
downward	371
ebook	371
eco	371
emphasized	371
energetic	371
engineered	371
fest	371
fills	371
friction	371
fulfilling	371
funk	371
greatness	371
grilled	371
guiding	371
hackers	371
hazardous	371
hooker	371
hopeless	371
hourly	371
illustrate	371
imo	371
impressions	371
indirectly	371
induction	371
infrared	371
insists	371
instability	371
installing	371
invites	371
irene	371
irving	371
ja	371
jacques	371
jong	371
klein	371
limitation	371
linguistic	371
listeners	371
litter	371
ls	371
lump	371
macro	371
mag	371
magistrate	371
marginal	371
masculine	371
milestone	371
mug	371
municipality	371
mushrooms	371
nd	371
ned	371
neurons	371
ninety	371
nutrients	371
observatory	371
oi	371
openings	371
outdoors	371
pcs	371
pedestrian	371
penetration	371
pod	371
posing	371
predator	371
preferably	371
programmed	371
projections	371
prophecy	371
proudly	371
rebuilding	371
recorder	371
recurring	371
relaxation	371
resembles	371
respectable	371
respectful	371
richer	371
rn	371
rodriguez	371
roma	371
romeo	371
routinely	371
rubbing	371
sailed	371
salute	371
scripts	371
scum	371
serbia	371
severity	371
shady	371
shutting	371
sketches	371
slack	371
sleeps	371
slick	371
slowed	371
slowing	371
sm	371
spontaneous	371
starred	371
stationed	371
sticker	371
stove	371
submissions	371
tactic	371
tb	371
template	371
teresa	371
texting	371
theorem	371
theresa	371
tiles	371
tn	371
tore	371
tract	371
treaties	371
tri	371
tribune	371
undergoing	371
unexpectedly	371
upward	371
val	371
vera	371
vista	371
vogue	371
volcanic	371
wagner	371
wildly	371
winding	371
acclaimed	370
accumulated	370
adore	370
afc	370
akin	370
alphabet	370
announcements	370
appoint	370
apprentice	370
auckland	370
bananas	370
baseline	370
beasts	370
benedict	370
beware	370
bieber	370
bikini	370
bisexual	370
boulevard	370
bracelet	370
capsule	370
captive	370
carr	370
cha	370
christie	370
chronicle	370
cinnamon	370
comprehend	370
compulsory	370
confederate	370
contaminated	370
contamination	370
contests	370
coping	370
corey	370
counterpart	370
creed	370
crisp	370
crust	370
cutter	370
daring	370
delegate	370
deploy	370
dietary	370
dissertation	370
dividends	370
domination	370
downloading	370
ec	370
emission	370
ethan	370
evaluating	370
everton	370
expelled	370
fin	370
fined	370
flora	370
folding	370
fracture	370
frances	370
functionality	370
gamma	370
gays	370
gaze	370
genome	370
grains	370
grape	370
gravel	370
haircut	370
haired	370
hangs	370
hastings	370
highland	370
histories	370
honoured	370
hugs	370
hustle	370
hyde	370
ia	370
idle	370
indictment	370
insulting	370
irregular	370
juicy	370
jumper	370
justices	370
kardashian	370
leaking	370
limb	370
mack	370
mammals	370
manually	370
meaningless	370
millennium	370
misunderstanding	370
modelling	370
modules	370
moody	370
nam	370
needles	370
noodles	370
offender	370
oracle	370
overlap	370
patrons	370
pd	370
peek	370
pentagon	370
peters	370
petersburg	370
porsche	370
pos	370
pottery	370
prairie	370
prank	370
premature	370
psychiatrist	370
quad	370
quartz	370
quitting	370
rb	370
residency	370
resolutions	370
responsive	370
richest	370
roar	370
ronnie	370
rooney	370
rot	370
rulers	370
salem	370
sank	370
santos	370
sb	370
seahawks	370
sidney	370
sleeves	370
songwriter	370
sophia	370
spear	370
spies	370
stain	370
stella	370
stimulation	370
stranded	370
stretches	370
stylish	370
subs	370
sur	370
tasted	370
technician	370
temples	370
tidal	370
transcript	370
treasures	370
trench	370
trousers	370
unwilling	370
uruguay	370
utc	370
validity	370
variants	370
varsity	370
verification	370
vows	370
vulnerability	370
wesley	370
whichever	370
whipped	370
who've	370
wo	370
wrath	370
yuan	370
zen	370
abuses	369
accomplishment	369
acquisitions	369
aide	369
allegiance	369
apt	369
attracting	369
avatar	369
bali	369
bangalore	369
bans	369
battling	369
beads	369
beverage	369
blaze	369
brendan	369
brent	369
broadband	369
bullied	369
bumper	369
butterflies	369
carlo	369
caves	369
chalk	369
chilling	369
coaster	369
coated	369
constituency	369
contingent	369
cornell	369
corrections	369
costing	369
councillor	369
cyclists	369
daniels	369
deprived	369
diplomat	369
disciplines	369
dos	369
drained	369
eldest	369
emphasize	369
entirety	369
everytime	369
exodus	369
explosions	369
fallout	369
feather	369
figuring	369
financed	369
firearm	369
fisheries	369
flock	369
flyers	369
footballer	369
footsteps	369
forestry	369
ghetto	369
grim	369
helpless	369
hemisphere	369
hides	369
housed	369
hs	369
hyper	369
inconvenience	369
incorporating	369
injected	369
insured	369
intends	369
intervals	369
intriguing	369
invasive	369
ipod	369
iq	369
irrigation	369
ix	369
killings	369
lastly	369
liberties	369
lipstick	369
macdonald	369
manipulate	369
mart	369
martinez	369
meyer	369
midlands	369
midway	369
minors	369
moist	369
monarch	369
monte	369
monuments	369
mortgages	369
mourning	369
mu	369
mustard	369
negatively	369
neighbour	369
nissan	369
norwich	369
nothin	369
objections	369
patterson	369
persona	369
plaque	369
pls	369
plymouth	369
poetic	369
preach	369
preaching	369
princes	369
proposing	369
punjab	369
purity	369
rabbi	369
ramsey	369
realism	369
receipts	369
retrieve	369
rhodes	369
ri	369
scheduling	369
scoop	369
scotch	369
scrub	369
separating	369
sewing	369
shale	369
shin	369
shootings	369
simplified	369
slipping	369
smartphones	369
sol	369
solicitor	369
sophomore	369
spreads	369
squadron	369
squirrel	369
stalin	369
stickers	369
stigma	369
strengthened	369
taco	369
takeover	369
taliban	369
tapped	369
thor	369
thumbs	369
tinder	369
titan	369
trait	369
traitor	369
troop	369
truths	369
underestimate	369
uni	369
updating	369
urges	369
wallpaper	369
wasnt	369
watt	369
weighs	369
willis	369
willow	369
addict	368
ale	368
api	368
archaeological	368
assistants	368
az	368
banging	368
bathing	368
bending	368
bengal	368
betrayal	368
boiled	368
bonding	368
bounds	368
breeds	368
britain's	368
byron	368
cardiovascular	368
chic	368
clone	368
clusters	368
communal	368
compliments	368
consortium	368
controllers	368
copying	368
countdown	368
courier	368
danced	368
dd	368
debating	368
decreasing	368
defect	368
disastrous	368
displaying	368
drown	368
drummer	368
durable	368
efficacy	368
erik	368
erin	368
exaggerated	368
exclusion	368
exhibitions	368
exploited	368
extracted	368
faults	368
filipino	368
flashing	368
freelance	368
gerard	368
gin	368
girlfriends	368
granting	368
greeting	368
hawaiian	368
headaches	368
honeymoon	368
ignition	368
impaired	368
incomes	368
investigative	368
ir	368
jewel	368
jupiter	368
leonardo	368
manifest	368
mans	368
marx	368
mets	368
mourinho	368
mutually	368
navigate	368
o'neill	368
obese	368
outreach	368
overlooking	368
pandemic	368
passages	368
perceptions	368
perimeter	368
pike	368
piper	368
preacher	368
preceded	368
procurement	368
protector	368
pulp	368
rabbits	368
ransom	368
recruits	368
reel	368
refs	368
reg	368
rehearsal	368
reinforce	368
restart	368
revive	368
rigorous	368
ringing	368
rna	368
scarf	368
scenery	368
selections	368
sensory	368
shelters	368
sidewalk	368
skeptical	368
skype	368
sleepy	368
smoothly	368
speeding	368
staple	368
steelers	368
stereotypes	368
stirring	368
strand	368
stunned	368
suppression	368
sushi	368
suspend	368
sw	368
swelling	368
tails	368
terminology	368
theatrical	368
timer	368
travellers	368
trustee	368
turnout	368
tying	368
unanimous	368
unpredictable	368
urging	368
validation	368
vengeance	368
verizon	368
visually	368
waits	368
wakes	368
weighted	368
wii	368
xl	368
zhang	368
acc	367
activism	367
advent	367
airborne	367
alas	367
astonishing	367
aww	367
bakery	367
barracks	367
bart	367
bathrooms	367
baths	367
believer	367
benefited	367
blankets	367
borne	367
brokers	367
bunker	367
caffeine	367
capped	367
carlton	367
chaotic	367
chargers	367
cite	367
classrooms	367
commentator	367
commercially	367
confirming	367
confuse	367
contributors	367
copenhagen	367
cosmetics	367
coward	367
dammit	367
dell	367
dent	367
depart	367
destroys	367
detectives	367
diminished	367
disappears	367
disappoint	367
dl	367
dolphin	367
dove	367
dumping	367
dunn	367
dusty	367
embracing	367
enduring	367
enlightenment	367
fibre	367
finnish	367
fixture	367
focal	367
friendships	367
frightening	367
fucker	367
gala	367
gardening	367
garrett	367
garrison	367
gears	367
generates	367
gladly	367
goodwill	367
govern	367
gradual	367
greetings	367
groceries	367
hacker	367
hal	367
harness	367
hashtag	367
hassan	367
heartbeat	367
heh	367
highlighting	367
holt	367
honourable	367
illnesses	367
imminent	367
inaugural	367
insulation	367
intern	367
irresponsible	367
jakarta	367
johannesburg	367
judith	367
kathy	367
lag	367
lays	367
lenders	367
lg	367
locality	367
lure	367
malicious	367
mattress	367
meredith	367
merged	367
merits	367
mist	367
mole	367
molecule	367
monarchy	367
mormon	367
muscular	367
neutrality	367
nikki	367
noisy	367
notre	367
orgasm	367
otto	367
panties	367
parcel	367
partition	367
peculiar	367
penguins	367
prayed	367
prefers	367
proposes	367
proprietary	367
prostate	367
protagonist	367
punching	367
puppies	367
rafael	367
randall	367
rant	367
rash	367
realities	367
recalls	367
receivers	367
referenced	367
reflections	367
rejects	367
replica	367
representations	367
reside	367
richie	367
ripe	367
rituals	367
riverside	367
roberto	367
rodney	367
rp	367
sac	367
sacrificed	367
sane	367
savior	367
scenic	367
sip	367
slapped	367
snail	367
somalia	367
spotify	367
spun	367
statistically	367
stimulate	367
strangely	367
surveyed	367
susceptible	367
theodore	367
thighs	367
tipped	367
toby	367
toilets	367
torres	367
translates	367
translator	367
transmit	367
trophies	367
ts	367
tuning	367
tutor	367
unsafe	367
verge	367
vibrant	367
wander	367
wong	367
xp	367
yeast	367
abdul	366
absorption	366
accelerate	366
acne	366
advertise	366
alzheimer's	366
apologise	366
aspirations	366
assassin	366
assign	366
aston	366
audi	366
backlash	366
balloons	366
bbq	366
believers	366
blockchain	366
bonnie	366
brewery	366
bulb	366
cardboard	366
casually	366
chartered	366
chew	366
circumstance	366
cliffs	366
collateral	366
congestion	366
conquered	366
courtney	366
creditors	366
criticised	366
criticisms	366
crossover	366
crunch	366
curtains	366
daytime	366
debbie	366
deliveries	366
demise	366
dependence	366
deutsche	366
dictator	366
diets	366
differs	366
digits	366
dime	366
dire	366
disagreement	366
disciples	366
disregard	366
distributor	366
dominion	366
downhill	366
drafting	366
dreadful	366
drunken	366
earnest	366
eng	366
erase	366
evacuated	366
exp	366
extinct	366
forbid	366
forgiven	366
freezer	366
genetically	366
greeted	366
hare	366
healed	366
herein	366
hoffman	366
honorary	366
immature	366
imperative	366
ineffective	366
interacting	366
jerome	366
jess	366
julius	366
knit	366
kumar	366
kuwait	366
laps	366
lester	366
manly	366
marvin	366
maternity	366
meanings	366
misconduct	366
morale	366
mornings	366
mute	366
needless	366
nerd	366
nokia	366
nominees	366
notifications	366
novelty	366
optimism	366
optimization	366
outdated	366
oxide	366
paints	366
peasants	366
pence	366
peppers	366
percy	366
perez	366
peripheral	366
pinned	366
pint	366
pleaded	366
poop	366
pornography	366
ppl	366
prepares	366
prevalence	366
proceeding	366
pronounce	366
proportions	366
provisional	366
punches	366
ravens	366
reddit	366
remark	366
repay	366
roland	366
ropes	366
rouge	366
rumours	366
russia's	366
santiago	366
saturated	366
scares	366
screened	366
shaved	366
shooters	366
shove	366
skipped	366
smashing	366
sms	366
snaps	366
soaked	366
softball	366
southeastern	366
spears	366
specials	366
spectators	366
spur	366
stevie	366
storytelling	366
stumbled	366
stupidity	366
suppress	366
sweating	366
swings	366
tangible	366
tara	366
textbooks	366
theo	366
tilt	366
tonight's	366
tougher	366
trivial	366
turks	366
unofficial	366
veil	366
versatile	366
warsaw	366
wed	366
wr	366
yi	366
zoe	366
acknowledging	365
alec	365
anthropology	365
apple's	365
artery	365
bamboo	365
basil	365
blackberry	365
bolton	365
bombay	365
booze	365
brennan	365
bronx	365
buzzing	365
caliber	365
cbd	365
cellphone	365
chord	365
clare	365
concessions	365
contracting	365
cooks	365
corporal	365
courtyard	365
crafted	365
crest	365
crowned	365
cynthia	365
dang	365
deception	365
decor	365
defeating	365
derivative	365
discomfort	365
dominican	365
drastically	365
driveway	365
duel	365
edwin	365
elf	365
ev	365
evenly	365
exemption	365
fashionable	365
fetch	365
fishermen	365
flipped	365
fo	365
formidable	365
frankie	365
furnished	365
fuzzy	365
gibbs	365
gmt	365
gothic	365
graffiti	365
grenade	365
guitars	365
hague	365
hamlet	365
hampton	365
hc	365
helm	365
herbs	365
herman	365
higgins	365
highlands	365
honours	365
hooks	365
hrs	365
html	365
hugely	365
hypocrisy	365
imagining	365
inaccurate	365
inception	365
incompetent	365
indefinitely	365
intervene	365
japan's	365
jerseys	365
jessie	365
jp	365
jules	365
katy	365
kin	365
kirby	365
kobe	365
kris	365
laurie	365
legislators	365
lobster	365
logged	365
loneliness	365
loops	365
mae	365
malaria	365
manifesto	365
manuscripts	365
masked	365
maze	365
methodist	365
monaco	365
monastery	365
morals	365
mutations	365
naomi	365
narrowly	365
negligence	365
nexus	365
nicer	365
nightclub	365
numerical	365
obsolete	365
offences	365
optic	365
panda	365
panther	365
paul's	365
peas	365
perkins	365
posture	365
prague	365
preseason	365
qaeda	365
raging	365
rc	365
receptors	365
refresh	365
resonance	365
ruthless	365
salvage	365
samurai	365
sasha	365
satire	365
saul	365
seafood	365
shakes	365
signaling	365
simplest	365
slash	365
spaghetti	365
speedy	365
spying	365
staging	365
standpoint	365
statues	365
stein	365
sway	365
tasting	365
tempting	365
terminate	365
torque	365
towels	365
trailers	365
transforming	365
trinidad	365
uk's	365
unconstitutional	365
undermine	365
underwent	365
vacancy	365
var	365
veto	365
villains	365
vocational	365
wenger	365
wickets	365
withstand	365
woodland	365
zinc	365
accustomed	364
adequately	364
ahmad	364
alicia	364
amazingly	364
ambitions	364
applicant	364
approximate	364
assemble	364
averages	364
baghdad	364
ballots	364
bam	364
bargaining	364
barrett	364
bates	364
baton	364
beginnings	364
births	364
breakup	364
brew	364
bulldogs	364
camel	364
canberra	364
catering	364
charger	364
checkout	364
chefs	364
chronicles	364
chunk	364
classmates	364
coca	364
cocoa	364
comet	364
compartment	364
compositions	364
conditioned	364
contestants	364
cooled	364
corpus	364
coupons	364
cove	364
cozy	364
culturally	364
currents	364
deficiency	364
deported	364
deposited	364
derivatives	364
deserted	364
dictatorship	364
disrespectful	364
dread	364
dub	364
dummy	364
ecuador	364
edmonton	364
electorate	364
enhancing	364
entertained	364
erosion	364
explores	364
expo	364
favourites	364
fibers	364
fitzgerald	364
flank	364
flare	364
fleeing	364
flirting	364
forex	364
gallons	364
gamers	364
generators	364
geoffrey	364
goodnight	364
gus	364
handmade	364
hartford	364
hawkins	364
hazards	364
hostages	364
icc	364
incidence	364
intimacy	364
italians	364
jul	364
kat	364
kerr	364
kitten	364
knicks	364
koch	364
lagos	364
lan	364
lender	364
leone	364
lever	364
lisbon	364
lu	364
marketed	364
marty	364
mileage	364
morton	364
multiplayer	364
municipalities	364
mutant	364
mutation	364
mythology	364
neal	364
neon	364
nile	364
nolan	364
northeastern	364
noticing	364
nun	364
nutritional	364
ow	364
pathways	364
pedal	364
pest	364
pillar	364
pitches	364
plausible	364
pledged	364
poly	364
polymer	364
precipitation	364
prosecutors	364
protections	364
pup	364
quarantine	364
query	364
raf	364
rallies	364
rapids	364
reacted	364
restraint	364
rests	364
retains	364
revived	364
rift	364
romney	364
russ	364
salesman	364
scarlet	364
screws	364
sensing	364
serena	364
sewer	364
shipments	364
shits	364
smack	364
sonny	364
southwestern	364
spared	364
spokesperson	364
stalking	364
standardized	364
stitch	364
substrate	364
sultan	364
supremacy	364
swallowed	364
swell	364
symptom	364
thanked	364
theoretically	364
thirst	364
transitional	364
tuna	364
unused	364
valleys	364
viewpoint	364
vinegar	364
wards	364
warrants	364
wig	364
accessory	363
advisors	363
advocating	363
affiliation	363
aggressively	363
align	363
allergies	363
amnesty	363
angus	363
anita	363
apologized	363
assad	363
assertion	363
astronomy	363
atop	363
attic	363
attracts	363
australians	363
autobiography	363
av	363
await	363
bastards	363
becky	363
bing	363
bothering	363
broadcaster	363
buddhism	363
buds	363
cache	363
carmen	363
carrots	363
cds	363
chewing	363
clinton's	363
coherent	363
comfy	363
comrades	363
conceded	363
condo	363
conflicting	363
conrad	363
consulted	363
criticize	363
crooked	363
cultivation	363
dads	363
decreases	363
dicks	363
ding	363
discontinued	363
displacement	363
disrespect	363
distorted	363
divers	363
dividing	363
dow	363
downloads	363
drastic	363
edible	363
edmund	363
ella	363
emerson	363
endorse	363
enhancement	363
evenings	363
fax	363
fiat	363
fiona	363
firefighters	363
flick	363
fowler	363
funky	363
gag	363
gee	363
gigantic	363
gill	363
groom	363
guarded	363
guitarist	363
halftime	363
hamas	363
harriet	363
hash	363
helena	363
hogan	363
holden	363
hydro	363
ig	363
illustrates	363
inactive	363
inputs	363
inspect	363
inspections	363
inspectors	363
instincts	363
interpretations	363
je	363
jj	363
knots	363
lana	363
laurel	363
lawsuits	363
leftist	363
legitimacy	363
linkedin	363
lizard	363
lyric	363
maximize	363
morally	363
mushroom	363
naples	363
nigga	363
noel	363
occupying	363
organizers	363
owens	363
paradox	363
peacefully	363
periodic	363
philly	363
plead	363
podium	363
portray	363
practitioner	363
pradesh	363
progressed	363
puck	363
ratios	363
reconsider	363
redskins	363
reductions	363
refrain	363
replaces	363
reproduce	363
researching	363
rigged	363
rite	363
rum	363
safari	363
saunders	363
scaling	363
scorer	363
seldom	363
shareholder	363
simone	363
sis	363
slams	363
slices	363
soy	363
spilled	363
squash	363
stacked	363
statewide	363
stationary	363
styled	363
subdivision	363
succeeding	363
sunderland	363
surrendered	363
tar	363
tariffs	363
temporal	363
tracker	363
turbine	363
tyson	363
unavailable	363
universally	363
unlucky	363
utilizing	363
uv	363
volunteered	363
vomiting	363
warden	363
warp	363
whisky	363
who'd	363
winters	363
womb	363
yogurt	363
abe	362
abolished	362
abusing	362
algeria	362
alpine	362
ambient	362
aquatic	362
argentine	362
armored	362
assert	362
atheist	362
balances	362
bandwidth	362
barbecue	362
beforehand	362
bipolar	362
bladder	362
blossom	362
body's	362
bolts	362
bombed	362
campaigning	362
canned	362
captains	362
caravan	362
carrot	362
chanting	362
chevrolet	362
clive	362
compressed	362
comprise	362
computational	362
conceptual	362
coolest	362
currencies	362
damp	362
danielle	362
databases	362
debit	362
demolition	362
denis	362
detailing	362
differentiate	362
dim	362
discouraged	362
discovers	362
donkey	362
doo	362
downstream	362
earrings	362
earthquakes	362
ebola	362
eg	362
elites	362
ellie	362
empirical	362
enlarged	362
enzymes	362
esther	362
everybody's	362
fantasies	362
faulty	362
fertile	362
feud	362
filmmaker	362
formations	362
fortunes	362
frankfurt	362
freedoms	362
furnace	362
fuse	362
fuss	362
gale	362
gamer	362
generosity	362
gerry	362
gluten	362
goodman	362
gorilla	362
guatemala	362
hamburg	362
harvested	362
hath	362
heavyweight	362
humane	362
humanities	362
inflicted	362
interviewing	362
jedi	362
jennings	362
journeys	362
labelled	362
lawful	362
lawmakers	362
leased	362
lena	362
loosely	362
lord's	362
lotus	362
luna	362
mails	362
malik	362
mantle	362
mascot	362
metabolic	362
meth	362
mf	362
midfield	362
militant	362
missionaries	362
mohammad	362
nicolas	362
nostalgia	362
ottoman	362
paddy	362
paperback	362
paved	362
pavilion	362
peasant	362
perks	362
philosophers	362
pillars	362
pointer	362
policing	362
predicting	362
presume	362
presumed	362
printers	362
rapist	362
reacting	362
rebuilt	362
rec	362
rectangular	362
regulator	362
renting	362
restructuring	362
ridden	362
ro	362
rudy	362
sabotage	362
sanctioned	362
sarcasm	362
savannah	362
scans	362
seekers	362
sentencing	362
sexist	362
shaving	362
shutdown	362
sic	362
slammed	362
snp	362
stresses	362
suffolk	362
surpassed	362
swansea	362
sweets	362
syracuse	362
tally	362
tehran	362
termed	362
tha	362
thriving	362
timed	362
tm	362
trending	362
trolls	362
tucked	362
tumors	362
ui	362
unanimously	362
undefeated	362
unfamiliar	362
upgrading	362
vale	362
valencia	362
vastly	362
vile	362
violently	362
wedge	362
wisely	362
wizards	362
wrecked	362
yesterday's	362
yuri	362
adaptive	361
addictive	361
affinity	361
alloy	361
apartheid	361
arises	361
arthritis	361
authorised	361
ay	361
bale	361
barton	361
beaver	361
boasts	361
brunswick	361
buenos	361
caller	361
carnegie	361
casualty	361
cavity	361
chap	361
cites	361
colts	361
comforting	361
conway	361
courthouse	361
crank	361
cv	361
dante	361
darn	361
deborah	361
decks	361
diaries	361
differing	361
disgust	361
dispatched	361
dissolution	361
disturbance	361
dog's	361
dominic	361
doubling	361
ee	361
emerges	361
enclosure	361
evangelical	361
examinations	361
exceeding	361
expresses	361
exquisite	361
factual	361
fading	361
falsely	361
famine	361
fares	361
feminists	361
fiji	361
flavors	361
fraudulent	361
freeway	361
freshly	361
gazette	361
geek	361
geo	361
granny	361
handicap	361
hansen	361
hmmm	361
homage	361
homo	361
hostility	361
hymn	361
hypothetical	361
informative	361
infringement	361
internship	361
interrupt	361
invade	361
irritating	361
jacksonville	361
jasmine	361
katrina	361
kid's	361
knockout	361
lantern	361
linen	361
lookout	361
misunderstood	361
moonlight	361
moose	361
mosquito	361
motel	361
motherfucker	361
mueller	361
narratives	361
nobody's	361
noun	361
novelist	361
nsfw	361
oaks	361
omaha	361
onwards	361
overthrow	361
paradigm	361
pavement	361
payday	361
perpetual	361
pga	361
physiology	361
pigeon	361
plateau	361
playlist	361
plc	361
possesses	361
possessing	361
precinct	361
premiership	361
presentations	361
proliferation	361
prosecuted	361
pseudo	361
pudding	361
reformed	361
refrigerator	361
regeneration	361
regina	361
remembrance	361
reminiscent	361
reps	361
resentment	361
resin	361
resisted	361
rosie	361
rotary	361
rupert	361
rusty	361
scarce	361
sibling	361
simulator	361
sl	361
slippery	361
slips	361
snyder	361
soak	361
sock	361
sorting	361
spectacle	361
stint	361
storey	361
suicidal	361
suv	361
symposium	361
tabs	361
tailor	361
terminals	361
thrilling	361
tottenham	361
toughest	361
trajectory	361
triggers	361
tt	361
underrated	361
unidentified	361
unrest	361
unseen	361
utmost	361
waiter	361
weary	361
wiki	361
wills	361
willy	361
wimbledon	361
witches	361
wwii	361
youths	361
accusation	360
adapter	360
adjustable	360
adulthood	360
advisers	360
advocated	360
affiliates	360
agony	360
allergy	360
armenian	360
astronaut	360
attain	360
attendant	360
authenticity	360
avery	360
backstage	360
banners	360
bedford	360
benchmark	360
benghazi	360
benny	360
benson	360
beverages	360
binge	360
biscuits	360
bloc	360
bouncing	360
bourbon	360
breaker	360
breathtaking	360
browsing	360
brutality	360
bumps	360
calculus	360
cancers	360
capitals	360
careless	360
caste	360
cellar	360
cerebral	360
champs	360
chant	360
cheerful	360
cinematic	360
climax	360
clippers	360
cockpit	360
cocktails	360
colon	360
communion	360
condom	360
consul	360
contender	360
crimson	360
crypto	360
cultivated	360
curly	360
debated	360
degradation	360
devil's	360
dexter	360
disappearing	360
discs	360
distributors	360
duh	360
dundee	360
elaine	360
electrons	360
emerald	360
ensures	360
equilibrium	360
europa	360
evelyn	360
evidently	360
exhausting	360
extras	360
famed	360
fargo	360
fascinated	360
fences	360
fetus	360
flaw	360
flawless	360
fooled	360
forrest	360
gigs	360
grad	360
granddaughter	360
gymnastics	360
hale	360
helmets	360
hercules	360
hereby	360
honduras	360
hotter	360
humorous	360
ignores	360
incurred	360
indications	360
indoors	360
intercourse	360
interestingly	360
isaiah	360
isolate	360
israel's	360
jurisdictions	360
kathleen	360
kendall	360
knocks	360
lancashire	360
lawson	360
lesbians	360
lindsey	360
listens	360
london's	360
mailing	360
manipulated	360
mao	360
mare	360
marxist	360
meadow	360
meadows	360
ministries	360
motivate	360
mound	360
muddy	360
mystic	360
ness	360
nominal	360
norris	360
o'connor	360
ohh	360
ordinance	360
osborne	360
oscars	360
outlines	360
pairing	360
pam	360
parsons	360
pertaining	360
poke	360
poorer	360
portsmouth	360
praising	360
pres	360
presbyterian	360
prick	360
prolific	360
proportional	360
prosperous	360
quarry	360
referral	360
repost	360
respecting	360
restless	360
rugged	360
sammy	360
sap	360
sarcastic	360
scholarly	360
segregation	360
seymour	360
shaken	360
sheikh	360
sheriff's	360
shines	360
sinclair	360
sinister	360
stared	360
strait	360
suppressed	360
sylvia	360
teamed	360
tents	360
testosterone	360
thicker	360
tis	360
town's	360
ventilation	360
viking	360
weaver	360
weber	360
wes	360
williamson	360
yankee	360
yarn	360
abide	359
accumulation	359
admiration	359
aesthetics	359
aj	359
altering	359
anton	359
archie	359
asserted	359
attacker	359
augusta	359
authoritarian	359
avail	359
bahrain	359
banquet	359
barker	359
behaved	359
bentley	359
benz	359
billed	359
billing	359
booty	359
brackets	359
bravery	359
brit	359
browse	359
brutally	359
buff	359
calorie	359
cdc	359
chamberlain	359
cis	359
claw	359
collects	359
coloring	359
commence	359
compatibility	359
conditional	359
congratulate	359
constructing	359
converts	359
coordinating	359
cortex	359
courageous	359
crawling	359
crusade	359
cynical	359
damascus	359
devised	359
discarded	359
disrupt	359
donating	359
donovan	359
drills	359
duplicate	359
dynamite	359
echoes	359
economical	359
elastic	359
empowered	359
examines	359
exceeds	359
exposition	359
fart	359
fearing	359
fetish	359
fixes	359
fla	359
fluffy	359
fundamentals	359
fundraiser	359
funniest	359
fx	359
gadgets	359
gaga	359
garment	359
geometric	359
gestures	359
goldman	359
google's	359
gracious	359
grin	359
gta	359
halifax	359
hanna	359
happiest	359
heap	359
highs	359
hum	359
humility	359
impeachment	359
inherently	359
insults	359
inventor	359
isa	359
jailed	359
jasper	359
jewels	359
juliet	359
karachi	359
kickstarter	359
kurdish	359
leopard	359
librarian	359
lobbying	359
lumber	359
lydia	359
mackenzie	359
madam	359
marital	359
mayer	359
meds	359
mis	359
mma	359
multitude	359
muse	359
nanny	359
nineteen	359
nipples	359
nucleus	359
oc	359
orbital	359
organism	359
outgoing	359
overhaul	359
pancakes	359
pas	359
patriotism	359
periodically	359
piles	359
player's	359
plumbing	359
poppy	359
pratt	359
precautions	359
predecessors	359
protested	359
raced	359
raleigh	359
readiness	359
redundant	359
regulators	359
rejecting	359
remarked	359
resemblance	359
rested	359
rib	359
rods	359
roth	359
sacks	359
seizures	359
sermon	359
shes	359
sister's	359
slender	359
sloppy	359
smith's	359
snapchat	359
socialists	359
societal	359
soviets	359
spec	359
sponge	359
steele	359
sucker	359
suns	359
superiority	359
supervised	359
surreal	359
tease	359
tendencies	359
tiffany	359
titanic	359
tomorrow's	359
transitions	359
transmitter	359
transporting	359
typhoon	359
unreal	359
upheld	359
vaccination	359
valerie	359
valves	359
vampires	359
vibration	359
vitamins	359
wartime	359
weakest	359
wicket	359
winnipeg	359
worcester	359
zurich	359
abdominal	358
adolescent	358
advertisers	358
airing	358
announcer	358
awaited	358
baba	358
backdrop	358
bae	358
beau	358
begged	358
blackout	358
bluff	358
bollywood	358
brushes	358
bushes	358
cartel	358
casts	358
catastrophic	358
caucus	358
charcoal	358
cheesy	358
cheryl	358
choking	358
cindy	358
citrus	358
clad	358
clocks	358
coached	358
coded	358
columnist	358
competence	358
condolences	358
constituent	358
constituted	358
contacting	358
contagious	358
contexts	358
conveniently	358
courtroom	358
cushion	358
cyclist	358
darkest	358
diaz	358
dictate	358
directs	358
discounted	358
distributing	358
dnc	358
dominating	358
doris	358
dorm	358
drafts	358
drip	358
duct	358
eccentric	358
educating	358
electro	358
electromagnetic	358
emblem	358
endured	358
ew	358
expands	358
fabrics	358
facto	358
falcons	358
fascism	358
fats	358
fearful	358
festive	358
film's	358
flyer	358
forecasts	358
foreman	358
framing	358
gallagher	358
geared	358
geoff	358
george's	358
giles	358
gina	358
glacier	358
gomez	358
gs	358
hindus	358
hu	358
hunted	358
hurricanes	358
implying	358
improper	358
influx	358
informing	358
installment	358
isles	358
jen	358
judaism	358
keller	358
kernel	358
kung	358
larvae	358
lexington	358
liaison	358
lima	358
mary's	358
memoirs	358
miner	358
mk	358
mosaic	358
mustang	358
mw	358
n't	358
needy	358
nichols	358
offenses	358
optics	358
orphan	358
passions	358
patient's	358
patty	358
peyton	358
pies	358
pineapple	358
pissing	358
plaintiffs	358
plastics	358
poisoned	358
potassium	358
priceless	358
projecting	358
prostitute	358
reflective	358
rents	358
residing	358
resilience	358
resisting	358
romanian	358
roofs	358
rotate	358
royce	358
sans	358
saxon	358
scissors	358
seaside	358
semitic	358
shampoo	358
shaun	358
shri	358
silently	358
similarity	358
smelling	358
socio	358
stabbing	358
staircase	358
stamped	358
steroids	358
stitches	358
subsidiaries	358
swipe	358
tang	358
tango	358
telecom	358
tighter	358
tolerant	358
touchdowns	358
toxicity	358
trumpet	358
tuberculosis	358
ukip	358
undergone	358
willingly	358
woah	358
wrapping	358
youthful	358
accents	357
adhere	357
adidas	357
advising	357
affirmative	357
agnes	357
alarms	357
alliances	357
alma	357
ambiguous	357
archaeology	357
arse	357
attained	357
aus	357
autopsy	357
baltic	357
berries	357
blitz	357
blockade	357
bosnia	357
brightness	357
bruins	357
brushed	357
burma	357
calculating	357
campuses	357
cartridge	357
cashier	357
cigar	357
circa	357
citations	357
claudia	357
cloak	357
cologne	357
colombian	357
colt	357
combustion	357
comprehension	357
concession	357
condoms	357
crescent	357
crises	357
criticizing	357
defective	357
denise	357
deportation	357
deserving	357
discourage	357
disgusted	357
disposable	357
distressed	357
dover	357
dumbass	357
dungeon	357
dwell	357
edison	357
edith	357
enforcing	357
entrepreneurship	357
eps	357
erie	357
essentials	357
fasting	357
fiery	357
finalists	357
flipping	357
flux	357
fueled	357
gc	357
georgetown	357
gimme	357
goofy	357
hai	357
hancock	357
handwriting	357
hassle	357
heartbreaking	357
hector	357
hicks	357
hobbies	357
hog	357
homeowners	357
ibrahim	357
immensely	357
inauguration	357
incorrectly	357
ind	357
indicative	357
inexpensive	357
instructors	357
intercept	357
intuitive	357
invent	357
irwin	357
isabel	357
jamaican	357
jockey	357
jolly	357
jorge	357
ju	357
kazakhstan	357
kenyan	357
landlords	357
latitude	357
lea	357
libertarian	357
luxembourg	357
majestic	357
mariners	357
mastered	357
mastery	357
mats	357
mccoy	357
metropolis	357
mohamed	357
mummy	357
neville	357
nominate	357
np	357
offend	357
oo	357
orchard	357
organizer	357
outraged	357
overdose	357
pamela	357
paragraphs	357
parallels	357
parameter	357
passwords	357
pathology	357
peggy	357
piercing	357
plotting	357
poisonous	357
pounding	357
pretended	357
procession	357
purge	357
reacts	357
relocation	357
rhino	357
riches	357
ripping	357
rosemary	357
rubbed	357
sandstone	357
sanitation	357
satisfactory	357
scooter	357
sculptures	357
season's	357
secrecy	357
seeded	357
separates	357
sergio	357
shameful	357
shortest	357
sid	357
skipping	357
skirts	357
sliced	357
soils	357
springer	357
staples	357
stokes	357
storing	357
summed	357
supervisors	357
sweetie	357
swollen	357
tanzania	357
technicians	357
tor	357
transformers	357
traveler	357
tunisia	357
umm	357
unauthorized	357
undo	357
unnamed	357
upsetting	357
vans	357
venom	357
victorious	357
vines	357
visuals	357
wary	357
watering	357
wellness	357
whispers	357
windy	357
winger	357
wordpress	357
wraps	357
youngsters	357
abby	356
abdomen	356
abducted	356
abruptly	356
aha	356
aleppo	356
alerts	356
alps	356
amidst	356
antarctic	356
antibodies	356
aquarium	356
armenia	356
aspiring	356
asteroid	356
band's	356
barbie	356
batter	356
baxter	356
bedtime	356
belongings	356
bloomberg	356
blush	356
booster	356
braves	356
bun	356
businessmen	356
calculator	356
calmly	356
captivity	356
catastrophe	356
chemotherapy	356
cinemas	356
circulating	356
claws	356
cleansing	356
clears	356
clicked	356
commute	356
complementary	356
concussion	356
connectivity	356
consulate	356
contend	356
convict	356
craving	356
culinary	356
demographics	356
departing	356
din	356
dir	356
discrete	356
disguised	356
dissent	356
disturb	356
docks	356
dt	356
earns	356
emergencies	356
eminent	356
encryption	356
endeavor	356
enthusiasts	356
erica	356
escapes	356
everything's	356
exported	356
fencing	356
filtering	356
flashes	356
fleming	356
flop	356
follower	356
franchises	356
fraternity	356
freaks	356
frogs	356
fronts	356
furry	356
glitter	356
graveyard	356
hanged	356
hardship	356
harlem	356
hen	356
hoover	356
implication	356
induce	356
insecurity	356
interrogation	356
intimidating	356
inventions	356
irrational	356
jaws	356
lamar	356
leafs	356
league's	356
lennon	356
lettuce	356
liabilities	356
lithium	356
lowe	356
lucrative	356
macmillan	356
malone	356
managerial	356
mandated	356
mango	356
miley	356
militants	356
milo	356
mister	356
moderately	356
mri	356
multimedia	356
multinational	356
nationalists	356
nh	356
oasis	356
oddly	356
ons	356
oppressed	356
osaka	356
ouch	356
outsiders	356
outskirts	356
overlapping	356
overs	356
paced	356
pagan	356
painters	356
pals	356
planetary	356
playboy	356
porcelain	356
processors	356
programmer	356
promoter	356
psalm	356
psychiatry	356
psychologists	356
pubs	356
pursuant	356
recycled	356
renovated	356
repetitive	356
researched	356
revelations	356
reversal	356
rhyme	356
rue	356
safest	356
saturdays	356
savvy	356
scanner	356
schizophrenia	356
scratching	356
seriousness	356
sheila	356
shelby	356
sparkling	356
spree	356
stafford	356
stakeholders	356
stevenson	356
submitting	356
subsidy	356
sup	356
superficial	356
sweaty	356
tailored	356
tame	356
tanner	356
taps	356
tf	356
thinner	356
thugs	356
tipping	356
toni	356
topping	356
tracing	356
truman	356
upstream	356
vapor	356
veronica	356
vow	356
waitress	356
walnut	356
waterfront	356
wembley	356
whatsapp	356
winchester	356
witty	356
woven	356
wyatt	356
zack	356
acquaintance	355
aires	355
ambassadors	355
ambush	355
amelia	355
amend	355
arranging	355
arrogance	355
attendees	355
audrey	355
aussie	355
awaits	355
baptism	355
beirut	355
blames	355
blasting	355
bloke	355
blond	355
blur	355
blvd	355
boogie	355
booker	355
bothers	355
bowel	355
brightest	355
brow	355
budapest	355
bulbs	355
bureaucracy	355
cabbage	355
canton	355
cater	355
celtics	355
chimney	355
chrysler	355
circulated	355
cloudy	355
colourful	355
compassionate	355
comrade	355
concentrating	355
continents	355
convertible	355
cory	355
crater	355
creeping	355
cu	355
cumulative	355
curator	355
dat	355
deity	355
desperation	355
detrimental	355
diarrhea	355
disposed	355
distortion	355
doctoral	355
draining	355
drains	355
dramas	355
drifting	355
edged	355
educator	355
entitlement	355
esp	355
faux	355
favoured	355
fearless	355
finch	355
fragment	355
fulfil	355
galaxies	355
gangster	355
garner	355
gil	355
giveaway	355
graphs	355
gypsy	355
harassed	355
heater	355
hesitation	355
humiliation	355
ic	355
impairment	355
impatient	355
incorporates	355
indy	355
insisting	355
intricate	355
irvine	355
jensen	355
kang	355
kara	355
karate	355
kc	355
kingdoms	355
kite	355
labeling	355
leasing	355
lighthouse	355
longevity	355
lore	355
lush	355
luxurious	355
mal	355
mash	355
mba	355
meg	355
meltdown	355
messiah	355
meteor	355
ministerial	355
mmm	355
mocking	355
monty	355
motions	355
mystical	355
nu	355
obstruction	355
odyssey	355
om	355
onboard	355
oneself	355
org	355
outsider	355
overcoming	355
palms	355
penetrate	355
phelps	355
phi	355
philippe	355
pioneers	355
plaintiff	355
planners	355
plum	355
plural	355
poe	355
portrayal	355
prevail	355
prevailing	355
prostitutes	355
publishes	355
puff	355
pun	355
puzzles	355
rag	355
raj	355
rampant	355
recommending	355
reggie	355
regulating	355
repairing	355
repeats	355
replicate	355
replying	355
retaliation	355
rf	355
risking	355
rooftop	355
rooting	355
routing	355
rv	355
safeguard	355
scaled	355
sedan	355
sentiments	355
sewage	355
sgt	355
ship's	355
shoppers	355
simpsons	355
sitcom	355
slang	355
slid	355
sparked	355
spices	355
spirited	355
spirituality	355
spoiler	355
suitcase	355
summon	355
survives	355
sustaining	355
tavern	355
teasing	355
telegram	355
titanium	355
trailing	355
tuck	355
turbulence	355
ulster	355
unesco	355
uneven	355
urgency	355
vibes	355
victim's	355
viktor	355
ware	355
waterproof	355
welcomes	355
whining	355
wonderfully	355
wording	355
zelda	355
abdullah	354
academia	354
accreditation	354
administer	354
admittedly	354
aforementioned	354
algae	354
alterations	354
angelo	354
apache	354
ariel	354
articulate	354
asbestos	354
atleast	354
avoidance	354
babylon	354
barney	354
bearings	354
bjp	354
boutique	354
bowie	354
brewer	354
brits	354
buffet	354
burner	354
cain	354
casa	354
catcher	354
cathy	354
charms	354
chassis	354
chores	354
clap	354
clarification	354
colder	354
concluding	354
consolation	354
consoles	354
corresponds	354
counters	354
covert	354
cringe	354
crosby	354
cunningham	354
cw	354
dagger	354
dealings	354
deferred	354
depicting	354
descriptive	354
dialect	354
dipped	354
dolly	354
downfall	354
downside	354
dryer	354
dunk	354
elijah	354
empowerment	354
endings	354
energies	354
ensuing	354
ensured	354
ethic	354
executing	354
expire	354
fireplace	354
flair	354
fossils	354
fugitive	354
gpa	354
greenwich	354
gujarat	354
hah	354
hanson	354
haunt	354
hayden	354
hazel	354
headset	354
hernandez	354
hk	354
homecoming	354
hurdles	354
hussein	354
hyped	354
icy	354
indulge	354
inmate	354
inscription	354
interpreter	354
intuition	354
invaluable	354
jaime	354
jenna	354
js	354
kaiser	354
kettle	354
kylie	354
laptops	354
lara	354
lasers	354
lax	354
lest	354
levi	354
lilly	354
malta	354
markings	354
mcconnell	354
mcgregor	354
menace	354
methane	354
mexicans	354
ming	354
misuse	354
mitigate	354
mona	354
month's	354
nairobi	354
nana	354
nausea	354
neurological	354
nicola	354
optimum	354
ounces	354
overwhelmingly	354
oyster	354
pastoral	354
patented	354
pea	354
pearls	354
physiological	354
pioneering	354
pleasures	354
policemen	354
poo	354
poultry	354
prominence	354
prophets	354
prosecute	354
ptsd	354
quartet	354
radically	354
raping	354
reactive	354
reboot	354
renamed	354
resides	354
restrictive	354
robotic	354
runaway	354
saturn	354
sawyer	354
screenplay	354
scriptures	354
sect	354
seismic	354
seminary	354
sg	354
sheldon	354
shelley	354
shouts	354
sideways	354
sighted	354
skinned	354
skipper	354
slain	354
smuggling	354
softer	354
sonia	354
specs	354
squads	354
stash	354
stephens	354
stimulating	354
strawberries	354
striped	354
stroll	354
swiftly	354
texans	354
theatres	354
tolerated	354
transcription	354
tucson	354
tweeting	354
ul	354
unicorn	354
uniquely	354
unrealistic	354
vase	354
vat	354
vineyard	354
viola	354
waterfall	354
waved	354
weaving	354
welding	354
whereabouts	354
yah	354
yummy	354
zeus	354
abortions	353
acknowledges	353
adobe	353
adolescents	353
ala	353
alarming	353
alexandra	353
almond	353
amenities	353
amounted	353
amused	353
antarctica	353
arabian	353
ari	353
asphalt	353
atrocities	353
aviv	353
bach	353
backbone	353
bahamas	353
beetle	353
blizzard	353
bolivia	353
booklet	353
bottoms	353
brawl	353
brittany	353
bryce	353
bu	353
burgess	353
butts	353
camden	353
cameroon	353
celestial	353
characterization	353
chevy	353
choked	353
ci	353
clashes	353
clint	353
comin	353
communicated	353
confessions	353
conform	353
conversely	353
countess	353
court's	353
creations	353
cues	353
customary	353
dalton	353
debuted	353
declines	353
depicts	353
devote	353
dinners	353
diplomats	353
dispose	353
distinctly	353
evacuate	353
everett	353
exits	353
experimenting	353
exploding	353
exploits	353
favourable	353
ferdinand	353
flourish	353
flowering	353
fractures	353
fragrance	353
franz	353
fungus	353
germany's	353
gloucester	353
griffith	353
guarding	353
gunfire	353
harvesting	353
havana	353
heroine	353
hilary	353
hoax	353
imf	353
impending	353
insignificant	353
insurer	353
intercepted	353
interfering	353
itv	353
jonah	353
kerala	353
knowledgeable	353
ku	353
liberated	353
lingerie	353
lite	353
localities	353
locke	353
logos	353
lurking	353
madden	353
magician	353
magistrates	353
mai	353
mali	353
maneuver	353
marrow	353
marvelous	353
mas	353
mattered	353
medicinal	353
melanie	353
mono	353
murderers	353
nas	353
numb	353
omitted	353
originals	353
overlook	353
partnered	353
pastry	353
pawn	353
pediatric	353
persist	353
personalized	353
planner	353
plaster	353
playful	353
pleading	353
professions	353
quirky	353
quota	353
quran	353
randolph	353
rationale	353
reap	353
rebound	353
recess	353
redeem	353
reformation	353
regimes	353
replacements	353
residue	353
robotics	353
rocked	353
runoff	353
rwanda	353
salsa	353
scanned	353
screenshots	353
semiconductor	353
sentimental	353
serbian	353
severed	353
shocks	353
simultaneous	353
slaughtered	353
snatch	353
sneakers	353
somali	353
spikes	353
spooky	353
squeezed	353
staffing	353
stanton	353
stealth	353
strained	353
subscribed	353
subset	353
suspense	353
suzanne	353
swearing	353
swore	353
syntax	353
tad	353
tandem	353
tasked	353
tasmania	353
televised	353
tempered	353
tertiary	353
thyroid	353
tidy	353
timeless	353
tokens	353
uefa	353
unreliable	353
upbeat	353
usable	353
vanguard	353
vc	353
vomit	353
vulgar	353
waiver	353
walton	353
watershed	353
weave	353
wilkinson	353
wiring	353
yan	353
adrenaline	352
alexa	352
alleviate	352
amd	352
anarchy	352
ang	352
arent	352
artist's	352
ashore	352
aura	352
bachelor's	352
baden	352
ballroom	352
beginner	352
beginners	352
bermuda	352
bilingual	352
bombings	352
bonded	352
boosting	352
boyle	352
brenda	352
brewers	352
briggs	352
buchanan	352
buckingham	352
bundles	352
calcutta	352
caleb	352
canopy	352
chennai	352
cherish	352
chuckle	352
civilized	352
comb	352
completes	352
complexes	352
conceal	352
condemnation	352
contemplating	352
cores	352
cruiser	352
cruising	352
curl	352
dams	352
dared	352
dart	352
defends	352
demolished	352
denim	352
dependency	352
detecting	352
dew	352
dickens	352
disable	352
disconnected	352
dishonest	352
dosage	352
doubtful	352
dysfunction	352
ecosystems	352
encyclopedia	352
endowment	352
engraved	352
enrichment	352
erect	352
erection	352
eruption	352
examiner	352
exercised	352
exeter	352
expenditures	352
expires	352
fairfax	352
fam	352
fauna	352
feds	352
fidelity	352
finely	352
fischer	352
flirt	352
fluent	352
flute	352
footprint	352
fore	352
forefront	352
formulated	352
freaked	352
freshwater	352
fyi	352
gareth	352
gotham	352
gr	352
grouped	352
halted	352
harden	352
hardened	352
hateful	352
haunting	352
henri	352
hepatitis	352
honoring	352
horace	352
horrors	352
howe	352
huntington	352
ieee	352
inhabited	352
inherit	352
initiation	352
injections	352
insulted	352
integrating	352
intensely	352
ions	352
janeiro	352
jeopardy	352
joanna	352
kensington	352
ks	352
lafayette	352
lc	352
listener	352
lockdown	352
mandarin	352
mast	352
matte	352
mccartney	352
mediocre	352
middleton	352
mixes	352
morons	352
morse	352
mounts	352
nfc	352
niagara	352
nicest	352
nicotine	352
nl	352
nora	352
nordic	352
nos	352
notions	352
oranges	352
outward	352
overrated	352
packaged	352
packets	352
paige	352
passports	352
pb	352
pbs	352
peanuts	352
pep	352
piracy	352
platoon	352
practise	352
presses	352
rave	352
reactors	352
recreate	352
reeves	352
reigns	352
reno	352
resembling	352
residual	352
restricting	352
robe	352
rpg	352
rye	352
sails	352
sayin	352
sensational	352
sexism	352
smokers	352
sneaky	352
socket	352
spanning	352
specifics	352
spouses	352
starvation	352
starve	352
stool	352
stricken	352
stripping	352
subscriber	352
systematically	352
taxed	352
tc	352
tex	352
thanking	352
tibet	352
toledo	352
tread	352
tripping	352
truce	352
tsunami	352
turbines	352
turmoil	352
typed	352
tyranny	352
tyres	352
unfit	352
uphold	352
vita	352
volunteering	352
wal	352
warwick	352
waterloo	352
weeds	352
weir	352
wellbeing	352
wikileaks	352
wonderland	352
wrestler	352
yrs	352
zimmerman	352
zoning	352
abandoning	351
abolition	351
accessibility	351
acquainted	351
airplanes	351
airs	351
aloud	351
angular	351
anterior	351
appendix	351
approx	351
atp	351
attackers	351
auditorium	351
augustine	351
barking	351
bauer	351
beckham	351
behaving	351
benign	351
berkshire	351
bleach	351
boast	351
bowen	351
brandy	351
brethren	351
brink	351
brown's	351
bruh	351
carving	351
cas	351
cass	351
cctv	351
cecil	351
cheeky	351
chemist	351
choi	351
coastline	351
cobra	351
collaborate	351
comparatively	351
compensated	351
competed	351
conor	351
cosmos	351
councillors	351
crafting	351
cuff	351
curling	351
cyclone	351
dedicate	351
deleting	351
delusional	351
deposition	351
derive	351
descend	351
descending	351
diligence	351
disciplined	351
discriminate	351
distributions	351
diversion	351
doorway	351
dp	351
drilled	351
dumpster	351
emailed	351
empower	351
ernst	351
ethiopian	351
europe's	351
excerpt	351
existent	351
ezra	351
fabricated	351
fandom	351
filmmakers	351
filtered	351
foe	351
gatherings	351
georgian	351
getaway	351
glamour	351
governor's	351
heirs	351
humphrey	351
inbox	351
incidentally	351
infinitely	351
inflated	351
influenza	351
informs	351
inspected	351
instructional	351
interviewer	351
introductory	351
iot	351
jaguar	351
jamal	351
judgments	351
laurent	351
licking	351
ling	351
loft	351
lois	351
massively	351
mediated	351
mediation	351
merrill	351
metrics	351
millennials	351
modular	351
nico	351
nutrient	351
occupies	351
oslo	351
outlaw	351
oversee	351
pageant	351
parachute	351
parasite	351
parenthood	351
perennial	351
persistence	351
piers	351
pleas	351
porto	351
postage	351
praises	351
preschool	351
procedural	351
profoundly	351
prohibit	351
pronunciation	351
provoked	351
quotation	351
rappers	351
registers	351
relentless	351
remnants	351
repression	351
reprinted	351
resolving	351
ridiculously	351
roaring	351
salisbury	351
scandals	351
scrapped	351
seasoned	351
shootout	351
sigma	351
simulations	351
sk	351
somethin	351
sourced	351
specializing	351
spectator	351
speculative	351
spins	351
stadiums	351
stalls	351
stripe	351
submerged	351
surgeries	351
symmetry	351
syndicate	351
tae	351
thornton	351
tibetan	351
tighten	351
townsend	351
trenches	351
trustworthy	351
tvs	351
twelfth	351
tyre	351
ultrasound	351
usher	351
vacations	351
vascular	351
vets	351
watkins	351
weiss	351
wholesome	351
wiley	351
witnessing	351
workouts	351
yielded	351
york's	351
absorbing	350
adapting	350
addicts	350
adjoining	350
albuquerque	350
allegation	350
alternating	350
ancestry	350
ankles	350
annex	350
annexed	350
antibiotic	350
arresting	350
augmented	350
avenues	350
avid	350
avoids	350
badges	350
barbados	350
barge	350
bartender	350
bert	350
birch	350
bland	350
blended	350
bohemian	350
bong	350
bounded	350
bows	350
breastfeeding	350
bribe	350
bridal	350
broadcasts	350
broccoli	350
brushing	350
buckets	350
buckle	350
burlington	350
bursts	350
cannes	350
canoe	350
centred	350
chilly	350
chords	350
chu	350
cider	350
clowns	350
clueless	350
cobb	350
consciously	350
corpses	350
correlated	350
correspond	350
cradle	350
crappy	350
crippled	350
damien	350
dayton	350
decency	350
deficits	350
despise	350
destroyer	350
diocese	350
dispersed	350
docs	350
doorstep	350
eliot	350
embarked	350
enriched	350
equip	350
faa	350
fellas	350
foley	350
footing	350
fulton	350
garments	350
glamorous	350
goldberg	350
growers	350
handler	350
hangover	350
haters	350
havent	350
havoc	350
hee	350
hind	350
hitter	350
hive	350
homophobic	350
honolulu	350
humid	350
hyderabad	350
illuminated	350
imam	350
implants	350
indicted	350
inexperienced	350
influencing	350
invading	350
irritated	350
jackpot	350
javascript	350
jurassic	350
kangaroo	350
ke	350
klaus	350
knowingly	350
kuala	350
legged	350
lex	350
liberalism	350
liberia	350
lithuania	350
litre	350
locomotive	350
longing	350
lsu	350
mailed	350
manny	350
mantra	350
mapped	350
marcel	350
mating	350
mckay	350
mesa	350
microscope	350
milky	350
mixer	350
modeled	350
moe	350
monumental	350
moth	350
multiply	350
mv	350
narcotics	350
nicky	350
nuggets	350
nuisance	350
obedience	350
objected	350
obligated	350
organise	350
outing	350
overdue	350
overload	350
parasites	350
payable	350
paycheck	350
peaches	350
peaked	350
picturesque	350
pilgrimage	350
pillows	350
pivot	350
pivotal	350
por	350
pressured	350
preventive	350
primer	350
profitability	350
progressing	350
provoke	350
pulmonary	350
punishing	350
rad	350
radicals	350
raspberry	350
reconcile	350
regression	350
resilient	350
roaming	350
router	350
routines	350
ru	350
ryder	350
sabbath	350
schneider	350
schwartz	350
scouting	350
secretaries	350
selfies	350
seminars	350
shortages	350
shortened	350
shovel	350
skinner	350
smelled	350
smh	350
society's	350
specializes	350
splits	350
staggering	350
statutes	350
striving	350
suing	350
surname	350
synonymous	350
tackling	350
tai	350
tallest	350
taped	350
tedious	350
toxins	350
troubling	350
tug	350
twists	350
utilization	350
volkswagen	350
walkers	350
wink	350
woodward	350
yugoslavia	350
a's	349
actresses	349
adhd	349
ae	349
alonso	349
ancestor	349
arbor	349
astronomical	349
attends	349
attire	349
authored	349
autograph	349
automobiles	349
ava	349
axle	349
barley	349
bd	349
beyonce	349
bitten	349
blasted	349
blasts	349
botanical	349
bottled	349
braces	349
brag	349
breakout	349
bumped	349
bursting	349
car's	349
catchy	349
cbc	349
ceremonial	349
chanel	349
cheque	349
chilled	349
cho	349
choreography	349
cisco	349
clarified	349
cling	349
coco	349
coincide	349
comedians	349
commemorate	349
commits	349
concurrent	349
corrupted	349
coventry	349
crocodile	349
cub	349
derrick	349
diaper	349
differentiation	349
dine	349
disadvantaged	349
disadvantages	349
disagreed	349
dissolve	349
diverted	349
dubious	349
dudley	349
durant	349
eagerly	349
ecclesiastical	349
edt	349
egyptians	349
elk	349
england's	349
enlightened	349
erased	349
escorted	349
eur	349
exhaustion	349
expectancy	349
famously	349
fella	349
fielding	349
fingerprint	349
fisherman	349
flap	349
folklore	349
forgiving	349
fractured	349
galactic	349
gardener	349
getty	349
glee	349
grassroots	349
gravitational	349
grazing	349
guinness	349
gunshot	349
habitats	349
hailed	349
hereditary	349
hiatus	349
homestead	349
horribly	349
horsepower	349
hue	349
icing	349
idols	349
ikea	349
insurers	349
intellect	349
intellectuals	349
intending	349
interchange	349
isabella	349
jihad	349
juventus	349
kidneys	349
knob	349
kristen	349
lahore	349
lapse	349
laundering	349
ledger	349
liga	349
loaf	349
lodged	349
login	349
loot	349
lorenzo	349
magnesium	349
malware	349
mclaren	349
mimic	349
mindful	349
motorcycles	349
mural	349
murdoch	349
musk	349
must've	349
myriad	349
nan	349
nasal	349
nautical	349
neatly	349
negativity	349
northampton	349
noteworthy	349
nuns	349
odor	349
oprah	349
organising	349
overturned	349
overwatch	349
paddle	349
parrot	349
partying	349
patel	349
peg	349
pesticides	349
pixels	349
plunge	349
powerless	349
pragmatic	349
primaries	349
quasi	349
quentin	349
radiant	349
ramsay	349
reese	349
refinery	349
regained	349
reich	349
remorse	349
reopened	349
revoked	349
rhymes	349
rpm	349
sanity	349
scandinavian	349
scotia	349
scratched	349
sears	349
ser	349
sergei	349
sharia	349
showdown	349
shuffle	349
shuts	349
siding	349
simulated	349
skyline	349
slab	349
sprayed	349
stacks	349
startups	349
stocking	349
suarez	349
subscriptions	349
suites	349
supplemental	349
suspicions	349
swimmer	349
tao	349
tariff	349
techno	349
teller	349
textiles	349
therapies	349
theyre	349
trance	349
translating	349
traveller	349
unconditional	349
unforgettable	349
vacancies	349
violates	349
volatility	349
weaken	349
webcam	349
wen	349
weston	349
wouldnt	349
xavier	349
yorker	349
abel	348
abolish	348
aca	348
accessing	348
accommodations	348
accumulate	348
admirable	348
adventurous	348
africa's	348
ajax	348
alarmed	348
ama	348
ammo	348
amos	348
analysed	348
andreas	348
angelina	348
anthology	348
antiques	348
anyhow	348
ape	348
arrivals	348
assaults	348
assemblies	348
auditor	348
avalanche	348
azerbaijan	348
badger	348
ballistic	348
banter	348
becker	348
bidder	348
birthdays	348
blackburn	348
blazing	348
blockbuster	348
blueprint	348
bodied	348
boosted	348
bowler	348
broadcasters	348
byrne	348
cadillac	348
cameo	348
canals	348
caramel	348
cassidy	348
charismatic	348
chromosome	348
chunks	348
church's	348
clarkson	348
claus	348
comcast	348
commencement	348
concede	348
conducts	348
confiscated	348
contestant	348
contradictory	348
convent	348
converse	348
correcting	348
corrosion	348
crib	348
crossroads	348
dearly	348
defiance	348
deter	348
diner	348
dipping	348
disneyland	348
disposition	348
djs	348
documentaries	348
dripping	348
ecstasy	348
eighteenth	348
eleventh	348
eliza	348
emphasizes	348
empowering	348
engagements	348
enrique	348
envoy	348
estonia	348
expiration	348
exploiting	348
expressly	348
fabrication	348
facilitated	348
faggot	348
fascination	348
fir	348
foreigner	348
formulation	348
francs	348
frontal	348
fullest	348
fungi	348
goalie	348
gonzalez	348
gradient	348
gravy	348
grenades	348
gwen	348
haley	348
harmed	348
herring	348
hires	348
hopper	348
hugging	348
hysterical	348
implant	348
incompatible	348
inducing	348
injunction	348
innate	348
instituted	348
iphones	348
jays	348
jeremiah	348
jude	348
kathryn	348
kd	348
keynote	348
kidnap	348
kiev	348
koreans	348
krishna	348
lama	348
learners	348
liquids	348
mclean	348
meats	348
michele	348
motivational	348
naruto	348
natasha	348
nightly	348
noir	348
normandy	348
notwithstanding	348
ns	348
ordained	348
originating	348
orphans	348
pans	348
paralysis	348
patiently	348
patrols	348
pauline	348
paw	348
peter's	348
pharmaceuticals	348
pianist	348
pickles	348
pilgrims	348
pinterest	348
pisses	348
placebo	348
podcasts	348
pointers	348
postpone	348
progressively	348
propelled	348
psa	348
psych	348
punt	348
rae	348
raptors	348
reinforcements	348
repetition	348
restraining	348
retrospective	348
revise	348
righteousness	348
rinse	348
robbins	348
rss	348
sal	348
scalp	348
schultz	348
scrolling	348
sealing	348
sharma	348
sheds	348
sheltered	348
shia	348
shutter	348
smartest	348
snatched	348
sooo	348
spans	348
sparrow	348
speculate	348
spinach	348
squat	348
stew	348
stirling	348
stoned	348
strauss	348
stressing	348
styling	348
sublime	348
subtitles	348
sunni	348
sweetness	348
teamwork	348
tequila	348
terrestrial	348
textures	348
thinkers	348
thorn	348
thug	348
tit	348
toned	348
totals	348
triggering	348
tulsa	348
twenties	348
ufo	348
uncover	348
unnatural	348
unstoppable	348
upfront	348
urgently	348
virginity	348
virtues	348
volvo	348
vouchers	348
waived	348
wharf	348
wiser	348
wrestle	348
xv	348
yates	348
yoo	348
aap	347
accountants	347
achilles	347
addison	347
aggravated	347
ahhh	347
alberto	347
alleging	347
alto	347
ambrose	347
analyse	347
anomaly	347
aperture	347
apostles	347
apprenticeship	347
aspire	347
benches	347
biodiversity	347
biomedical	347
blinded	347
blurred	347
boarded	347
breadth	347
bullies	347
buster	347
cascade	347
casinos	347
centralized	347
char	347
cleanse	347
complains	347
concord	347
connector	347
connie	347
consolidate	347
containment	347
coupling	347
crate	347
crave	347
crows	347
dane	347
dangerously	347
denounced	347
dillon	347
diluted	347
doping	347
eddy	347
elusive	347
espionage	347
establishes	347
existential	347
experimentation	347
extremes	347
extremists	347
fanny	347
flashback	347
fluctuations	347
forecasting	347
freud	347
friedman	347
funnel	347
gail	347
gloss	347
grading	347
graft	347
grips	347
grumpy	347
guise	347
halves	347
heightened	347
horizons	347
hush	347
ibn	347
imitation	347
immersion	347
inconvenient	347
inspires	347
interfaces	347
intrigued	347
intrinsic	347
iran's	347
irresistible	347
javier	347
jd	347
jk	347
joanne	347
kb	347
kittens	347
landmarks	347
landslide	347
lcd	347
leah	347
leash	347
makeover	347
manned	347
marcos	347
mata	347
mater	347
maureen	347
melodies	347
memorandum	347
mercer	347
mermaid	347
michael's	347
miriam	347
moderation	347
moroccan	347
nano	347
neymar	347
ngos	347
nobility	347
notation	347
onstage	347
ordeal	347
ox	347
painfully	347
paranormal	347
paso	347
pear	347
piston	347
plugs	347
politely	347
pollen	347
principals	347
provoking	347
pts	347
puberty	347
raided	347
railroads	347
ramos	347
rbi	347
reggae	347
relegated	347
respectfully	347
rethink	347
reviewer	347
reviewers	347
rewrite	347
rodeo	347
sas	347
sheridan	347
sherwood	347
shire	347
sinks	347
slit	347
snapping	347
sobbing	347
spitting	347
starved	347
stirred	347
stockings	347
stuffing	347
substituted	347
succeeds	347
summons	347
sutherland	347
swung	347
taboo	347
teaser	347
thatcher	347
throttle	347
tides	347
trendy	347
trimmed	347
trivia	347
trumps	347
turbulent	347
twisting	347
unbearable	347
underage	347
unleashed	347
unmarried	347
vaguely	347
veggies	347
visas	347
vortex	347
voucher	347
wand	347
wanderers	347
warmed	347
accelerating	346
advert	346
afforded	346
ain	346
alias	346
anaheim	346
anchored	346
annoy	346
antibody	346
apostle	346
appalling	346
applaud	346
arteries	346
asians	346
astronauts	346
baptized	346
barr	346
belarus	346
billie	346
bondage	346
boredom	346
bounced	346
bowman	346
breeders	346
brilliantly	346
brunch	346
buckley	346
burgundy	346
cabinets	346
carlisle	346
carolyn	346
castles	346
changer	346
che	346
chem	346
chestnut	346
cj	346
cleaners	346
cleanup	346
clemson	346
cocks	346
compose	346
concise	346
confinement	346
confronting	346
consultancy	346
contraction	346
contrasting	346
convergence	346
coughing	346
criterion	346
crossings	346
crowns	346
cummings	346
cylinders	346
deduction	346
despicable	346
detachment	346
detectors	346
dialog	346
digestive	346
diminish	346
disclaimer	346
disconnect	346
discriminatory	346
disruptive	346
dorset	346
dvds	346
endlessly	346
enthusiast	346
epilepsy	346
estimation	346
ethanol	346
excavation	346
extremist	346
feeder	346
flashlight	346
flattering	346
floats	346
forcibly	346
gao	346
garland	346
globalization	346
grail	346
graphical	346
grayson	346
groundbreaking	346
grouping	346
harding	346
holiness	346
horrifying	346
humiliating	346
iced	346
ida	346
illustrator	346
imbalance	346
immoral	346
implicated	346
inefficient	346
initials	346
instrumentation	346
intensified	346
intolerance	346
jackson's	346
jeez	346
johnson's	346
jurors	346
kappa	346
keepers	346
kendrick	346
ketchup	346
leukemia	346
levine	346
liars	346
lineage	346
liter	346
looting	346
lorraine	346
lyons	346
magnus	346
manpower	346
marley	346
martyr	346
masturbation	346
mitigation	346
mont	346
motorway	346
nk	346
npr	346
nypd	346
obscene	346
occupants	346
octopus	346
onward	346
operatives	346
opium	346
ovarian	346
peck	346
penal	346
permitting	346
petals	346
picasso	346
pierced	346
pistols	346
plank	346
plantations	346
plight	346
ponds	346
postseason	346
presiding	346
privy	346
propulsion	346
raft	346
registering	346
rejoice	346
relics	346
ren	346
reproduced	346
rihanna	346
roam	346
rubio	346
sandals	346
serpent	346
sesame	346
shepard	346
shi	346
shoved	346
sicily	346
simplify	346
siren	346
slater	346
sleeper	346
smear	346
snowy	346
soooo	346
spectral	346
spoilers	346
stabilize	346
stains	346
stalk	346
standings	346
statesman	346
stink	346
stormy	346
subcommittee	346
suffice	346
surrounds	346
swat	346
swine	346
symbolism	346
tangled	346
ticking	346
tram	346
tryin	346
tutorials	346
underwood	346
underworld	346
vectors	346
vertically	346
vigorous	346
vt	346
wandered	346
wei	346
wrongly	346
yum	346
zion	346
abiding	345
adele	345
alcoholism	345
amplifier	345
anc	345
apes	345
arches	345
army's	345
astounding	345
atheism	345
auctions	345
audible	345
avocado	345
avon	345
bangs	345
bashing	345
baskets	345
bathtub	345
beep	345
beneficiaries	345
biscuit	345
bitterness	345
blatant	345
boon	345
boyfriends	345
brat	345
bunk	345
california's	345
candid	345
caretaker	345
carts	345
ceilings	345
cervical	345
character's	345
checklist	345
cherokee	345
cheshire	345
christ's	345
cinderella	345
clamp	345
clans	345
competitiveness	345
composers	345
confederation	345
confidentiality	345
configurations	345
contradiction	345
coronation	345
counselling	345
cracker	345
crackers	345
crimea	345
cumberland	345
cunning	345
daly	345
depiction	345
depleted	345
diabetic	345
diaspora	345
digitally	345
discord	345
distractions	345
divides	345
divinity	345
donuts	345
dorsal	345
durability	345
empress	345
endeavour	345
enroll	345
entertainer	345
entrusted	345
ernie	345
evidenced	345
extracts	345
fallon	345
farrell	345
fatalities	345
festivities	345
ffs	345
finalist	345
footballers	345
forks	345
gadget	345
gasp	345
genital	345
glitch	345
gong	345
graded	345
graders	345
greasy	345
grieving	345
grooming	345
hacks	345
hamburger	345
heed	345
hideous	345
homepage	345
hoops	345
howell	345
ib	345
imaginative	345
imperfect	345
implicit	345
indo	345
inlet	345
insensitive	345
interpreting	345
islanders	345
iss	345
jars	345
keystone	345
knitting	345
kramer	345
kudos	345
layered	345
lieu	345
liquidity	345
loch	345
lola	345
lotion	345
lows	345
lucia	345
lutheran	345
mains	345
manipulating	345
mara	345
marquis	345
mayhem	345
mens	345
merging	345
mistakenly	345
mould	345
neuroscience	345
niger	345
nipple	345
noses	345
nostalgic	345
nra	345
nv	345
oppressive	345
pasadena	345
patronage	345
pearce	345
pinnacle	345
plagued	345
plated	345
pods	345
pong	345
poorest	345
programmers	345
prompting	345
prosper	345
psi	345
quake	345
qualitative	345
queries	345
racer	345
radial	345
realms	345
recap	345
recognizable	345
reconnaissance	345
regent	345
reigning	345
reluctantly	345
rendition	345
resumes	345
revisions	345
roadside	345
rovers	345
saskatchewan	345
scarlett	345
scientifically	345
scrambled	345
scratches	345
secretariat	345
semitism	345
sew	345
shaky	345
sham	345
shortcomings	345
shredded	345
siberia	345
sinai	345
slayer	345
smokes	345
soothing	345
spawned	345
specialised	345
stalker	345
statistic	345
stature	345
steward	345
stout	345
strategically	345
stripper	345
stump	345
submarines	345
subordinate	345
swimmers	345
synagogue	345
tentative	345
texted	345
tongues	345
topical	345
transforms	345
uhh	345
uneasy	345
unfold	345
usda	345
uss	345
variance	345
vested	345
vols	345
wagons	345
wah	345
wally	345
walters	345
wavelength	345
workload	345
xii	345
yells	345
acquitted	344
admiralty	344
ageing	344
aiding	344
artificially	344
asa	344
aux	344
barring	344
bead	344
berth	344
billionaires	344
blackmail	344
blending	344
blindness	344
bragging	344
brightly	344
burglary	344
busting	344
cafeteria	344
canary	344
cannons	344
capacities	344
cardio	344
carla	344
caucasian	344
ceramics	344
cheats	344
chilean	344
clauses	344
clumsy	344
commuter	344
composing	344
contingency	344
coworkers	344
cupboard	344
curated	344
customized	344
daft	344
dani	344
defences	344
depended	344
deprivation	344
dewey	344
disney's	344
disqualified	344
disrupted	344
diversified	344
documenting	344
doubted	344
downing	344
duly	344
dusk	344
edits	344
enchanted	344
environmentally	344
episcopal	344
escalated	344
everlasting	344
excellency	344
executions	344
faking	344
feasibility	344
federally	344
flavored	344
formulas	344
freddy	344
frenzy	344
fridays	344
fuckers	344
fulfillment	344
general's	344
gg	344
godfather	344
gould	344
gran	344
groundwater	344
heidi	344
hospitalized	344
hostilities	344
hyundai	344
illusions	344
inadvertently	344
indifferent	344
inject	344
insistence	344
interiors	344
intimidated	344
invariably	344
invincible	344
jams	344
jfk	344
joe's	344
jubilee	344
kia	344
kinetic	344
lam	344
lashes	344
latvia	344
laurence	344
lavender	344
lemonade	344
lenin	344
lodging	344
lowell	344
malls	344
mania	344
medically	344
menus	344
mule	344
mythical	344
nathaniel	344
neutron	344
newcomers	344
nicaragua	344
nicholson	344
nicknamed	344
occupations	344
oecd	344
ooo	344
orderly	344
orient	344
orion	344
outset	344
paralyzed	344
parry	344
parted	344
patio	344
peacock	344
pedestrians	344
pepsi	344
pf	344
pines	344
pitchers	344
plugged	344
postcard	344
pow	344
powerhouse	344
precursor	344
preferable	344
preparatory	344
prism	344
proclamation	344
proponents	344
provocative	344
pu	344
purposely	344
qc	344
questionnaire	344
reclaim	344
redevelopment	344
reflex	344
relocate	344
rematch	344
renal	344
repayment	344
residences	344
restrained	344
rhythms	344
riddle	344
rites	344
rivera	344
roach	344
rockefeller	344
roe	344
royalties	344
rubble	344
sacrificing	344
saddam	344
sapphire	344
screwing	344
seam	344
sectional	344
servicing	344
shrinking	344
simulate	344
sioux	344
sloan	344
sniff	344
snowden	344
soaring	344
soluble	344
solvent	344
somebody's	344
spaced	344
squid	344
stamford	344
steph	344
stocked	344
stoked	344
strapped	344
streamed	344
sturdy	344
swarm	344
tanker	344
taxis	344
terra	344
timetable	344
tj	344
torpedo	344
traitors	344
trolley	344
trolling	344
trudeau	344
una	344
undertook	344
undocumented	344
vaginal	344
vance	344
verbs	344
viability	344
victoria's	344
villas	344
wat	344
whispered	344
widening	344
winged	344
wiping	344
wolverine	344
wrought	344
xiii	344
yearbook	344
yikes	344
abbot	343
abduction	343
ache	343
advises	343
afro	343
ancestral	343
anchors	343
antiquity	343
apocalyptic	343
appraisal	343
aqua	343
aspen	343
atlantis	343
augustus	343
author's	343
autistic	343
barnett	343
baylor	343
bearer	343
bernstein	343
bins	343
bk	343
bleak	343
blender	343
bmi	343
bogus	343
booming	343
bridget	343
bruises	343
btc	343
burt	343
cages	343
caldwell	343
cara	343
cavs	343
centric	343
chaired	343
chaplain	343
chlorine	343
chow	343
chubby	343
clement	343
collusion	343
contenders	343
contractual	343
coroner	343
correctional	343
correspondents	343
corridors	343
couldnt	343
creamy	343
cubes	343
daryl	343
deterioration	343
diapers	343
dirk	343
disbelief	343
discreet	343
distracting	343
dizzy	343
dre	343
duet	343
dustin	343
dyed	343
eisenhower	343
elle	343
elsa	343
enact	343
evaluations	343
everest	343
exporting	343
expressive	343
facilitating	343
fiddle	343
fists	343
flaming	343
foes	343
folds	343
fortified	343
fran	343
garfield	343
generalized	343
gl	343
glossy	343
gregg	343
grit	343
hammered	343
haram	343
harassing	343
hauled	343
hectares	343
hobart	343
homelessness	343
hopping	343
horrendous	343
horrified	343
hostel	343
hound	343
htc	343
hugged	343
illegitimate	343
illicit	343
importing	343
incompetence	343
insomnia	343
interception	343
invaders	343
irl	343
israelis	343
juniors	343
karaoke	343
kemp	343
kosovo	343
kw	343
lagoon	343
len	343
lesions	343
limp	343
lingering	343
linguistics	343
locating	343
logically	343
lucifer	343
lumpur	343
lunatic	343
lyrical	343
manifestation	343
manitoba	343
manufactures	343
mastering	343
mead	343
mergers	343
mhz	343
migrate	343
mildly	343
miraculous	343
moaning	343
mocked	343
mos	343
mosquitoes	343
mourn	343
mundane	343
narrowed	343
nay	343
nests	343
ngo	343
nielsen	343
nr	343
nutshell	343
ob	343
obsessive	343
offending	343
offseason	343
oswald	343
overboard	343
paws	343
pendant	343
petite	343
petitions	343
pharma	343
pimp	343
pipelines	343
poised	343
pol	343
posterior	343
pouch	343
predicts	343
prescriptions	343
probes	343
proficiency	343
progresses	343
protestors	343
psychotic	343
racists	343
referees	343
reinforcement	343
relegation	343
repertoire	343
repository	343
reversing	343
rican	343
rumble	343
sachs	343
saloon	343
sanction	343
sexes	343
shack	343
sinners	343
sire	343
slated	343
soaking	343
stale	343
stereotype	343
sterile	343
stride	343
stringent	343
sulfur	343
sun's	343
surfaced	343
suzuki	343
tacos	343
therapists	343
torrent	343
tp	343
trainee	343
transmitting	343
trey	343
tripped	343
trough	343
trunks	343
tummy	343
unjust	343
upbringing	343
uploading	343
vaughan	343
venezuelan	343
vis	343
vivian	343
vivo	343
wager	343
walled	343
warehouses	343
whack	343
whoops	343
wichita	343
wilde	343
wilmington	343
zambia	343
accelerator	342
accuses	342
acrylic	342
ames	342
anchorage	342
annexation	342
approves	342
ascent	342
assassins	342
atkinson	342
ballad	342
banged	342
basel	342
beckett	342
bel	342
betray	342
betsy	342
bigotry	342
biotechnology	342
blanc	342
bookstore	342
boomers	342
boone	342
bots	342
breakers	342
broom	342
browne	342
brute	342
buffy	342
busiest	342
camouflage	342
cary	342
catalan	342
chiefly	342
childbirth	342
chills	342
chung	342
collaborating	342
compliant	342
conservatism	342
continuum	342
corona	342
cosplay	342
cowardly	342
cpr	342
cruises	342
css	342
cultivate	342
curls	342
cyril	342
dealership	342
dearest	342
decker	342
defy	342
della	342
denotes	342
densely	342
derives	342
devoid	342
dhabi	342
diagrams	342
dickinson	342
disparity	342
diva	342
divert	342
dlc	342
drawers	342
eater	342
eaton	342
elegance	342
elias	342
encrypted	342
englishman	342
escorts	342
exposes	342
extraordinarily	342
facade	342
farmhouse	342
fertilizer	342
filler	342
fishes	342
flea	342
footwear	342
foxes	342
fri	342
fritz	342
froze	342
frying	342
giovanni	342
goodies	342
greenland	342
handbag	342
handicapped	342
haze	342
headquartered	342
helium	342
hemp	342
hitch	342
hoc	342
hutchinson	342
ike	342
incarnation	342
inhibitors	342
intrusion	342
inverse	342
inverted	342
irritation	342
jae	342
juices	342
julio	342
keywords	342
lavish	342
libyan	342
livelihood	342
livingston	342
mansfield	342
marches	342
mckenzie	342
medic	342
merlin	342
midland	342
miscellaneous	342
misguided	342
morrow	342
motivations	342
moto	342
mozart	342
muster	342
mutants	342
muted	342
noodle	342
nylon	342
override	342
ozone	342
papua	342
paranoia	342
paving	342
persecuted	342
peruvian	342
phosphate	342
php	342
physicist	342
piping	342
plurality	342
prehistoric	342
prescott	342
prohibits	342
pronouns	342
proton	342
psyche	342
quickest	342
redesign	342
relocated	342
reluctance	342
rentals	342
reopen	342
replication	342
rigging	342
rotor	342
sediment	342
seeming	342
selves	342
sneaking	342
solitude	342
spacing	342
standby	342
std	342
straps	342
strikers	342
stronghold	342
stumble	342
suicides	342
supermarkets	342
talbot	342
teacher's	342
theorists	342
there'll	342
therein	342
triangular	342
tricked	342
trooper	342
truthful	342
turret	342
ubiquitous	342
unbelievably	342
unconventional	342
unnecessarily	342
unnoticed	342
untouched	342
vega	342
ver	342
vibrations	342
vin	342
virgil	342
visionary	342
vitro	342
voodoo	342
wigan	342
wilder	342
witchcraft	342
withdrawals	342
withdrawing	342
wrestlers	342
yong	342
abbas	341
adultery	341
agile	341
aides	341
anonymously	341
aristotle	341
artifact	341
austerity	341
awfully	341
axes	341
barca	341
battered	341
beatrice	341
beethoven	341
biking	341
boob	341
boosts	341
bouquet	341
boxers	341
browning	341
bullock	341
cad	341
candidacy	341
cartridges	341
carve	341
cherished	341
climbs	341
clubhouse	341
coarse	341
collegiate	341
commonplace	341
compute	341
conan	341
confidently	341
constrained	341
contemplate	341
converter	341
coop	341
cooperating	341
coronary	341
cottages	341
council's	341
county's	341
cps	341
crook	341
cucumber	341
cupcakes	341
darts	341
david's	341
deco	341
depict	341
desmond	341
diagnose	341
directorate	341
disliked	341
diver	341
dora	341
dormant	341
dotted	341
drifted	341
duffy	341
embarrass	341
emmanuel	341
emulate	341
encompasses	341
endowed	341
enquiry	341
evasion	341
evergreen	341
eviction	341
excerpts	341
explodes	341
explorers	341
expulsion	341
fades	341
fedex	341
figs	341
filth	341
firefox	341
floated	341
foliage	341
foreclosure	341
forgets	341
fortnight	341
fresno	341
fs	341
funnier	341
genie	341
georges	341
glued	341
goo	341
goodwin	341
hannibal	341
heartbroken	341
heats	341
helper	341
hesitant	341
hoop	341
how'd	341
hubby	341
humiliated	341
hurdle	341
hypertension	341
immersed	341
immortality	341
indefinite	341
indices	341
insightful	341
invitations	341
io	341
ipswich	341
irrespective	341
island's	341
jacks	341
jeanne	341
kicker	341
kyoto	341
leaned	341
leases	341
ledge	341
levin	341
lgbtq	341
lunches	341
macbook	341
mackay	341
madeleine	341
maj	341
malt	341
mandela	341
marian	341
mayors	341
melts	341
michaels	341
mindfulness	341
mined	341
mj	341
moderator	341
momma	341
monstrous	341
moran	341
morphology	341
mustache	341
nasdaq	341
natal	341
nodded	341
novice	341
obituary	341
olivier	341
ordination	341
organization's	341
otis	341
owls	341
parity	341
paterson	341
percentages	341
persuasive	341
pests	341
pew	341
philips	341
piled	341
poking	341
populous	341
postwar	341
presided	341
prevailed	341
proactive	341
prob	341
projector	341
prominently	341
prudent	341
qualifier	341
quincy	341
radios	341
ratified	341
realising	341
refining	341
regretted	341
reliant	341
reputable	341
revolver	341
revolving	341
ricardo	341
rink	341
ripple	341
robbers	341
routledge	341
salts	341
sampled	341
scrolls	341
seeker	341
sentinel	341
signalling	341
sirens	341
slovenia	341
solemn	341
spacex	341
spacious	341
spheres	341
spraying	341
sprung	341
stacey	341
starr	341
substantive	341
substitution	341
sugars	341
sweetest	341
taxing	341
tobago	341
torah	341
torso	341
transcripts	341
tremendously	341
trojan	341
tumble	341
unleash	341
unpublished	341
untrue	341
verbally	341
vitality	341
wc	341
weeping	341
whispering	341
windshield	341
wolfe	341
zodiac	341
abandonment	340
abyss	340
accession	340
acquaintances	340
alvarez	340
alvin	340
amateurs	340
amir	340
anders	340
archived	340
arithmetic	340
arson	340
astronomers	340
auditions	340
authoritative	340
awarding	340
barren	340
basal	340
batsman	340
bedding	340
bender	340
bethlehem	340
bicycles	340
boi	340
bourgeois	340
braking	340
bribery	340
brunette	340
bureaucratic	340
buzzer	340
cactus	340
carlson	340
cassette	340
chants	340
characterised	340
childcare	340
chocolates	340
chronological	340
cleavage	340
clones	340
cohort	340
commandments	340
conceive	340
condensed	340
contemporaries	340
controversies	340
convened	340
conveyed	340
crabs	340
cuddle	340
culprit	340
darius	340
daunting	340
demos	340
deviation	340
diffusion	340
dildo	340
distrust	340
dominates	340
echoed	340
elbows	340
ellison	340
elves	340
embark	340
empires	340
entrepreneurial	340
ether	340
etiquette	340
exhibiting	340
extravagant	340
familiarity	340
felipe	340
fender	340
feng	340
ferris	340
fetal	340
fiance	340
finer	340
fittings	340
flushing	340
fn	340
freeing	340
fused	340
goa	340
gorge	340
greenwood	340
groves	340
gu	340
gutted	340
harp	340
hartley	340
heartfelt	340
hinted	340
hoodie	340
housewife	340
housewives	340
hubs	340
hypocrite	340
incorporation	340
insure	340
joyful	340
judah	340
kabul	340
kelley	340
kickoff	340
kimberly	340
lacrosse	340
lars	340
latex	340
leftover	340
legalization	340
lf	340
localized	340
lori	340
malibu	340
mammoth	340
martyrs	340
marvellous	340
matchup	340
meh	340
merkel	340
modem	340
mosques	340
motif	340
necks	340
newcomer	340
nic	340
nobles	340
oats	340
ominous	340
openness	340
optimized	340
overheard	340
oversized	340
pak	340
pandora	340
panicked	340
paolo	340
papal	340
patton	340
pepe	340
peril	340
pk	340
playable	340
plunged	340
polly	340
pores	340
posh	340
practising	340
precaution	340
principally	340
professionalism	340
puppets	340
pv	340
rampage	340
reassuring	340
rebirth	340
recharge	340
rehearsals	340
reliably	340
renovations	340
reservoirs	340
retina	340
revolves	340
riff	340
rosen	340
rossi	340
rr	340
rutgers	340
sahara	340
scattering	340
scrape	340
scripted	340
semantic	340
shear	340
shedding	340
sherry	340
shitting	340
silicone	340
skepticism	340
slovakia	340
sly	340
smiley	340
smithsonian	340
snoop	340
sponsoring	340
stables	340
startling	340
strands	340
strife	340
stylist	340
sunday's	340
superheroes	340
tattooed	340
tenor	340
thrift	340
toured	340
transformations	340
traverse	340
turnaround	340
uterus	340
validate	340
vid	340
vocalist	340
vw	340
warranted	340
weakening	340
westbrook	340
wildcats	340
wipes	340
womens	340
wrists	340
xvi	340
yielding	340
zebra	340
zionist	340
abrams	339
aces	339
aft	339
albion	339
anesthesia	339
anonymity	339
anticipating	339
antoine	339
appropriation	339
aria	339
articulated	339
assassinated	339
babes	339
bandits	339
banished	339
barefoot	339
barrage	339
bartlett	339
beauties	339
bestowed	339
bethesda	339
blackpool	339
bordering	339
bournemouth	339
brilliance	339
britney	339
broth	339
bruised	339
buns	339
burnley	339
cabins	339
campaigned	339
centenary	339
ceos	339
checkpoint	339
chloride	339
classify	339
clinically	339
cocky	339
coefficient	339
coined	339
collapsing	339
collisions	339
condemning	339
conditioner	339
conductors	339
cones	339
conglomerate	339
consultations	339
conversions	339
cornerstone	339
correctness	339
counterfeit	339
damian	339
dazzling	339
dea	339
deacon	339
debuts	339
deceived	339
delaying	339
dentistry	339
desks	339
detainees	339
dictated	339
dino	339
disks	339
dismissing	339
dortmund	339
edgy	339
eff	339
elevators	339
elton	339
encore	339
engages	339
enormously	339
epstein	339
err	339
erupted	339
espresso	339
evade	339
fab	339
fairs	339
freaky	339
freshmen	339
futile	339
genera	339
germs	339
glacial	339
glands	339
gloomy	339
graceful	339
grievances	339
gritty	339
hanoi	339
hayley	339
heartbreak	339
heist	339
heterosexual	339
hewitt	339
hinder	339
hobbit	339
horseback	339
hospice	339
hotline	339
huang	339
inhibition	339
integer	339
interdisciplinary	339
intermittent	339
intimidation	339
islamist	339
italia	339
iteration	339
joys	339
kitchens	339
kremlin	339
langley	339
liners	339
liv	339
lv	339
madagascar	339
magnum	339
malay	339
mandates	339
martian	339
mashed	339
maxim	339
mcdonalds	339
mei	339
melancholy	339
meteorological	339
milf	339
misplaced	339
misty	339
modifying	339
moines	339
monsieur	339
mop	339
multicultural	339
nearing	339
negatives	339
negligible	339
nesting	339
nudity	339
obligatory	339
oceanic	339
od	339
oooh	339
ornaments	339
outpost	339
outputs	339
overflow	339
oxidation	339
panorama	339
pascal	339
peep	339
pencils	339
pervasive	339
pickle	339
pinky	339
playwright	339
pledges	339
predatory	339
preface	339
prescribe	339
punitive	339
quits	339
rainforest	339
raphael	339
reborn	339
reddish	339
refurbished	339
region's	339
repercussions	339
reprint	339
restroom	339
rhythmic	339
robber	339
robes	339
rockies	339
roi	339
roommates	339
roulette	339
rounding	339
rowing	339
rulings	339
rumored	339
rupees	339
sam's	339
samoa	339
samson	339
satin	339
scatter	339
scramble	339
scraps	339
segregated	339
semantics	339
settles	339
shameless	339
sharif	339
showtime	339
silenced	339
sinner	339
skeletal	339
skeletons	339
skulls	339
slows	339
snapshot	339
soar	339
something's	339
spherical	339
spotting	339
sprinkle	339
spruce	339
squared	339
squirrels	339
stacy	339
stamina	339
standalone	339
stimuli	339
subconscious	339
thinker	339
tonic	339
tossing	339
troublesome	339
tumour	339
twain	339
uncertainties	339
underestimated	339
utopia	339
vanish	339
vigorously	339
visibly	339
vowed	339
vpn	339
waterways	339
wetlands	339
whitman	339
wrecking	339
xiv	339
abigail	338
abrupt	338
acronym	338
adaptations	338
adversity	338
advertiser	338
affidavit	338
amc	338
antics	338
antony	338
ao	338
appreciates	338
area's	338
artworks	338
asserts	338
astrology	338
attachments	338
authorize	338
bank's	338
baroness	338
barrow	338
begs	338
bengals	338
binds	338
biographical	338
biomass	338
bitcoins	338
blanche	338
blm	338
blouse	338
bodyguard	338
borrowers	338
botany	338
bras	338
bulldog	338
caterpillar	338
censored	338
chatter	338
cheered	338
chops	338
cleric	338
cn	338
colbert	338
comedic	338
compile	338
compressor	338
compton	338
conferred	338
conn	338
constantinople	338
contrasts	338
cooke	338
cougar	338
creeps	338
cutler	338
czechoslovakia	338
deadlines	338
deceive	338
defamation	338
denny	338
department's	338
det	338
digs	338
diminishing	338
directional	338
disagreements	338
disciple	338
ditto	338
divergent	338
doctorate	338
doncaster	338
donnie	338
downright	338
dues	338
dumbest	338
dwellings	338
electrode	338
elemental	338
elevate	338
eliminates	338
encoding	338
excludes	338
exemplary	338
exited	338
expansive	338
fife	338
firm's	338
flakes	338
flavours	338
geez	338
gemini	338
gifs	338
gland	338
gotcha	338
gst	338
guerrilla	338
gutter	338
hearty	338
highschool	338
hillside	338
hitler's	338
hms	338
hodges	338
hoo	338
hovering	338
ht	338
hun	338
hysteria	338
impartial	338
imperialism	338
imprint	338
incremental	338
independents	338
infancy	338
infused	338
inhibitor	338
initiating	338
injuring	338
inquire	338
inscribed	338
insulated	338
jang	338
jogging	338
jumbo	338
kale	338
katz	338
keyboards	338
kraft	338
landowners	338
lash	338
latina	338
lee's	338
leftovers	338
louie	338
lte	338
luca	338
madras	338
magnets	338
manageable	338
manslaughter	338
manuals	338
marianne	338
martin's	338
mecca	338
meridian	338
midi	338
mikhail	338
mir	338
misdemeanor	338
misfortune	338
mondays	338
moons	338
mountainous	338
ndp	338
nearer	338
newfoundland	338
obnoxious	338
olsen	338
orphanage	338
overseeing	338
paused	338
penned	338
perpetrators	338
phoebe	338
pilgrim	338
plainly	338
positives	338
punishments	338
purdue	338
qualifies	338
rake	338
recalling	338
resent	338
retreated	338
retribution	338
revolutions	338
rhetorical	338
rightful	338
robbing	338
royale	338
rumour	338
safeguards	338
savages	338
sbs	338
semen	338
senegal	338
sequencing	338
shapiro	338
shea	338
shorten	338
sighs	338
sixteenth	338
slime	338
sow	338
sparkle	338
spawn	338
sql	338
successors	338
suffrage	338
superiors	338
surrogate	338
synopsis	338
tainted	338
tanya	338
ticks	338
toddlers	338
tomas	338
toothbrush	338
towed	338
trapping	338
treatise	338
tristan	338
uphill	338
upton	338
validated	338
variability	338
waltz	338
wooded	338
workings	338
zac	338
zhou	338
acl	337
adhesive	337
adolf	337
adorned	337
affluent	337
als	337
ambiguity	337
anguish	337
annals	337
antitrust	337
apologizing	337
archaeologists	337
arid	337
avg	337
bandit	337
barrister	337
bazaar	337
beneficiary	337
bianca	337
biker	337
bipartisan	337
birthplace	337
bl	337
bono	337
bracelets	337
brides	337
brochure	337
brokerage	337
buildup	337
butch	337
canucks	337
carly	337
carpets	337
carriages	337
catholicism	337
cgi	337
chained	337
chats	337
cheng	337
ching	337
chopping	337
cigars	337
civilisation	337
closures	337
coasts	337
cobalt	337
collaborated	337
collapses	337
collier	337
colossal	337
comm	337
commodore	337
compiler	337
conserve	337
constellation	337
contour	337
crispy	337
cropped	337
crore	337
crowley	337
curfew	337
daytona	337
decidedly	337
delusion	337
demi	337
depreciation	337
designate	337
dh	337
discard	337
discontent	337
div	337
dixie	337
dopamine	337
douche	337
dunes	337
dyke	337
echoing	337
eclectic	337
ecstatic	337
ejected	337
endemic	337
enlist	337
entails	337
envisioned	337
eta	337
exchanging	337
exiled	337
eyebrow	337
fascists	337
firefighter	337
flashbacks	337
fluorescent	337
francois	337
freakin	337
friday's	337
fulham	337
futuristic	337
gearing	337
hallmark	337
hanover	337
harrington	337
haste	337
hauling	337
heathrow	337
hybrids	337
hyun	337
identifiable	337
igor	337
illiterate	337
immaculate	337
improvised	337
inclination	337
infested	337
insurgents	337
interpersonal	337
interracial	337
intruder	337
inward	337
ipo	337
itching	337
jai	337
jarvis	337
jenner	337
johann	337
jolie	337
judas	337
judd	337
kan	337
kaplan	337
kinky	337
korea's	337
landings	337
launcher	337
ld	337
legality	337
lenny	337
lessen	337
lifespan	337
longitudinal	337
loosen	337
ly	337
macedonia	337
mandy	337
masculinity	337
matured	337
mcgee	337
mcgraw	337
microscopic	337
midday	337
moan	337
moods	337
morphine	337
motherhood	337
motorola	337
murderous	337
nb	337
nirvana	337
nonstop	337
notoriously	337
nrl	337
oatmeal	337
opaque	337
ordnance	337
originate	337
otter	337
parting	337
pelvic	337
percussion	337
pigment	337
plato	337
populist	337
porous	337
preached	337
predictive	337
proofs	337
pulses	337
racially	337
racks	337
refunds	337
registrar	337
regulars	337
rein	337
relic	337
retard	337
reunite	337
reuse	337
reyes	337
risked	337
ritchie	337
rl	337
roadway	337
rollins	337
rustic	337
rutherford	337
sanitary	337
sao	337
saturation	337
scams	337
scarcity	337
scorpion	337
scott's	337
setback	337
shaming	337
shrubs	337
sizable	337
slippers	337
smoker	337
soho	337
spartan	337
speculated	337
spilling	337
squeezing	337
stalled	337
stimulated	337
straits	337
stun	337
subdued	337
surpass	337
swapped	337
tack	337
tagging	337
tart	337
throats	337
ting	337
tiring	337
toothpaste	337
totaled	337
transformer	337
transient	337
triumphant	337
umpire	337
unborn	337
undisclosed	337
undone	337
unheard	337
vending	337
vicar	337
wallets	337
weep	337
welch	337
woes	337
woken	337
wrench	337
wretched	337
www	337
adler	336
adolescence	336
affirmed	336
afterlife	336
allowances	336
ammonia	336
analogous	336
anarchist	336
anecdotes	336
anglican	336
animations	336
ankara	336
appropriations	336
apron	336
archaic	336
assange	336
assaulting	336
attribution	336
avant	336
baffled	336
baird	336
barlow	336
benton	336
biochemistry	336
bm	336
boise	336
bop	336
bordeaux	336
breached	336
burr	336
carbs	336
cavaliers	336
censor	336
centennial	336
cheney	336
cher	336
civilizations	336
clapping	336
clinging	336
clover	336
cms	336
coatings	336
coils	336
colonization	336
connolly	336
cookbook	336
corinthians	336
cosmopolitan	336
counselors	336
coyote	336
crippling	336
cristina	336
cromwell	336
cy	336
decorate	336
decorating	336
deductible	336
diagonal	336
discredit	336
dodd	336
dresser	336
duff	336
dysfunctional	336
ebooks	336
elm	336
emphasizing	336
ems	336
enquiries	336
equitable	336
estrogen	336
etsy	336
exert	336
expeditions	336
faculties	336
felicity	336
fernandez	336
feudal	336
fins	336
flattened	336
fleece	336
fodder	336
forwarded	336
fumble	336
galloway	336
giggles	336
git	336
glare	336
godzilla	336
gourmet	336
gripping	336
handheld	336
handshake	336
harming	336
hayward	336
hefty	336
helsinki	336
herbal	336
herrera	336
hippie	336
hops	336
horton	336
hump	336
idiotic	336
ids	336
implements	336
incarceration	336
incest	336
infect	336
insertion	336
interruption	336
intrigue	336
itch	336
jacqueline	336
jc	336
joaquin	336
kurds	336
lattice	336
leaps	336
legitimately	336
lends	336
leroy	336
linebacker	336
lockheed	336
lowers	336
luke's	336
magically	336
marketers	336
mastermind	336
materially	336
metadata	336
middlesex	336
minister's	336
mischief	336
modernization	336
mums	336
necessities	336
neptune	336
nerds	336
nero	336
noticeably	336
occupancy	336
oman	336
oncology	336
opposes	336
outsourcing	336
overrun	336
parcels	336
pasture	336
pathological	336
payload	336
payout	336
pelosi	336
persia	336
pertinent	336
pigeons	336
plentiful	336
plumber	336
png	336
porno	336
portfolios	336
preserves	336
promoters	336
prosecuting	336
purchaser	336
rahul	336
rapes	336
rarity	336
realty	336
rebellious	336
reefs	336
referencing	336
reminders	336
repealed	336
reptiles	336
revisit	336
ribbons	336
santo	336
satirical	336
saturday's	336
screenings	336
sensual	336
sixties	336
slapping	336
slump	336
soften	336
sos	336
souvenir	336
spaceship	336
spaniards	336
sparse	336
spinner	336
steamer	336
subsidized	336
suction	336
sunflower	336
supplementary	336
surveyor	336
swallowing	336
tailed	336
temperament	336
thirteenth	336
topless	336
torment	336
tyrant	336
unattractive	336
unbeaten	336
understatement	336
undesirable	336
unfairly	336
unification	336
vineyards	336
wastes	336
wastewater	336
wb	336
weaponry	336
webpage	336
wheeled	336
whipping	336
widows	336
wildfire	336
withheld	336
withholding	336
wreath	336
wt	336
yer	336
administrations	335
afar	335
affectionate	335
afp	335
agitated	335
akron	335
albania	335
angie	335
annuity	335
appliance	335
aroused	335
asserting	335
astros	335
authentication	335
awaken	335
azure	335
bedside	335
berger	335
besieged	335
biologist	335
blowjob	335
bn	335
boilers	335
bois	335
bonnet	335
bourne	335
braun	335
breaches	335
breeder	335
burying	335
byzantine	335
cadet	335
calming	335
casing	335
cat's	335
catalonia	335
catfish	335
caucasus	335
chicago's	335
clerical	335
coincided	335
collage	335
colonists	335
complimentary	335
compounded	335
computation	335
conjecture	335
conspicuous	335
constantine	335
continual	335
contradict	335
cords	335
crackdown	335
craze	335
crusaders	335
cupcake	335
cvs	335
cybersecurity	335
davenport	335
degrading	335
deli	335
deteriorated	335
distinguishing	335
dreaded	335
dui	335
dumps	335
dwayne	335
dyer	335
elongated	335
embraces	335
enamel	335
encompassing	335
escalate	335
evicted	335
evils	335
exceedingly	335
excessively	335
faked	335
farmland	335
fetched	335
fiercely	335
flashed	335
fostering	335
fourteenth	335
fps	335
france's	335
frontline	335
geese	335
genealogy	335
geographically	335
gibraltar	335
giggle	335
goggles	335
golfer	335
grammatical	335
graphite	335
grimm	335
gupta	335
haitian	335
handgun	335
hara	335
harry's	335
heaviest	335
hella	335
heresy	335
herpes	335
hipster	335
hispanics	335
hostess	335
hud	335
hunts	335
iceberg	335
ideologies	335
ignite	335
illumination	335
impoverished	335
improperly	335
ingenious	335
inquisition	335
interns	335
intervened	335
ist	335
jab	335
janice	335
landfill	335
larson	335
learner	335
lighten	335
lmfao	335
lowry	335
maldives	335
maroon	335
marriott	335
marxism	335
masonry	335
maui	335
mclaughlin	335
mechanically	335
mikey	335
millionaires	335
mina	335
moor	335
moreno	335
muffin	335
nadal	335
nigger	335
nih	335
novak	335
o'donnell	335
obi	335
oily	335
olives	335
ostensibly	335
outbreaks	335
outnumbered	335
outspoken	335
pacing	335
palate	335
pancake	335
parkway	335
patrick's	335
pedestal	335
pedigree	335
pennies	335
phony	335
pinpoint	335
pip	335
pleasantly	335
pluto	335
ponder	335
protestants	335
prowess	335
prussia	335
psychologically	335
pulitzer	335
pursuits	335
ramen	335
ramirez	335
ramon	335
rattle	335
recycle	335
reimbursement	335
reinforcing	335
reinstated	335
renault	335
renee	335
repent	335
rescuing	335
revert	335
ridges	335
rolex	335
rowe	335
rubin	335
sabrina	335
saliva	335
senseless	335
sermons	335
seventeenth	335
sha	335
shortcut	335
sikh	335
skye	335
slamming	335
slay	335
smoother	335
spence	335
spills	335
staffed	335
stumbling	335
stunts	335
summarized	335
sweeney	335
synth	335
tackled	335
takeoff	335
tammy	335
tat	335
taxable	335
taylor's	335
trafford	335
transmissions	335
treadmill	335
trucking	335
unavoidable	335
unilateral	335
vicky	335
vie	335
vijay	335
warped	335
wasp	335
watermelon	335
webber	335
westward	335
whores	335
widened	335
yin	335
yun	335
academies	334
acidic	334
adherence	334
adjective	334
adjourned	334
administration's	334
aint	334
amnesia	334
amplified	334
angola	334
angrily	334
appellate	334
approving	334
armoured	334
ascension	334
aspirin	334
atheists	334
ax	334
bard	334
bea	334
bearded	334
beetles	334
bends	334
benevolent	334
bestseller	334
bis	334
blackhawks	334
blazers	334
blends	334
blooded	334
blossoms	334
bog	334
bom	334
bombardment	334
borderline	334
boxed	334
brows	334
bungalow	334
burglar	334
calibration	334
cams	334
capitalize	334
charisma	334
cheltenham	334
chesapeake	334
chun	334
ck	334
classmate	334
claudio	334
cognition	334
cooker	334
cornish	334
coupe	334
coveted	334
craigslist	334
cristiano	334
crumbs	334
cullen	334
cures	334
curled	334
cylindrical	334
davey	334
deceptive	334
deem	334
deficiencies	334
devastation	334
devout	334
dia	334
dickson	334
disproportionate	334
disturbances	334
divisive	334
dk	334
dod	334
dracula	334
ebony	334
eduardo	334
eileen	334
elon	334
embodied	334
embroidered	334
embryo	334
eminem	334
ensued	334
erratic	334
exiting	334
fang	334
fiesta	334
folly	334
foo	334
foreseeable	334
frenchman	334
friedrich	334
fumes	334
garde	334
garnered	334
gerrard	334
gilmore	334
glazed	334
gon	334
griffiths	334
hardwood	334
hendrix	334
highness	334
hikes	334
hindsight	334
hinges	334
homophobia	334
houghton	334
hume	334
hymns	334
hz	334
ik	334
indifference	334
indispensable	334
infirmary	334
inflict	334
ingram	334
inhibit	334
insanely	334
intellectually	334
interstellar	334
intoxicated	334
involuntary	334
isil	334
issuance	334
itchy	334
jammed	334
jojo	334
junta	334
lankan	334
laos	334
latch	334
libel	334
ligament	334
likeness	334
lizzie	334
loaned	334
lofty	334
loom	334
luc	334
ludicrous	334
maharashtra	334
maize	334
malice	334
manu	334
marginalized	334
mayor's	334
mazda	334
mcmahon	334
melvin	334
middlesbrough	334
milestones	334
milford	334
milling	334
minnie	334
mitsubishi	334
mixtape	334
mods	334
mongolia	334
motivating	334
munitions	334
mx	334
myrtle	334
nemesis	334
o'reilly	334
originality	334
orioles	334
ornamental	334
owner's	334
oysters	334
pancreatic	334
parkinson's	334
parlor	334
partnering	334
pebble	334
peeled	334
perseverance	334
persisted	334
pharmacist	334
phillies	334
picky	334
pistons	334
pizzas	334
poole	334
populace	334
pretoria	334
pricey	334
prima	334
prized	334
profiling	334
progressives	334
prompts	334
propagation	334
psychedelic	334
pune	334
quieter	334
radiator	334
randomized	334
rapists	334
rector	334
redeemed	334
regal	334
relativity	334
rene	334
revered	334
ridicule	334
ridley	334
roasting	334
rocker	334
romero	334
rotting	334
salman	334
sami	334
sculptor	334
semifinals	334
shalt	334
sheen	334
shelton	334
showcasing	334
sincerity	334
sinful	334
slander	334
sleek	334
slew	334
sling	334
socioeconomic	334
solicitors	334
spontaneously	334
steamed	334
stockton	334
stratford	334
studs	334
sturgeon	334
subpoena	334
swam	334
sweeps	334
syllabus	334
system's	334
taiwanese	334
teaming	334
textual	334
thinkin	334
toad	334
tombs	334
troopers	334
tsa	334
tv's	334
tyrone	334
unaffected	334
uncles	334
undeniable	334
une	334
upstate	334
ventura	334
vigilant	334
visitation	334
viva	334
volcanoes	334
washer	334
watered	334
werner	334
wick	334
worldly	334
wp	334
achieves	333
additive	333
adept	333
advantageous	333
aero	333
afloat	333
agility	333
airbus	333
alba	333
alteration	333
annoyance	333
anon	333
ante	333
appointing	333
archipelago	333
assembling	333
bailed	333
barkley	333
bdsm	333
behaviours	333
belmont	333
bidders	333
bloated	333
blooming	333
blooms	333
boating	333
bonfire	333
bookings	333
bowed	333
brody	333
bullpen	333
cafes	333
cali	333
canine	333
capsules	333
carb	333
carver	333
causal	333
centrally	333
cheerleader	333
christy	333
circling	333
citadel	333
client's	333
clifton	333
climates	333
colonialism	333
comforts	333
compromising	333
corvette	333
costco	333
cowards	333
cranes	333
cunts	333
cutest	333
dashboard	333
deficient	333
degenerate	333
demonic	333
deterrent	333
disdain	333
disgraceful	333
doggy	333
dole	333
dreamt	333
dun	333
eerie	333
electing	333
enraged	333
envelopes	333
eroded	333
estimating	333
ethel	333
excursion	333
exemptions	333
exponential	333
farce	333
fatally	333
fingerprints	333
flanders	333
flickr	333
fling	333
flowed	333
flung	333
fragmented	333
frankenstein	333
frantic	333
fudge	333
gabrielle	333
gemma	333
gideon	333
glide	333
glover	333
gras	333
grieve	333
grimes	333
grossly	333
grudge	333
gucci	333
hairstyle	333
handwritten	333
hardships	333
harmonic	333
hb	333
headlights	333
heartless	333
hectic	333
holistic	333
hooper	333
hormonal	333
huffington	333
ict	333
implanted	333
informant	333
inhabit	333
intervening	333
intrusive	333
investigates	333
invoke	333
invoked	333
jackass	333
jericho	333
jonny	333
josephine	333
joyous	333
kiwi	333
latinos	333
leaflets	333
licences	333
lim	333
limo	333
lulu	333
lunchtime	333
lux	333
mace	333
maher	333
malawi	333
malignant	333
mane	333
mascara	333
matchmaking	333
maverick	333
measles	333
mend	333
mentoring	333
mich	333
microbial	333
microsoft's	333
migraine	333
millennial	333
mitt	333
molten	333
monsoon	333
montage	333
monterey	333
morales	333
napoli	333
negligent	333
netanyahu	333
nikon	333
nil	333
norma	333
ofthe	333
opioid	333
optimize	333
pakistan's	333
passionately	333
pastors	333
pathogens	333
penetrating	333
persuasion	333
phased	333
phyllis	333
plaid	333
playback	333
plush	333
portraying	333
portrays	333
positivity	333
practised	333
precedence	333
preferring	333
previews	333
pristine	333
prognosis	333
propeller	333
pyramids	333
quotas	333
racket	333
rags	333
rajasthan	333
realistically	333
reclaimed	333
reilly	333
relatable	333
reorganization	333
resembled	333
resided	333
retrieval	333
rotated	333
roundabout	333
saline	333
saviour	333
scarcely	333
scraping	333
serie	333
shipbuilding	333
shiva	333
shrugged	333
siemens	333
signings	333
slogans	333
smoky	333
solids	333
solos	333
spade	333
spoils	333
staffordshire	333
steroid	333
supplemented	333
surveying	333
swans	333
tata	333
tds	333
temperate	333
temps	333
thematic	333
threesome	333
thunderstorms	333
tilted	333
toaster	333
treble	333
turquoise	333
ultraviolet	333
unbiased	333
unc	333
uncanny	333
underdog	333
unfolding	333
ungrateful	333
untreated	333
usefulness	333
user's	333
vandalism	333
vargas	333
vibrating	333
vowel	333
voyager	333
weirdo	333
weld	333
werewolf	333
wilson's	333
wrongful	333
ww	333
xu	333
aba	332
acknowledgement	332
adored	332
airbnb	332
alerted	332
alleges	332
alligator	332
amends	332
annoys	332
antagonist	332
apa	332
approximation	332
aromatic	332
assurances	332
attendants	332
auschwitz	332
baroque	332
bays	332
behavioural	332
belgrade	332
benefiting	332
berg	332
bergen	332
bethany	332
bg	332
biases	332
binder	332
blindly	332
brig	332
buggy	332
bundled	332
burnett	332
buzzfeed	332
calves	332
camille	332
canonical	332
cautiously	332
ceasefire	332
celery	332
characterize	332
chinatown	332
collaborations	332
collaborators	332
commissioning	332
cor	332
counsellor	332
countered	332
couture	332
cramps	332
croatian	332
crowdfunding	332
cutie	332
dab	332
dar	332
darcy	332
dawg	332
dentists	332
deploying	332
deserts	332
df	332
dictates	332
dion	332
dissatisfaction	332
dodgy	332
earthly	332
eaters	332
elective	332
emitted	332
endeavors	332
enslaved	332
ent	332
entrances	332
eq	332
escalation	332
ethos	332
eureka	332
exec	332
eyewitness	332
fag	332
favours	332
fil	332
fitz	332
fleeting	332
flourished	332
forfeit	332
forging	332
foundry	332
fractions	332
fro	332
funerals	332
furnishings	332
giraffe	332
gma	332
gmail	332
grinder	332
gunman	332
hampered	332
hardcover	332
healer	332
heals	332
hermione	332
hinge	332
hubbard	332
hurley	332
illustrating	332
inaugurated	332
indexes	332
insiders	332
intestinal	332
intra	332
irons	332
islamabad	332
jock	332
jumpers	332
kidd	332
kneeling	332
knuckles	332
lady's	332
lauderdale	332
lifestyles	332
lr	332
ludwig	332
macbeth	332
magazine's	332
mamma	332
manic	332
manifold	332
margot	332
measurable	332
medina	332
meek	332
mellow	332
melon	332
mirrored	332
miscarriage	332
mla	332
mojo	332
msnbc	332
napa	332
narration	332
nasa's	332
nassau	332
nicki	332
nip	332
nxt	332
nye	332
oblivion	332
observes	332
ohhh	332
oilers	332
ornament	332
outpatient	332
pamphlet	332
parishes	332
pats	332
penelope	332
perish	332
perpetrator	332
pervert	332
pharaoh	332
philanthropy	332
photon	332
polluted	332
potion	332
premiered	332
preparedness	332
pretends	332
prettier	332
primal	332
princesses	332
prohibiting	332
psalms	332
psg	332
psychopath	332
pups	332
qui	332
quid	332
receptive	332
redundancy	332
reelection	332
reindeer	332
relapse	332
relish	332
rendezvous	332
republics	332
reversible	332
roche	332
rodents	332
rowan	332
rudolph	332
saharan	332
scumbag	332
seams	332
seizing	332
selectively	332
sensed	332
shred	332
sideline	332
sidelines	332
simplistic	332
skater	332
skincare	332
soc	332
spawning	332
spokane	332
sta	332
stabilized	332
stares	332
staten	332
steaming	332
student's	332
substitutes	332
supervise	332
supervising	332
supervisory	332
swapping	332
sweeter	332
syllable	332
synod	332
taipei	332
takeaway	332
tatum	332
teased	332
tees	332
tesco	332
thorpe	332
titus	332
towing	332
treacherous	332
turnbull	332
undermined	332
undermining	332
untold	332
uplifting	332
upsets	332
vaccinated	332
vaughn	332
vents	332
versatility	332
visualization	332
voicemail	332
volt	332
wakefield	332
watford	332
who'll	332
wielding	332
wiggins	332
wilkins	332
wingers	332
winnie	332
wits	332
wrongs	332
yeh	332
abnormalities	331
allocate	331
analytic	331
ans	331
apprehended	331
ascending	331
attributable	331
aubrey	331
barb	331
bastion	331
beaumont	331
bey	331
biopsy	331
blackwell	331
bolster	331
bray	331
briefs	331
caitlin	331
calais	331
cancelling	331
canning	331
capitalists	331
categorized	331
cba	331
cbi	331
cg	331
chopper	331
chromosomes	331
chunky	331
classed	331
clerks	331
cohesive	331
comey	331
commando	331
complication	331
computed	331
conquering	331
constituencies	331
contentious	331
contra	331
corbyn	331
cosy	331
coyotes	331
crease	331
cursing	331
deadliest	331
degraded	331
dehydration	331
delights	331
denomination	331
derbyshire	331
desserts	331
digestion	331
dismantled	331
dissatisfied	331
distinctions	331
docking	331
dodging	331
donut	331
doubting	331
dungeons	331
effected	331
embargo	331
embodiment	331
emptied	331
encoded	331
engraving	331
enhances	331
entrenched	331
explanatory	331
extremism	331
fairfield	331
fairies	331
faulkner	331
fg	331
filtration	331
finalized	331
flagged	331
fleets	331
fooling	331
formatting	331
fracking	331
francesca	331
francesco	331
fungal	331
gabe	331
garry	331
garth	331
ghz	331
gillian	331
glaciers	331
glaring	331
gloom	331
goblin	331
gunner	331
hammers	331
hamster	331
heaps	331
hex	331
homosexuals	331
hooking	331
hopped	331
hydra	331
hypocritical	331
illustrious	331
incidental	331
indigo	331
individual's	331
industry's	331
inscriptions	331
instruct	331
insurgency	331
intimidate	331
ipa	331
irregularities	331
jamming	331
jax	331
kyrie	331
labyrinth	331
lac	331
latency	331
limbo	331
linger	331
lousy	331
luncheon	331
mailbox	331
mammal	331
mcguire	331
membranes	331
memorabilia	331
midterm	331
midtown	331
migrated	331
miller's	331
mimi	331
muir	331
muzzle	331
myspace	331
nationalities	331
nec	331
nurture	331
oblivious	331
ode	331
oem	331
olga	331
olson	331
ortiz	331
outlining	331
overt	331
pacers	331
paisley	331
pajamas	331
palo	331
patriarch	331
penthouse	331
perjury	331
persists	331
pious	331
plotted	331
potomac	331
powdered	331
pregnancies	331
prematurely	331
presenters	331
prioritize	331
proprietor	331
putnam	331
quarrel	331
raider	331
rained	331
raja	331
rea	331
reasoned	331
rebate	331
regulates	331
reins	331
resurgence	331
rh	331
roc	331
rollers	331
rooster	331
routed	331
rufus	331
rushes	331
rx	331
sakura	331
salads	331
sanskrit	331
scientology	331
scooby	331
scuba	331
seamless	331
selects	331
sequels	331
shattering	331
shelly	331
sheppard	331
shite	331
shoreline	331
siberian	331
sickening	331
sidewalks	331
silhouette	331
slug	331
smackdown	331
smug	331
soprano	331
specialties	331
spectroscopy	331
spreadsheet	331
stagnant	331
startled	331
steaks	331
stephenson	331
streaks	331
strides	331
strung	331
summaries	331
tanning	331
tendon	331
thc	331
thine	331
timmy	331
tnt	331
toughness	331
tracey	331
tractors	331
turin	331
unanswered	331
unethical	331
uniting	331
unix	331
uptown	331
urinary	331
valiant	331
vigilante	331
viper	331
washington's	331
weekday	331
weirdest	331
westwood	331
whistles	331
whitehall	331
wilhelm	331
willard	331
woe	331
wrinkles	331
ws	331
abi	330
abstraction	330
adjunct	330
administering	330
admiring	330
ami	330
ascended	330
asean	330
aspiration	330
atkins	330
attentive	330
auntie	330
austen	330
awakened	330
ballpark	330
barbarians	330
beak	330
beige	330
bellamy	330
blasphemy	330
blinds	330
blinking	330
blueberry	330
boar	330
bosch	330
bran	330
breathes	330
bribes	330
brigadier	330
broaden	330
bubba	330
bulky	330
burdens	330
busch	330
cadets	330
calendars	330
camels	330
cameraman	330
carbohydrates	330
carnage	330
cavities	330
chateau	330
chavez	330
colleen	330
comedies	330
commended	330
commune	330
compiling	330
conclusive	330
conservatory	330
considerate	330
constance	330
constructions	330
coo	330
cryptocurrency	330
cultured	330
dans	330
daycare	330
debra	330
deductions	330
depressive	330
descendant	330
dips	330
director's	330
disperse	330
disproportionately	330
dives	330
downed	330
ecommerce	330
emery	330
enrich	330
entrants	330
epidemiology	330
errands	330
esque	330
exaggeration	330
exhaustive	330
exponentially	330
exporters	330
externally	330
fanbase	330
fermentation	330
fiasco	330
fifteenth	330
flares	330
flo	330
flops	330
flores	330
footed	330
fright	330
fruitful	330
gall	330
gastric	330
gilded	330
goddard	330
hallelujah	330
hastily	330
haynes	330
headphone	330
heinrich	330
hemingway	330
horizontally	330
hubert	330
hurtful	330
illuminate	330
inaccessible	330
incur	330
inferno	330
introductions	330
inverness	330
ireland's	330
isabelle	330
jog	330
jt	330
jug	330
kgb	330
kinder	330
knoxville	330
labrador	330
latte	330
leafy	330
lobe	330
loo	330
luiz	330
lyle	330
maga	330
maguire	330
margarita	330
masturbating	330
mcbride	330
meddling	330
nadia	330
nods	330
nothing's	330
ofc	330
ollie	330
omission	330
orbits	330
orchid	330
overtake	330
paramedics	330
pax	330
peabody	330
peat	330
pedophile	330
peptide	330
perfected	330
periphery	330
perished	330
physicists	330
piggy	330
piling	330
polarized	330
portals	330
pov	330
predetermined	330
prelude	330
prepaid	330
priesthood	330
punishable	330
rahman	330
rao	330
ravi	330
reaper	330
reassure	330
redesigned	330
regiments	330
remnant	330
renders	330
rhys	330
rockstar	330
ros	330
rosenberg	330
rounder	330
sanford	330
satanic	330
sausages	330
scented	330
sclerosis	330
selfless	330
serenity	330
shading	330
shrug	330
sighting	330
singled	330
sipping	330
siri	330
site's	330
sonar	330
spat	330
stabilization	330
stacking	330
starch	330
stony	330
stormed	330
subtly	330
superstars	330
surfer	330
taj	330
taper	330
teaspoon	330
templates	330
thorne	330
tightening	330
tlc	330
tolls	330
tos	330
totaling	330
toxin	330
trademarks	330
tudor	330
turk	330
typo	330
unequal	330
unresolved	330
unspecified	330
vacated	330
veg	330
venetian	330
vhs	330
waffle	330
wanda	330
warships	330
washes	330
wasps	330
welp	330
wha	330
winery	330
wm	330
writ	330
xiao	330
yamaha	330
zara	330
zipper	330
acclaim	329
aching	329
acquires	329
adversary	329
afflicted	329
airfield	329
akbar	329
alienated	329
angered	329
archers	329
arrays	329
ascertain	329
assam	329
audits	329
bargains	329
beards	329
believable	329
bill's	329
billboards	329
bitterly	329
bloodshed	329
boils	329
boko	329
breaths	329
brigades	329
bumping	329
burrows	329
cairns	329
caracas	329
cassie	329
cello	329
celsius	329
certifications	329
cesar	329
chai	329
chariot	329
cheddar	329
chilli	329
cholera	329
cio	329
clinch	329
clipped	329
collide	329
commemoration	329
commuting	329
complexion	329
compulsive	329
congenital	329
construed	329
consular	329
corrective	329
costello	329
coworker	329
crumble	329
crumbling	329
cultivating	329
daddy's	329
dangling	329
daredevil	329
decentralized	329
dei	329
denominations	329
denote	329
detox	329
didn	329
differentiated	329
discrepancy	329
dishwasher	329
doctrines	329
doj	329
donaldson	329
doodle	329
dossier	329
draper	329
dunham	329
dyes	329
easton	329
eastwood	329
edna	329
electrodes	329
embryos	329
eradicate	329
excite	329
exporter	329
extortion	329
extracting	329
ey	329
fay	329
feral	329
flips	329
flourishing	329
footprints	329
forster	329
fortnite	329
fountains	329
frameworks	329
freezes	329
generously	329
godfrey	329
grange	329
greats	329
gui	329
hangar	329
hardworking	329
harms	329
hasty	329
hathaway	329
hdmi	329
hermes	329
hijacked	329
housekeeper	329
husky	329
idf	329
iggy	329
imitate	329
imperfections	329
improbable	329
impulses	329
incarcerated	329
ineligible	329
infusion	329
iu	329
jaguars	329
jeb	329
journalistic	329
julien	329
justifying	329
kapoor	329
kart	329
kelvin	329
keyword	329
kolkata	329
laborers	329
laced	329
lai	329
lemons	329
lincolnshire	329
lipid	329
looming	329
lordship	329
louisa	329
mahogany	329
malfunction	329
mana	329
manson	329
marin	329
markedly	329
marta	329
mccann	329
mckenna	329
mcqueen	329
mediator	329
mein	329
mentors	329
meow	329
mer	329
minions	329
mirage	329
mockery	329
modulation	329
motorists	329
mozambique	329
muller	329
narrated	329
narrower	329
nature's	329
navigating	329
navigator	329
nes	329
nightingale	329
nuke	329
o'connell	329
occult	329
ocd	329
olympian	329
opting	329
osama	329
ovation	329
oversees	329
palaces	329
palin	329
parades	329
park's	329
payback	329
pediatrics	329
perch	329
perpendicular	329
physique	329
pioneered	329
playbook	329
pleases	329
plywood	329
pollutants	329
ponies	329
pooh	329
ppp	329
prettiest	329
proficient	329
protagonists	329
pst	329
punctuation	329
purification	329
purported	329
putin's	329
qi	329
quotations	329
ramifications	329
readable	329
recourse	329
regimen	329
removable	329
repaid	329
responders	329
retires	329
retrospect	329
roundup	329
rowland	329
ryan's	329
seinfeld	329
sensations	329
sequential	329
shafts	329
signifies	329
skates	329
smelly	329
solves	329
sorta	329
specialization	329
spiritually	329
sporadic	329
stationery	329
sudanese	329
sunscreen	329
sykes	329
tau	329
tempest	329
tending	329
terraces	329
thankyou	329
there'd	329
tightened	329
tights	329
tito	329
tobias	329
tofu	329
tragedies	329
transports	329
trenton	329
tripoli	329
truss	329
tubing	329
tuesdays	329
turnovers	329
twat	329
undue	329
unionist	329
unprotected	329
unsettling	329
upscale	329
vader	329
verde	329
viewpoints	329
vinci	329
vu	329
wacky	329
wealthiest	329
wearable	329
wilcox	329
wiltshire	329
wreckage	329
writer's	329
xml	329
yvonne	329
zeppelin	329
aches	328
adamant	328
airspace	328
alejandro	328
allotted	328
almonds	328
amplitude	328
analogue	328
annotated	328
anomalies	328
archival	328
ardent	328
arenas	328
assay	328
assigning	328
assorted	328
axel	328
badminton	328
barbarian	328
bedrock	328
bihar	328
bj	328
blaine	328
boardwalk	328
boasting	328
boldly	328
book's	328
boomer	328
booths	328
brittle	328
budding	328
cena	328
charters	328
chatham	328
cheaply	328
chiang	328
choo	328
clair	328
climbers	328
clogged	328
cohesion	328
colo	328
compel	328
complexities	328
compromises	328
conduit	328
congregations	328
constraint	328
contradictions	328
conveyor	328
cpi	328
cramped	328
crates	328
crawled	328
culminating	328
cuomo	328
cutters	328
dae	328
dalai	328
darryl	328
dashed	328
decimal	328
defensively	328
defunct	328
degrade	328
demonstrators	328
denton	328
departures	328
diablo	328
differed	328
diffuse	328
dignified	328
disapproval	328
disobedience	328
dreamer	328
dune	328
dwellers	328
eb	328
ef	328
electronically	328
emancipation	328
entropy	328
epitome	328
esa	328
esteemed	328
ethernet	328
excused	328
extradition	328
eyesight	328
fide	328
finder	328
fishy	328
flooring	328
forearm	328
frail	328
fray	328
gathers	328
geelong	328
generational	328
girlfriend's	328
glaze	328
goldfish	328
greenville	328
grizzly	328
grotesque	328
gunners	328
hallucinations	328
harass	328
hooded	328
horrid	328
huawei	328
hussain	328
hwy	328
impractical	328
indexed	328
insecurities	328
insta	328
interchangeable	328
interrupting	328
irreversible	328
jack's	328
jacked	328
jerks	328
joked	328
kaufman	328
kfc	328
lawless	328
leftists	328
legalized	328
leggings	328
legions	328
leveled	328
liza	328
locomotives	328
macau	328
manifested	328
marries	328
maynard	328
mayoral	328
medley	328
mercenaries	328
meyers	328
mh	328
might've	328
minimalist	328
misled	328
msm	328
multiplied	328
narendra	328
objectively	328
orbiting	328
orchestrated	328
packard	328
pap	328
parisian	328
participates	328
partner's	328
phoned	328
plugin	328
polishing	328
polymers	328
pore	328
postcards	328
postgraduate	328
predicament	328
predominant	328
prem	328
proverbs	328
puke	328
puzzled	328
qu	328
quadrant	328
ramps	328
recital	328
recite	328
reckoning	328
recollection	328
reconstructed	328
refine	328
regents	328
reiterated	328
rem	328
resale	328
retake	328
rhine	328
rips	328
rj	328
robb	328
rodrigo	328
rosy	328
rupture	328
salted	328
scandalous	328
scot	328
seasoning	328
securely	328
shabby	328
showcased	328
sightings	328
sinus	328
situ	328
skid	328
solace	328
spanking	328
specialize	328
splinter	328
spoons	328
squats	328
squire	328
standout	328
stills	328
stoner	328
strengthens	328
stung	328
suppressing	328
swimsuit	328
symmetrical	328
tac	328
tacoma	328
tam	328
tenders	328
terminator	328
timers	328
tinker	328
topography	328
ua	328
unexplained	328
unintended	328
unmanned	328
uno	328
unsolved	328
unsuccessfully	328
uptake	328
vantage	328
ventured	328
versailles	328
virgins	328
waldo	328
waller	328
watchers	328
whim	328
whine	328
wil	328
withhold	328
worshipped	328
yee	328
yellowstone	328
ying	328
yosemite	328
zeal	328
zealand's	328
abort	327
abound	327
adversely	327
afternoons	327
agendas	327
aidan	327
alfredo	327
amish	327
andersen	327
angled	327
antennas	327
assertions	327
astonished	327
attorney's	327
audacity	327
banjo	327
barbaric	327
barbed	327
battled	327
beech	327
benchmarks	327
biz	327
blazer	327
blower	327
blurry	327
bravely	327
bret	327
breweries	327
bts	327
burmese	327
bush's	327
camped	327
cherries	327
chevron	327
cheyenne	327
clinicians	327
coercion	327
colombo	327
comma	327
community's	327
competency	327
concerted	327
constructs	327
cont	327
convicts	327
cora	327
cornelius	327
cravings	327
crotch	327
crucified	327
customize	327
dai	327
dartmouth	327
dashing	327
departmental	327
deposed	327
devin	327
dharma	327
dialysis	327
disclosures	327
distal	327
ditched	327
divisional	327
dogma	327
doi	327
dupont	327
emory	327
emptiness	327
encompass	327
ensign	327
escalating	327
evoke	327
expansions	327
experimented	327
facilitates	327
faithfully	327
faq	327
fern	327
fingertips	327
firepower	327
fixation	327
flanked	327
flatter	327
flushed	327
formative	327
fret	327
frontiers	327
gastrointestinal	327
geeks	327
genders	327
grader	327
granger	327
grasses	327
gratification	327
gruesome	327
guineas	327
gw	327
harshly	327
hedges	327
heller	327
henrik	327
hezbollah	327
hinduism	327
hiroshima	327
hitchcock	327
hodge	327
holloway	327
huts	327
hydrated	327
imaginable	327
impetus	327
impulsive	327
incense	327
inhuman	327
injure	327
inserting	327
intersections	327
inventing	327
invoice	327
jb	327
johan	327
junkie	327
kelsey	327
khalid	327
kr	327
kristin	327
kun	327
lacey	327
lao	327
latent	327
lau	327
leans	327
leipzig	327
lenovo	327
lew	327
lexus	327
limitless	327
literate	327
lm	327
localization	327
loki	327
loretta	327
lowly	327
lucid	327
lymphoma	327
makin	327
martini	327
merciful	327
mgm	327
midget	327
midwife	327
minimizing	327
mira	327
misinformation	327
mitochondrial	327
mobilization	327
monologue	327
monoxide	327
mosul	327
musically	327
mutiny	327
nagging	327
nephews	327
nervously	327
network's	327
nighttime	327
nonlinear	327
normalized	327
northumberland	327
numbering	327
oakley	327
odi	327
orr	327
outweigh	327
parasitic	327
parent's	327
parsley	327
pendulum	327
petit	327
petra	327
picket	327
placements	327
poignant	327
polio	327
potency	327
precarious	327
presley	327
pretext	327
privatization	327
proclaim	327
quaint	327
qualifiers	327
raccoon	327
raiding	327
rallied	327
reassurance	327
recovers	327
redistribution	327
remy	327
restrain	327
retreating	327
richly	327
rioting	327
rookies	327
sai	327
sanderson	327
saver	327
scarborough	327
scarred	327
secession	327
sectarian	327
seminal	327
serene	327
ses	327
seventies	327
shaded	327
sharpe	327
shipyard	327
shrek	327
sig	327
silica	327
simmer	327
smokey	327
snag	327
snuck	327
sob	327
socrates	327
sophistication	327
sourcing	327
str	327
straighten	327
streamlined	327
sweaters	327
syringe	327
tanaka	327
thinly	327
thursdays	327
timor	327
tinted	327
tornadoes	327
tote	327
trainees	327
transverse	327
trembling	327
triangles	327
tributes	327
trident	327
trojans	327
tweak	327
ubuntu	327
undead	327
unison	327
unlocking	327
unprepared	327
unrestricted	327
unsuitable	327
unthinkable	327
uplift	327
utilizes	327
vanderbilt	327
vanishing	327
venerable	327
visualize	327
vulcan	327
wasteful	327
waterfalls	327
wilkes	327
youngster	327
activating	326
adopts	326
adverts	326
advisable	326
algerian	326
angst	326
antiquities	326
apathy	326
arcs	326
artisan	326
association's	326
assortment	326
attaching	326
auditing	326
bandwagon	326
bane	326
basins	326
bayer	326
bcs	326
billings	326
bios	326
birdie	326
bison	326
blacked	326
blacksmith	326
blanks	326
borg	326
brainwashed	326
brothel	326
burrito	326
bytes	326
calmed	326
camper	326
carole	326
cartilage	326
casket	326
charley	326
chattanooga	326
christchurch	326
claimants	326
cleanliness	326
clothed	326
coli	326
collided	326
commentaries	326
complicate	326
concerto	326
concurrently	326
contraception	326
convex	326
crouch	326
culmination	326
curing	326
dank	326
daphne	326
decomposition	326
dehydrated	326
democracies	326
detriment	326
dex	326
dhs	326
dialects	326
discretionary	326
dismal	326
dismay	326
disparate	326
dissemination	326
distilled	326
dodger	326
dolan	326
dolores	326
domestically	326
electors	326
electrician	326
elise	326
endorsements	326
equator	326
estuary	326
etched	326
eternally	326
ewing	326
excise	326
expel	326
exposures	326
facets	326
fad	326
fitch	326
fledged	326
fol	326
forcefully	326
foreground	326
frown	326
fruity	326
frustrations	326
fukushima	326
gals	326
germain	326
gertrude	326
gloucestershire	326
godly	326
golfers	326
graeme	326
groin	326
grounding	326
guangzhou	326
gunn	326
gunpowder	326
guthrie	326
guyana	326
hamper	326
haskell	326
hatched	326
helix	326
heroism	326
hierarchical	326
homie	326
hornets	326
hover	326
howling	326
humbled	326
icelandic	326
inducted	326
infidelity	326
internships	326
inventive	326
inversion	326
ips	326
kahn	326
keynes	326
khalifa	326
kinase	326
kirsten	326
knack	326
kodak	326
kool	326
kosher	326
lansing	326
lazarus	326
legalize	326
lehman	326
libby	326
librarians	326
licked	326
lillian	326
liquidation	326
longitude	326
lured	326
macho	326
maestro	326
magna	326
maneuvers	326
matilda	326
maxi	326
mcgill	326
mcgrath	326
meditate	326
mercenary	326
mexico's	326
microscopy	326
missy	326
moi	326
morbid	326
motifs	326
multiplication	326
mysteriously	326
nadine	326
nav	326
nino	326
nonfiction	326
nouns	326
nuanced	326
occurrences	326
olympia	326
orb	326
orchestral	326
ordinarily	326
orthodoxy	326
outage	326
overcame	326
packer	326
paternal	326
pellets	326
pelvis	326
penetrated	326
pla	326
plz	326
polarization	326
potty	326
powering	326
preoccupied	326
projectile	326
protracted	326
prussian	326
psychiatrists	326
puddle	326
quay	326
railing	326
realist	326
receptionist	326
reckoned	326
recruiter	326
reforming	326
reload	326
remuneration	326
replicated	326
repressed	326
reputed	326
resigning	326
restraints	326
revoke	326
richness	326
riviera	326
sadie	326
scandinavia	326
scanners	326
secretive	326
sediments	326
serotonin	326
serviced	326
shorty	326
silky	326
sinatra	326
sirius	326
slaying	326
smallpox	326
snails	326
snoring	326
sociological	326
sorority	326
spd	326
sped	326
speechless	326
spores	326
spurred	326
stair	326
starship	326
stemming	326
strategist	326
sts	326
subaru	326
subdivisions	326
sunken	326
supremacist	326
tal	326
ter	326
toasted	326
tortoise	326
tragically	326
transitioning	326
translators	326
typewriter	326
understandably	326
undisputed	326
unprofessional	326
urdu	326
uri	326
veggie	326
veiled	326
visceral	326
vividly	326
wannabe	326
welded	326
whaling	326
wiggle	326
wolfgang	326
worldview	326
wrongdoing	326
zuckerberg	326
abusers	325
accommodating	325
additives	325
aggregation	325
ahem	325
albanian	325
alistair	325
alkaline	325
alum	325
antidote	325
anus	325
appalachian	325
archery	325
arterial	325
artisans	325
asparagus	325
athena	325
attest	325
attractiveness	325
auditors	325
auditory	325
avenge	325
aversion	325
awkwardly	325
badgers	325
balkans	325
ballard	325
balm	325
behaves	325
biennial	325
bikers	325
bologna	325
bolted	325
bona	325
bony	325
borrower	325
bridging	325
brighten	325
brood	325
budgeting	325
building's	325
bulletproof	325
bundesliga	325
cambodian	325
campers	325
cassandra	325
ceases	325
cecilia	325
cemented	325
cessation	325
charlottesville	325
charlton	325
charmed	325
chemists	325
chemo	325
chipped	325
civ	325
colby	325
collagen	325
combating	325
commencing	325
commend	325
complied	325
contemplated	325
cricketer	325
crimean	325
crochet	325
cruisers	325
csi	325
customization	325
cypress	325
dal	325
dandy	325
dependable	325
deteriorating	325
dickhead	325
disagrees	325
district's	325
donny	325
downey	325
dresden	325
dw	325
eased	325
easing	325
eid	325
elevations	325
emeritus	325
emigration	325
emit	325
enthusiastically	325
excavated	325
excavations	325
excursions	325
extant	325
ezekiel	325
farmed	325
fathom	325
fiancee	325
fictitious	325
firsthand	325
fitzpatrick	325
flashy	325
floppy	325
fluoride	325
frat	325
gardeners	325
geologic	325
giggling	325
gillespie	325
gmo	325
goldstein	325
gospels	325
gowns	325
grasping	325
greenberg	325
grooves	325
guam	325
guantanamo	325
guideline	325
hadley	325
hawthorne	325
headmaster	325
heart's	325
heartland	325
hedgehog	325
hehe	325
heinous	325
hens	325
hoe	325
hulu	325
hypnosis	325
iain	325
icu	325
immersive	325
impeccable	325
inbound	325
inconsistencies	325
inference	325
infiltrate	325
inflatable	325
ingrid	325
inhale	325
instinctively	325
interconnected	325
intolerant	325
isp	325
jellyfish	325
jimi	325
jordan's	325
judo	325
karnataka	325
keane	325
keating	325
kev	325
kilos	325
kurdistan	325
lament	325
leach	325
lefty	325
legislatures	325
lsd	325
luigi	325
mabel	325
mach	325
maddie	325
maids	325
malpractice	325
manipulative	325
marginally	325
marjorie	325
mark's	325
mathews	325
maxine	325
mayweather	325
melinda	325
memberships	325
microbiology	325
migrating	325
modelled	325
modernity	325
motherfuckers	325
namibia	325
narrowing	325
navajo	325
nectar	325
neighbourhoods	325
nitrate	325
nvidia	325
o'malley	325
oft	325
olympus	325
oversaw	325
pastel	325
patterned	325
payoff	325
perpetrated	325
pessimistic	325
pesticide	325
phosphorus	325
platter	325
pounded	325
preachers	325
premieres	325
prod	325
prodigy	325
prosecutions	325
prototypes	325
psychotherapy	325
pundits	325
quilt	325
qur'an	325
radcliffe	325
rai	325
rama	325
rapping	325
realtor	325
rees	325
refreshed	325
regency	325
reptile	325
rescues	325
residues	325
revisited	325
robyn	325
rowling	325
sag	325
sama	325
sauna	325
scaring	325
scotland's	325
scrum	325
seasonally	325
selena	325
sem	325
shan	325
sharper	325
shen	325
showcases	325
slade	325
sluggish	325
slum	325
smoothie	325
snare	325
snipers	325
snowflake	325
sod	325
spectra	325
spines	325
spoiling	325
ssr	325
stag	325
stomp	325
strangest	325
strata	325
straws	325
studded	325
submissive	325
subsection	325
suede	325
summertime	325
sundance	325
swedes	325
sylvester	325
tabloid	325
taft	325
taurus	325
teal	325
thorns	325
throwback	325
thunderstorm	325
tiers	325
timid	325
towering	325
tracts	325
triathlon	325
trickle	325
troupe	325
tsp	325
tweed	325
ultimatum	325
uncut	325
uninterrupted	325
vettel	325
webinar	325
weekdays	325
weinstein	325
widen	325
widest	325
wigs	325
workin	325
wrestlemania	325
xmas	325
yachts	325
yelp	325
yoon	325
abt	324
aclu	324
affirmation	324
amassed	324
amherst	324
annette	324
aol	324
apc	324
apiece	324
appalled	324
appreciative	324
arched	324
archibald	324
ascend	324
bandage	324
bas	324
belize	324
biologists	324
bittersweet	324
blight	324
botswana	324
braid	324
branching	324
brewster	324
bulge	324
byrd	324
cabaret	324
camilla	324
caregivers	324
carmichael	324
catheter	324
centimeters	324
chemically	324
chewed	324
cinematography	324
cleans	324
coincidentally	324
collingwood	324
commandant	324
compartments	324
conducive	324
confines	324
cong	324
conscientious	324
consensual	324
consumes	324
contrasted	324
cpa	324
critiques	324
crystalline	324
cuffs	324
cyanide	324
deadpool	324
deceit	324
delusions	324
denounce	324
derogatory	324
diagnoses	324
discriminated	324
dismantle	324
dismantling	324
disrupting	324
dmv	324
dns	324
drags	324
drugged	324
durban	324
dx	324
eachother	324
eastward	324
elisabeth	324
emanuel	324
embroidery	324
emo	324
endorsing	324
enigma	324
equivalents	324
erdogan	324
estranged	324
euphoria	324
ez	324
fahrenheit	324
farmer's	324
feelin	324
firewall	324
flattered	324
florida's	324
fluorescence	324
fonts	324
forceful	324
forte	324
fours	324
frowned	324
gaelic	324
galveston	324
gangsters	324
gardiner	324
gibbons	324
giorgio	324
gladstone	324
gladys	324
gmbh	324
gogh	324
gracie	324
grassy	324
greener	324
greer	324
greta	324
hanger	324
hawking	324
hem	324
hitman	324
hitters	324
hobbs	324
housekeeping	324
hua	324
ifs	324
impacting	324
inequalities	324
infiltration	324
insidious	324
intimately	324
ioc	324
issa	324
jargon	324
joon	324
kayak	324
khaled	324
kilograms	324
kneel	324
knowles	324
ladders	324
lakh	324
leakage	324
liberate	324
lizards	324
loc	324
logistical	324
loophole	324
luminous	324
mah	324
majesty's	324
malnutrition	324
maori	324
marlins	324
marseille	324
marshals	324
masterpieces	324
mathematician	324
mayonnaise	324
mccall	324
mcdonnell	324
mcdowell	324
media's	324
meghan	324
melodic	324
memorials	324
mendoza	324
meticulous	324
michelin	324
modesty	324
motherfucking	324
moustache	324
mubarak	324
muffins	324
mugs	324
museum's	324
naw	324
netting	324
nevermind	324
nf	324
nigeria's	324
nigh	324
nocturnal	324
nozzle	324
nudes	324
officer's	324
offside	324
orgy	324
orton	324
overlay	324
paleo	324
paralympic	324
pastures	324
paternity	324
patriarchal	324
peeing	324
peeling	324
perched	324
pitiful	324
planet's	324
plethora	324
plutonium	324
powerpoint	324
prerequisite	324
psychosis	324
quantify	324
rabies	324
rallying	324
rations	324
raul	324
recon	324
recount	324
rectangle	324
recurrent	324
refill	324
reflexes	324
reinforces	324
religiously	324
relive	324
renewing	324
reopening	324
requisite	324
responsibly	324
resurrected	324
reuben	324
revolve	324
rewind	324
rightfully	324
rigs	324
ripley	324
ritz	324
rolf	324
rubs	324
russo	324
saddened	324
saddest	324
secluded	324
seduce	324
semifinal	324
sens	324
shadowy	324
shun	324
sidekick	324
skewed	324
snl	324
softened	324
soros	324
spartans	324
specifies	324
spectre	324
sprinkled	324
stallion	324
stepfather	324
strangled	324
summer's	324
susie	324
sven	324
syllables	324
synthesized	324
t's	324
tak	324
tapestry	324
taping	324
tenderness	324
terrier	324
tester	324
thirties	324
thistle	324
thumbnail	324
tickle	324
titties	324
toro	324
tpp	324
trays	324
tubular	324
tue	324
tumbling	324
turkeys	324
underside	324
uneducated	324
union's	324
unload	324
unloading	324
unmarked	324
unreleased	324
upkeep	324
urn	324
viagra	324
vigil	324
voicing	324
volley	324
voyages	324
waive	324
wallis	324
warmly	324
watergate	324
wavy	324
wednesdays	324
weibo	324
wendell	324
wept	324
whew	324
whirlwind	324
whitaker	324
wilbur	324
wildest	324
winnings	324
wis	324
woodlands	324
yearning	324
accomplishing	323
accumulating	323
affleck	323
agency's	323
alain	323
andrei	323
annapolis	323
annum	323
appreciating	323
aristocratic	323
aroma	323
arsenic	323
assigns	323
assures	323
astro	323
asus	323
aziz	323
backers	323
bain	323
barclays	323
basing	323
batches	323
beggars	323
bestselling	323
biographies	323
biologically	323
bird's	323
bowled	323
boyfriend's	323
bubbling	323
budge	323
bw	323
calhoun	323
ccp	323
chaplin	323
cheater	323
cheeses	323
clegg	323
cloning	323
clout	323
cochran	323
comical	323
commemorative	323
confederacy	323
converge	323
copeland	323
corny	323
countrymen	323
couple's	323
crucible	323
cryptic	323
culminated	323
curses	323
darth	323
deb	323
declarations	323
deities	323
deletion	323
diligent	323
discern	323
dislikes	323
domino	323
donnelly	323
downgrade	323
dreamy	323
drenched	323
droid	323
dukes	323
dummies	323
dunbar	323
dung	323
dyson	323
earners	323
eel	323
eiffel	323
embryonic	323
emoji	323
encountering	323
endanger	323
eos	323
equities	323
fakes	323
fanatic	323
fav	323
feats	323
filmmaking	323
firmware	323
formulate	323
forts	323
fragmentation	323
franks	323
frederic	323
ftc	323
gated	323
girly	323
glam	323
glorified	323
goth	323
gracefully	323
gubernatorial	323
gunmen	323
hahahaha	323
hawthorn	323
healy	323
hermann	323
herr	323
hf	323
hg	323
hoard	323
horde	323
humming	323
ignited	323
imdb	323
imp	323
implicitly	323
inconsistency	323
ingenuity	323
injecting	323
inorganic	323
intestine	323
isolating	323
itinerary	323
juggling	323
justifies	323
kkk	323
koran	323
lacy	323
lair	323
lamborghini	323
lambs	323
leaping	323
liberating	323
lifeless	323
lifeline	323
lobbyists	323
looms	323
lotto	323
lovable	323
love's	323
luka	323
lukas	323
lyndon	323
lynne	323
macarthur	323
mam	323
mani	323
mari	323
marino	323
mateo	323
messes	323
metaphors	323
miliband	323
molded	323
monday's	323
moot	323
mortimer	323
msc	323
musicals	323
myles	323
nebula	323
neurology	323
newt	323
nguyen	323
nietzsche	323
nitro	323
noaa	323
norse	323
notebooks	323
nyt	323
odin	323
oj	323
ost	323
overflowing	323
overland	323
overshadowed	323
pantry	323
paraguay	323
parchment	323
partake	323
pedals	323
pesos	323
peterborough	323
philosophies	323
pj	323
plagiarism	323
poked	323
polk	323
pollard	323
polled	323
pollock	323
prefix	323
proctor	323
prologue	323
proto	323
psp	323
pueblo	323
pulpit	323
puncture	323
pussies	323
qa	323
recounts	323
redhead	323
relational	323
remastered	323
renegade	323
resorted	323
ripper	323
robson	323
roofing	323
rotational	323
rudd	323
ryu	323
safeguarding	323
sash	323
scrambling	323
scully	323
seductive	323
sega	323
segmentation	323
sergey	323
shaker	323
shielding	323
shone	323
sissy	323
sizeable	323
sled	323
sloane	323
sludge	323
sniffing	323
sorrows	323
spamming	323
speedway	323
spiked	323
spongebob	323
sprouts	323
staffers	323
staffs	323
stiles	323
stretcher	323
stricter	323
subtitle	323
summarize	323
sympathies	323
taker	323
telescopes	323
tess	323
threaded	323
tong	323
torturing	323
townships	323
transplantation	323
triad	323
trimming	323
truthfully	323
unfounded	323
unicef	323
unimportant	323
uninsured	323
untitled	323
uw	323
uzbekistan	323
valor	323
vape	323
vernacular	323
virtuous	323
vox	323
vulnerabilities	323
waffles	323
waiters	323
waivers	323
warcraft	323
watercolor	323
wight	323
wolff	323
worded	323
wto	323
y'know	323
abrasive	322
accompaniment	322
accomplice	322
adoptive	322
ailments	322
alphabetical	322
alternately	322
analysing	322
annihilation	322
arbitrarily	322
armistice	322
armory	322
ars	322
att	322
auspices	322
awakens	322
bathe	322
beheaded	322
bellevue	322
bloomington	322
boasted	322
bob's	322
boroughs	322
breathed	322
brodie	322
calamity	322
carbonate	322
carlyle	322
carmel	322
catalytic	322
cemeteries	322
ceylon	322
chases	322
cheerleaders	322
cheesecake	322
choral	322
chronology	322
clam	322
clientele	322
coefficients	322
coldest	322
colouring	322
combatants	322
competes	322
configured	322
conflicted	322
convection	322
coronavirus	322
cosby	322
craftsman	322
creams	322
cretaceous	322
cripple	322
crooks	322
crunchy	322
ctrl	322
curvature	322
cyborg	322
dares	322
deflection	322
despised	322
dialogues	322
discouraging	322
distillery	322
diversification	322
djokovic	322
doesn	322
drumming	322
drummond	322
effortlessly	322
eighties	322
ein	322
enactment	322
enlighten	322
envious	322
erm	322
erroneous	322
exacerbated	322
familial	322
farage	322
fashions	322
feces	322
federer	322
filings	322
fishery	322
folders	322
frazier	322
frivolous	322
fruition	322
fuji	322
fullback	322
gage	322
galley	322
galway	322
gators	322
giddy	322
gpu	322
granada	322
grandeur	322
grappling	322
grover	322
gunshots	322
hamid	322
handlers	322
hanks	322
haunts	322
heinz	322
henry's	322
hentai	322
hodgson	322
homogeneous	322
hye	322
ich	322
ina	322
incl	322
inserts	322
intangible	322
interceptions	322
intestines	322
inventors	322
ire	322
jesuit	322
justine	322
kelly's	322
kiddo	322
kimmel	322
knuckle	322
kt	322
landscaping	322
laureate	322
law's	322
lds	322
lear	322
lesley	322
leveling	322
levied	322
lineman	322
litres	322
lodges	322
madman	322
maniac	322
manifestations	322
mavericks	322
mcnamara	322
medalist	322
melee	322
melo	322
melville	322
memorize	322
mendes	322
menstrual	322
merch	322
metallica	322
metaphysical	322
meteorology	322
methyl	322
mindless	322
misconception	322
mislead	322
momentarily	322
mounds	322
nadu	322
narcissistic	322
negotiable	322
neighbor's	322
nicknames	322
nom	322
northward	322
norwood	322
nudge	322
nurturing	322
nyse	322
obscured	322
osu	322
outlawed	322
ovens	322
overturn	322
padded	322
padres	322
panicking	322
pantheon	322
payer	322
pictorial	322
pints	322
ploy	322
pours	322
prejudices	322
presumption	322
proclaiming	322
prospectus	322
prosthetic	322
pty	322
public's	322
puma	322
racers	322
reactionary	322
reciprocal	322
reconstruct	322
redwood	322
regan	322
relieving	322
reverence	322
richter	322
rims	322
sabine	322
saigon	322
santana	322
scrubs	322
seaweed	322
seduction	322
selfishness	322
serge	322
servicemen	322
setbacks	322
sevens	322
sewers	322
sexiest	322
shakespeare's	322
shaman	322
shatter	322
shepherds	322
shoving	322
signify	322
sinn	322
sino	322
sketchy	322
smuggled	322
snowfall	322
southbound	322
specificity	322
squirt	322
ste	322
stewardship	322
stitched	322
stoppage	322
storylines	322
straining	322
stu	322
superpower	322
suspensions	322
synergy	322
takers	322
tasmanian	322
tempt	322
terminating	322
terri	322
testifying	322
thermometer	322
thingy	322
timberlake	322
tint	322
tomlinson	322
toulouse	322
triumphs	322
unbroken	322
unsettled	322
unveiling	322
uttar	322
versed	322
vicki	322
vlad	322
vm	322
weiner	322
wharton	322
whiff	322
whopping	322
wilt	322
woodstock	322
youtubers	322
zachary	322
zhao	322
absurdity	321
achievable	321
adversaries	321
alchemy	321
amazon's	321
ambushed	321
americana	321
anastasia	321
anatomical	321
antigen	321
apostolic	321
applauded	321
ara	321
aristocracy	321
armchair	321
aryan	321
aswell	321
aunts	321
babysitter	321
babysitting	321
backlog	321
bbc's	321
bengali	321
bile	321
biochemical	321
bled	321
bling	321
boca	321
boner	321
bose	321
botched	321
bouts	321
bradshaw	321
brandt	321
brownie	321
bunnies	321
calibre	321
caliphate	321
captain's	321
captives	321
carcass	321
cardigan	321
carousel	321
cartwright	321
chico	321
chihuahua	321
christi	321
circumcision	321
clandestine	321
clarifying	321
clutter	321
commuters	321
complying	321
compost	321
condemns	321
congratulated	321
conqueror	321
cot	321
coulson	321
crafty	321
crickets	321
croydon	321
crusader	321
cumming	321
cutoff	321
debacle	321
defiant	321
deformed	321
detain	321
diagnostics	321
directives	321
disarm	321
doherty	321
domingo	321
dominique	321
drawback	321
drawbacks	321
drs	321
edm	321
edo	321
elliptical	321
eloquent	321
eminence	321
emitting	321
emperors	321
entail	321
equatorial	321
eras	321
esports	321
eth	321
ethereum	321
eyeballs	321
fairytale	321
fallacy	321
feeble	321
fend	321
ferocious	321
fifties	321
filipinos	321
flake	321
ford's	321
forensics	321
forwarding	321
fragrant	321
gallant	321
gazing	321
gd	321
generalization	321
genitals	321
geologist	321
goldsmith	321
golfing	321
goons	321
guesses	321
gums	321
haas	321
halle	321
hana	321
handcuffs	321
harmon	321
hasan	321
herds	321
hermit	321
hillsborough	321
hindered	321
hookers	321
horsemen	321
hui	321
hutton	321
ign	321
illuminating	321
indebted	321
indecent	321
inquest	321
interacts	321
interfered	321
ionic	321
ipl	321
jennie	321
jerking	321
jingle	321
johansson	321
kali	321
kilometre	321
kink	321
kira	321
lagging	321
laguna	321
lawns	321
leighton	321
leopold	321
levant	321
lice	321
loco	321
looted	321
lorry	321
loudest	321
lovin	321
macleod	321
magnolia	321
marlon	321
matty	321
mauritius	321
medial	321
mellon	321
mercantile	321
migratory	321
mingle	321
modernist	321
moths	321
mover	321
movers	321
nee	321
nomenclature	321
opponent's	321
organisers	321
outback	321
outcry	321
pamphlets	321
panoramic	321
paparazzi	321
parkinson	321
pauses	321
pave	321
peng	321
philanthropic	321
playhouse	321
plow	321
prada	321
preferential	321
prescribing	321
primetime	321
probing	321
proc	321
prolong	321
propane	321
publicized	321
purest	321
pvc	321
qt	321
queues	321
ramadan	321
rambling	321
ras	321
recruiters	321
redirect	321
redmond	321
relentlessly	321
remanded	321
reusable	321
revolutionaries	321
rin	321
robberies	321
rowdy	321
saffron	321
salford	321
sassy	321
schoolboy	321
schumacher	321
scoreboard	321
scotty	321
seeding	321
sender	321
seneca	321
septic	321
shamed	321
shenanigans	321
silas	321
skateboard	321
skiers	321
slider	321
smacked	321
smiths	321
soma	321
someones	321
ssd	321
staggered	321
staining	321
stalked	321
stemmed	321
stipulated	321
substrates	321
subversive	321
sufferers	321
suggestive	321
suitability	321
superstition	321
surfers	321
swallows	321
swanson	321
symmetric	321
synonyms	321
takin	321
theses	321
tic	321
timeout	321
tom's	321
tome	321
tonne	321
totalitarian	321
tramp	321
transistor	321
translucent	321
trashed	321
trot	321
turkey's	321
unbalanced	321
unfavorable	321
unintentionally	321
uniqueness	321
upto	321
vertebrae	321
vertex	321
vowels	321
vuitton	321
wheeling	321
whistling	321
wield	321
woodwork	321
yall	321
yellowish	321
youll	321
yt	321
accompanies	320
acidity	320
adam's	320
ado	320
affirm	320
agrarian	320
airy	320
akira	320
alaskan	320
alfie	320
alloys	320
andhra	320
anecdote	320
anew	320
ani	320
antifa	320
antwerp	320
appease	320
aptitude	320
arisen	320
assassinate	320
asteroids	320
backside	320
bassist	320
bein	320
bespoke	320
blatantly	320
blinding	320
blocker	320
blowout	320
booted	320
brisk	320
bubbly	320
bummer	320
bundy	320
canceling	320
cao	320
casper	320
cauliflower	320
cebu	320
celia	320
cereals	320
chadwick	320
chainsaw	320
chalmers	320
channing	320
cheetah	320
christensen	320
climatic	320
clockwise	320
clockwork	320
coincides	320
como	320
conformity	320
confronts	320
consort	320
correlate	320
cougars	320
courteous	320
craftsmen	320
crete	320
criticise	320
cupid	320
curiously	320
damning	320
danes	320
darrell	320
defer	320
deforestation	320
delaney	320
demeanor	320
deng	320
deplorable	320
deranged	320
detergent	320
detour	320
dg	320
dhaka	320
diff	320
dissenting	320
distressing	320
docked	320
downtime	320
downwards	320
dries	320
dutton	320
enlarge	320
enlargement	320
equate	320
equestrian	320
ethereal	320
eurovision	320
expanse	320
fabio	320
faiths	320
fanatics	320
fanfare	320
favorably	320
fidel	320
fingernails	320
fireman	320
flaps	320
flask	320
fluff	320
fondly	320
footnotes	320
fremont	320
frosty	320
galileo	320
gatsby	320
gearbox	320
germ	320
gis	320
giver	320
gnome	320
guaranteeing	320
gunpoint	320
hades	320
handedly	320
har	320
harcourt	320
harlan	320
haute	320
heartache	320
hertfordshire	320
homeowner	320
hooray	320
huskies	320
hypotheses	320
imitating	320
imposes	320
individuality	320
infiltrated	320
insurgent	320
intertwined	320
inventories	320
iranians	320
italy's	320
jails	320
janitor	320
judgmental	320
lange	320
lanterns	320
launchers	320
legislator	320
lien	320
limousine	320
linden	320
lithuanian	320
lotta	320
lupus	320
lyme	320
lymph	320
macy's	320
mahal	320
mansions	320
manure	320
mariah	320
mccormick	320
meatballs	320
meningitis	320
meteorite	320
midfielders	320
mildred	320
militias	320
millie	320
milne	320
misogyny	320
mrna	320
multiplier	320
nehru	320
newbie	320
newtown	320
nominating	320
northbound	320
oblique	320
obscurity	320
odessa	320
okinawa	320
onslaught	320
opal	320
operas	320
organisational	320
oxfordshire	320
palsy	320
paralympics	320
paramilitary	320
partridge	320
patrolling	320
patti	320
payers	320
permissible	320
phone's	320
platonic	320
polka	320
primates	320
project's	320
rancho	320
rattling	320
rca	320
realisation	320
recapture	320
recounted	320
recurrence	320
referrals	320
refinement	320
regis	320
relocating	320
reparations	320
repel	320
researches	320
resigns	320
revamp	320
rockwell	320
rodent	320
rohan	320
rudder	320
ruiz	320
rung	320
salah	320
satisfies	320
scraped	320
seaman	320
sensibility	320
sevilla	320
shielded	320
showered	320
sizing	320
skier	320
skyscraper	320
slabs	320
slumber	320
slums	320
sockets	320
spiderman	320
sprays	320
staunch	320
stiffness	320
stuttgart	320
swayed	320
swoop	320
synchronized	320
tahoe	320
tallahassee	320
telly	320
tentacles	320
terence	320
therapeutics	320
thom	320
tia	320
time's	320
topology	320
transatlantic	320
tunisian	320
tutoring	320
ugandan	320
uncontrolled	320
undecided	320
unparalleled	320
unsolicited	320
unveil	320
unworthy	320
utensils	320
vaults	320
vids	320
vocation	320
volts	320
waged	320
walden	320
warmest	320
wentworth	320
when's	320
whoop	320
williamsburg	320
winslow	320
zu	320
abbreviated	319
admirer	319
aerobic	319
aerodynamic	319
aesthetically	319
agitation	319
agreeable	319
airway	319
alessandro	319
alfonso	319
algebraic	319
amaze	319
analyzes	319
artefacts	319
assertive	319
assimilation	319
augment	319
avalon	319
bachelors	319
backseat	319
balkan	319
barclay	319
baseman	319
batted	319
beale	319
beatty	319
bernardino	319
bernardo	319
bitching	319
bosnian	319
bragg	319
brainer	319
breakaway	319
breakdowns	319
breathless	319
briefed	319
brownies	319
browsers	319
brunei	319
bst	319
cabs	319
captions	319
carefree	319
caricature	319
carton	319
cayman	319
celeste	319
cert	319
ces	319
chandelier	319
chandra	319
chests	319
chute	319
cir	319
clipping	319
clot	319
comets	319
commission's	319
companionship	319
complacent	319
complicit	319
concentrates	319
confer	319
contractions	319
coolant	319
copyrighted	319
corbett	319
counteract	319
courtship	319
crammed	319
craven	319
csr	319
cumbria	319
cushions	319
daley	319
debilitating	319
deepen	319
deepening	319
dependencies	319
deprive	319
derry	319
destroyers	319
devise	319
devotees	319
directories	319
disclosing	319
discrepancies	319
disparities	319
downturn	319
drier	319
duane	319
dystopian	319
efficiencies	319
electrically	319
elmer	319
ely	319
embodies	319
enclave	319
entourage	319
epoch	319
evo	319
exaggerate	319
exaggerating	319
excelled	319
extinguished	319
faber	319
farts	319
fated	319
femme	319
fibres	319
fibrosis	319
fielder	319
foggy	319
forgery	319
fremantle	319
frequented	319
functionally	319
furiously	319
gaping	319
gator	319
gentry	319
germanic	319
gigi	319
gimmick	319
gladiator	319
glendale	319
glimpses	319
glittering	319
glossary	319
grandmother's	319
gregor	319
grinning	319
grizzlies	319
groundwork	319
gymnasium	319
hammering	319
harrisburg	319
hays	319
henley	319
hounds	319
house's	319
implementations	319
imposition	319
impromptu	319
indulgence	319
intersect	319
invasions	319
iodine	319
jameson	319
johannes	319
johnstone	319
jos	319
josef	319
keel	319
kilometer	319
kingsley	319
kk	319
kruger	319
labourers	319
leland	319
lemme	319
lettering	319
lewd	319
lifeboat	319
liters	319
liturgy	319
livin	319
llp	319
lockhart	319
longstanding	319
lumps	319
madeline	319
magma	319
mammalian	319
marbles	319
marcia	319
milking	319
millennia	319
milner	319
miraculously	319
molding	319
mortals	319
motorbike	319
mum's	319
mustafa	319
nodding	319
nonexistent	319
notoriety	319
nuclei	319
nutty	319
oa	319
obedient	319
oculus	319
ogden	319
orgasms	319
originates	319
ornate	319
ousted	319
palpable	319
paramedic	319
patched	319
perk	319
perpetuate	319
perverse	319
perverted	319
peta	319
philharmonic	319
photographing	319
photons	319
playlists	319
plume	319
plump	319
prequel	319
prince's	319
prophetic	319
provocation	319
pumpkins	319
purified	319
radiology	319
raffle	319
ragged	319
rainbows	319
recoil	319
recorders	319
redo	319
rejoin	319
relays	319
remission	319
renounce	319
repentance	319
resonate	319
restitution	319
reviving	319
rewritten	319
riddled	319
ridiculed	319
romo	319
rotations	319
rotterdam	319
roxy	319
rugs	319
sacrament	319
sauces	319
scholastic	319
scourge	319
seville	319
shopper	319
shrub	319
shu	319
signage	319
skis	319
slag	319
sluts	319
sneeze	319
soaps	319
sobriety	319
som	319
songwriting	319
sorely	319
sprawling	319
sprinter	319
sprite	319
stagnation	319
stead	319
stinks	319
structurally	319
suez	319
sulfate	319
sumner	319
sv	319
swag	319
sweatshirt	319
tangent	319
tenn	319
tg	319
tori	319
touted	319
tracer	319
transporter	319
tuesday's	319
turing	319
undergoes	319
unearthed	319
uniformly	319
unqualified	319
unquestionably	319
unravel	319
variously	319
vests	319
veterinarian	319
vidal	319
viet	319
viz	319
warms	319
wasteland	319
watchdog	319
watery	319
wavelengths	319
weasel	319
westfield	319
whips	319
why'd	319
workplaces	319
yukon	319
zeke	319
zest	319
zoology	319
zulu	319
aborted	318
absorbs	318
abstinence	318
academically	318
activates	318
adjectives	318
adm	318
adventurer	318
adventurers	318
aeroplane	318
alcoholics	318
allege	318
alton	318
andromeda	318
announcers	318
arduous	318
asher	318
attaining	318
avi	318
bachelorette	318
bagel	318
bagged	318
bai	318
bangor	318
barometer	318
basque	318
bavaria	318
bbw	318
biggie	318
bigot	318
boa	318
branched	318
brazil's	318
britannia	318
britt	318
bruise	318
bruising	318
bucharest	318
buffett	318
bullion	318
bumpy	318
bums	318
bureaucrats	318
burnham	318
byu	318
cahill	318
carp	318
castor	318
center's	318
challengers	318
charting	318
cicero	318
circumference	318
classifications	318
cleopatra	318
cleverly	318
clocked	318
coasters	318
codex	318
collars	318
composure	318
computerized	318
concur	318
conte	318
conveying	318
cornered	318
cowan	318
craziest	318
crowe	318
davy	318
defying	318
delicacy	318
demolish	318
dempsey	318
deport	318
dictators	318
dictionaries	318
dilute	318
disabling	318
disillusioned	318
dispersion	318
doha	318
doomsday	318
draped	318
drinker	318
eels	318
emil	318
emphasised	318
entangled	318
enzo	318
exploratory	318
facet	318
fates	318
fei	318
fermented	318
ferries	318
finesse	318
fireball	318
firth	318
flannel	318
floss	318
foresee	318
foundation's	318
frantically	318
frees	318
fringes	318
gaston	318
genoa	318
geothermal	318
gh	318
gist	318
github	318
grievous	318
gustav	318
handbags	318
handkerchief	318
hari	318
heaters	318
hebrews	318
hepburn	318
heres	318
hogwarts	318
hookup	318
hopelessly	318
horticulture	318
howl	318
huddersfield	318
hydration	318
ibiza	318
improv	318
impunity	318
indexing	318
infertility	318
informational	318
inline	318
insolvency	318
intermediary	318
interrogated	318
ives	318
jody	318
jokingly	318
josie	318
juveniles	318
karim	318
kimi	318
kinks	318
klan	318
kristina	318
laughable	318
lennox	318
lion's	318
lng	318
locus	318
lucius	318
lund	318
lvl	318
makeshift	318
marquee	318
massey	318
masturbate	318
mathematically	318
matrices	318
mckinley	318
meade	318
melanoma	318
menacing	318
microbes	318
midterms	318
mobilize	318
monsanto	318
moors	318
morley	318
msu	318
nag	318
nativity	318
neglecting	318
nook	318
novo	318
nutritious	318
overdrive	318
padding	318
panasonic	318
pant	318
passover	318
peking	318
penitentiary	318
perilous	318
periodicals	318
pharmacies	318
picard	318
pikachu	318
plaques	318
plastered	318
playa	318
plucked	318
polytechnic	318
popularly	318
pornographic	318
posse	318
prepping	318
program's	318
rankin	318
rebates	318
recognises	318
recognising	318
reconciled	318
refrigeration	318
refunded	318
rename	318
repulsive	318
respite	318
ret	318
revamped	318
revising	318
rhinos	318
rockin	318
rts	318
saber	318
sadistic	318
samba	318
scorers	318
sewn	318
shaggy	318
shelling	318
shouldnt	318
shrunk	318
sitter	318
sixers	318
slant	318
slashed	318
sleepless	318
slur	318
snowball	318
sobs	318
soles	318
soothe	318
souvenirs	318
spelt	318
stalling	318
stamping	318
steiner	318
strasbourg	318
streamline	318
suckers	318
sulphur	318
swears	318
tablespoons	318
tacky	318
tamara	318
tampering	318
tankers	318
telephones	318
terminus	318
tessa	318
testicles	318
texan	318
thaw	318
throughput	318
timelines	318
tolkien	318
tout	318
transnational	318
tripod	318
tulip	318
turnpike	318
ud	318
ulysses	318
unattended	318
unbeatable	318
undertaker	318
uniformed	318
unionists	318
united's	318
unloaded	318
ursula	318
usps	318
uttered	318
vulture	318
wares	318
waterway	318
whistleblower	318
wv	318
xanax	318
xs	318
yves	318
absentee	317
accolades	317
admirers	317
alden	317
aldo	317
alyssa	317
amin	317
anarchists	317
anecdotal	317
anemia	317
animosity	317
appoints	317
autoimmune	317
aws	317
bakers	317
bama	317
barons	317
battalions	317
beggar	317
bertrand	317
bismarck	317
bombarded	317
boulders	317
bounces	317
bouncy	317
buick	317
burbank	317
busts	317
calibrated	317
callahan	317
canteen	317
capacitor	317
captivating	317
carbohydrate	317
cartels	317
cavalier	317
centrist	317
cfa	317
chakra	317
chatted	317
chauffeur	317
childs	317
circled	317
circulate	317
clergyman	317
climber	317
clinched	317
clutching	317
coliseum	317
combs	317
commandment	317
complimented	317
conceivable	317
concordia	317
condone	317
congested	317
connectors	317
conner	317
consecrated	317
contaminants	317
contiguous	317
conveys	317
cosmo	317
councilman	317
cranberry	317
criticizes	317
croft	317
custard	317
darby	317
deceiving	317
defaults	317
definitively	317
deflect	317
deliberations	317
denoted	317
departs	317
deregulation	317
desolate	317
devour	317
digger	317
disarmament	317
disgraced	317
dishonesty	317
divergence	317
dmitry	317
domesticated	317
dorian	317
doubly	317
doughnut	317
douglass	317
dubois	317
duluth	317
dwarfs	317
eastenders	317
ek	317
elgin	317
embody	317
enrolling	317
envision	317
equivalence	317
erika	317
ers	317
eruptions	317
esoteric	317
eurozone	317
euthanasia	317
fabian	317
faye	317
fd	317
felon	317
flammable	317
flanagan	317
footnote	317
fostered	317
fp	317
friggin	317
frontman	317
furthest	317
garnet	317
glanced	317
goku	317
gorman	317
grapefruit	317
grate	317
greyhound	317
grossed	317
guerrero	317
guido	317
gyms	317
hahn	317
hairdresser	317
hardness	317
harper's	317
haryana	317
helpers	317
hendricks	317
hero's	317
hess	317
hh	317
hilly	317
hogs	317
hone	317
horne	317
hotspot	317
howie	317
humbly	317
huron	317
hw	317
hyatt	317
inciting	317
incomprehensible	317
incumbents	317
inertia	317
infestation	317
insurrection	317
intolerable	317
ironman	317
isla	317
jordanian	317
juno	317
kershaw	317
koh	317
lamont	317
larkin	317
lauded	317
laziness	317
leech	317
lei	317
libs	317
macquarie	317
madly	317
meetup	317
milano	317
minimise	317
miserably	317
moldova	317
mor	317
motivates	317
motorsport	317
mustered	317
mutilation	317
nemo	317
nerdy	317
nifty	317
nikita	317
orphaned	317
ova	317
paces	317
paine	317
palladium	317
parmesan	317
particulars	317
passer	317
pathogen	317
pci	317
pebbles	317
pelicans	317
pensioners	317
personalised	317
piazza	317
pickled	317
policymakers	317
pom	317
possessive	317
pranks	317
prefecture	317
pretentious	317
pritchard	317
promenade	317
pronoun	317
proximal	317
rapport	317
rapture	317
ration	317
ravaged	317
reconnect	317
rectify	317
reginald	317
rivalries	317
rudimentary	317
sabres	317
salle	317
sayings	317
scariest	317
schumer	317
screenwriter	317
seconded	317
seduced	317
seine	317
selector	317
shawl	317
shenzhen	317
shilling	317
shroud	317
shutters	317
sj	317
skim	317
slaps	317
slovak	317
sn	317
solicitation	317
sooooo	317
specifying	317
starboard	317
stardust	317
stereotypical	317
stewards	317
stupidest	317
superseded	317
surpassing	317
swirling	317
sy	317
tarzan	317
teas	317
telugu	317
timbers	317
tormented	317
traumatized	317
twinkle	317
tyne	317
uncharted	317
unforeseen	317
unsigned	317
unspoken	317
upholding	317
ux	317
valet	317
vehemently	317
vendetta	317
voss	317
weakly	317
west's	317
westchester	317
wiener	317
wildcard	317
wildfires	317
yorkers	317
abc's	316
accommodated	316
affordability	316
agatha	316
aladdin	316
alderman	316
alienation	316
altitudes	316
amor	316
amplify	316
anorexia	316
another's	316
anthropologist	316
antidepressants	316
apologizes	316
astronomer	316
atl	316
attested	316
attrition	316
aud	316
aunty	316
autopilot	316
baggy	316
bailout	316
balfour	316
ballads	316
ballast	316
berman	316
bigfoot	316
biotech	316
blackjack	316
bloodstream	316
bluegrass	316
bordered	316
bottling	316
brasil	316
brigham	316
budgetary	316
bustling	316
camo	316
capitalized	316
carers	316
carte	316
cavendish	316
celine	316
cheerleading	316
chipping	316
cliche	316
clutches	316
cockroach	316
collaborator	316
colton	316
composites	316
consolidating	316
contends	316
contradicts	316
cortez	316
cpc	316
crossfit	316
cumbersome	316
curt	316
cyclic	316
cyclical	316
dade	316
deducted	316
deformation	316
descends	316
devotional	316
dicaprio	316
distinguishes	316
diversify	316
downloadable	316
dum	316
duplication	316
dynamo	316
eastman	316
ei	316
elixir	316
embarking	316
emile	316
emmett	316
endgame	316
enemy's	316
enhancements	316
epiphany	316
escobar	316
evolves	316
eyeing	316
eyelids	316
eyeliner	316
fable	316
farah	316
fatality	316
favoring	316
fenced	316
ffa	316
firewood	316
foothills	316
foresight	316
forsaken	316
forsyth	316
fundamentalist	316
fw	316
gabby	316
gaddafi	316
gayle	316
geniuses	316
ghostbusters	316
greenfield	316
greensboro	316
groomed	316
hackney	316
hamstring	316
heidelberg	316
hl	316
hordes	316
horseshoe	316
ico	316
imran	316
incision	316
indistinguishable	316
infer	316
inpatient	316
inspecting	316
intensify	316
invitational	316
ithaca	316
ito	316
jarrett	316
jiang	316
kano	316
kennel	316
kern	316
khan's	316
khmer	316
kl	316
knitted	316
lager	316
laird	316
letterman	316
lighted	316
loathing	316
lorde	316
loyalists	316
mahmoud	316
manhood	316
martyrdom	316
mcdermott	316
mcmillan	316
menopause	316
meryl	316
michelangelo	316
misconceptions	316
mobs	316
mol	316
mortem	316
motherboard	316
moyes	316
msg	316
mussolini	316
mutilated	316
napkin	316
navy's	316
nelly	316
neuron	316
nev	316
niall	316
nigerians	316
nuances	316
nugget	316
ono	316
opus	316
orchards	316
otc	316
outlaws	316
ovaries	316
overtly	316
painless	316
paxton	316
pears	316
perpetually	316
pharmacists	316
photoshopped	316
pitted	316
pixar	316
pleads	316
poisons	316
politico	316
prenatal	316
probabilities	316
probate	316
procure	316
propel	316
propensity	316
pryor	316
punjabi	316
purchasers	316
pvt	316
qld	316
rattled	316
rbs	316
realises	316
receptions	316
remodeling	316
renters	316
resorting	316
retreats	316
rg	316
ringo	316
roadmap	316
roberta	316
rockford	316
rosary	316
rundown	316
ruptured	316
ruse	316
salvatore	316
sampson	316
sar	316
saudis	316
seniority	316
severance	316
sheath	316
shillings	316
shortcuts	316
shorthand	316
shortlisted	316
shreds	316
shrines	316
singularity	316
snowman	316
socialize	316
soundcloud	316
spain's	316
sparta	316
spinoff	316
sportsman	316
springsteen	316
squarely	316
stalks	316
stepmother	316
storming	316
strippers	316
strut	316
succumbed	316
swagger	316
swirl	316
telecommunication	316
temptations	316
theorist	316
theta	316
thi	316
thong	316
thrills	316
thumping	316
timeframe	316
tk	316
tod	316
tot	316
transcribed	316
tropics	316
tsar	316
tycoon	316
unconditionally	316
uncontrollable	316
undeniably	316
unfolded	316
unorthodox	316
uproar	316
vertigo	316
vigilance	316
viscount	316
walkway	316
wd	316
westerners	316
whistler	316
white's	316
windmill	316
workflow	316
worthington	316
wrapper	316
ymca	316
yogi	316
youtuber	316
zee	316
zoned	316
abba	315
abuja	315
acetate	315
affirming	315
airstrikes	315
aisles	315
allure	315
amps	315
anthrax	315
antisemitism	315
anwar	315
apprentices	315
aqueous	315
ariana	315
attainment	315
auctioneer	315
authorship	315
awoke	315
axial	315
barnard	315
barron	315
battleship	315
bayonet	315
bertha	315
bette	315
blanchard	315
bombshell	315
bowing	315
brewed	315
bridgewater	315
britons	315
burkina	315
burnout	315
buttocks	315
buyout	315
byte	315
cancerous	315
carat	315
carcinoma	315
carrick	315
caveat	315
caviar	315
ccc	315
chairperson	315
chong	315
chore	315
cid	315
circumvent	315
clique	315
coe	315
coles	315
conserved	315
contemplation	315
contrived	315
corolla	315
corrugated	315
coz	315
cranky	315
crept	315
crunching	315
crushes	315
csa	315
cults	315
curvy	315
deluded	315
deployments	315
depp	315
deteriorate	315
dior	315
disbanded	315
discredited	315
disorderly	315
distraught	315
distributes	315
dogg	315
dons	315
doughnuts	315
drizzle	315
eau	315
edging	315
elaborated	315
embankment	315
embassies	315
emergent	315
emilia	315
emilio	315
enchanting	315
entertainers	315
entice	315
esq	315
eun	315
exalted	315
exchequer	315
facebook's	315
fenton	315
filly	315
flanks	315
footy	315
formality	315
fortitude	315
fouls	315
fueling	315
gambler	315
gcse	315
gent	315
gents	315
geopolitical	315
glitches	315
goethe	315
goliath	315
governs	315
grandfather's	315
grievance	315
grunt	315
gsm	315
gusts	315
hailing	315
haines	315
halal	315
harmonious	315
hashtags	315
hast	315
hester	315
hijab	315
hitherto	315
hogg	315
hornet	315
humboldt	315
hyperbolic	315
impeached	315
impedance	315
incline	315
incubation	315
insignia	315
installments	315
intercontinental	315
interplay	315
interpol	315
isotope	315
israelites	315
jehovah	315
jigsaw	315
juniper	315
jus	315
keaton	315
kessler	315
kindred	315
labelling	315
lander	315
lapd	315
larsen	315
layouts	315
lev	315
lilies	315
lollipop	315
lon	315
machete	315
mallory	315
marshes	315
marshmallow	315
masse	315
matteo	315
mcleod	315
merchandising	315
microphones	315
mika	315
mink	315
mischievous	315
misunderstand	315
mobilized	315
molested	315
monies	315
monograph	315
montenegro	315
moo	315
morphological	315
movable	315
mucus	315
mulberry	315
munro	315
nameless	315
natalia	315
naturalist	315
necklaces	315
newsroom	315
nightlife	315
nyu	315
officiating	315
omnibus	315
oof	315
opec	315
opposites	315
orwell	315
outburst	315
overarching	315
overseen	315
overwhelm	315
pathologist	315
pcb	315
pcr	315
pct	315
peacekeeping	315
pegasus	315
peptides	315
petersen	315
pharmacology	315
pitfalls	315
pixie	315
ply	315
poaching	315
powders	315
ppm	315
preventable	315
primed	315
prog	315
proponent	315
protectors	315
provenance	315
provost	315
putt	315
quadruple	315
quaker	315
rachael	315
racking	315
rana	315
raptor	315
ratchet	315
ravine	315
raving	315
recreated	315
redress	315
regenerate	315
reigned	315
reincarnation	315
renewables	315
replays	315
retirees	315
rife	315
rollercoaster	315
romances	315
rotherham	315
ruben	315
runnin	315
samaritan	315
sax	315
saxophone	315
scarves	315
schuster	315
scorpio	315
selma	315
settler	315
sever	315
sharpen	315
shellfish	315
shortening	315
showering	315
shrapnel	315
shutout	315
sickle	315
singleton	315
skateboarding	315
skips	315
skit	315
slavic	315
snowboarding	315
snuff	315
solidly	315
sonoma	315
stairway	315
starry	315
stoic	315
supersonic	315
suspending	315
suzy	315
swamps	315
swaps	315
tablespoon	315
tapered	315
tardis	315
taser	315
technologically	315
temperance	315
terrence	315
testimonies	315
textured	315
thierry	315
thrash	315
thresholds	315
thwarted	315
thx	315
tombstone	315
torches	315
torpedoes	315
toto	315
transplants	315
tributaries	315
tributary	315
trumpets	315
turd	315
turrets	315
tuscany	315
tutors	315
tweaks	315
unchecked	315
unfolds	315
unhappiness	315
unifying	315
unimaginable	315
unites	315
unsecured	315
unsustainable	315
utilised	315
utopian	315
verlag	315
walcott	315
warship	315
weathered	315
wholeheartedly	315
whooping	315
widowed	315
willed	315
woolf	315
worsening	315
wounding	315
wwf	315
wwi	315
xinjiang	315
yao	315
zane	315
zenith	315
zimmer	315
zur	315
abbreviation	314
abd	314
abuser	314
accords	314
accrued	314
acm	314
actin	314
adhesion	314
adnan	314
allie	314
andes	314
andres	314
animate	314
appropriated	314
armenians	314
arming	314
artie	314
asymmetric	314
atrocious	314
autobiographical	314
avert	314
avian	314
backstory	314
barns	314
bayou	314
bern	314
blueprints	314
bodybuilding	314
bodyguards	314
branson	314
briefings	314
bugging	314
bullish	314
candies	314
cantor	314
carney	314
carrington	314
castillo	314
chairmen	314
chastity	314
chime	314
chromium	314
circumstantial	314
claimant	314
closeness	314
cnbc	314
coachella	314
collectible	314
commemorating	314
conceding	314
conductivity	314
contended	314
contextual	314
contradicted	314
corbin	314
cordon	314
coulter	314
cram	314
crawley	314
crazed	314
crossword	314
cuckoo	314
cuddly	314
dak	314
danube	314
dawkins	314
decaying	314
decipher	314
delve	314
depletion	314
discriminating	314
dispersal	314
displeasure	314
diss	314
doth	314
downgraded	314
dps	314
dsm	314
dumber	314
dunkirk	314
dwarves	314
effortless	314
ere	314
eyeshadow	314
faire	314
fave	314
fellowships	314
finisher	314
fluke	314
fondness	314
fsa	314
furnish	314
gauntlet	314
geologists	314
georg	314
gettysburg	314
ghanaian	314
ghostly	314
giuseppe	314
giveaways	314
gliding	314
googled	314
gopro	314
grady	314
grating	314
grilling	314
gripped	314
grouse	314
growl	314
habitual	314
hammock	314
hater	314
hazy	314
heisman	314
het	314
hewlett	314
himalayan	314
hollis	314
horticultural	314
hpv	314
hurling	314
hurried	314
hypocrites	314
ide	314
idealistic	314
impede	314
imperialist	314
induces	314
inflamed	314
inhumane	314
innocents	314
instantaneous	314
islamists	314
isps	314
italics	314
ivf	314
jed	314
jinx	314
jobless	314
jodie	314
joo	314
jurisprudence	314
justifiable	314
kei	314
kellogg	314
kepler	314
kim's	314
kyrgyzstan	314
lark	314
lecturers	314
lecturing	314
linkage	314
lobes	314
louvre	314
lovingly	314
lucille	314
lyft	314
manifests	314
mardi	314
marvel's	314
masonic	314
mathieu	314
medics	314
meng	314
ment	314
meps	314
merritt	314
messengers	314
mitigating	314
moderated	314
mohawk	314
monarchs	314
moore's	314
mortars	314
multiples	314
murals	314
nada	314
nafta	314
nell	314
newfound	314
newsweek	314
niles	314
nineties	314
nosed	314
nukes	314
observational	314
olaf	314
oldham	314
oleg	314
ombudsman	314
ordinances	314
overtaken	314
pancreas	314
pandas	314
parlour	314
pasha	314
peoria	314
periodical	314
phew	314
pickering	314
pickups	314
pinched	314
plating	314
pont	314
postings	314
postmaster	314
potts	314
powerfully	314
prentice	314
primate	314
proverb	314
puns	314
quarterbacks	314
quarterfinals	314
quests	314
raisins	314
ranting	314
ratification	314
recited	314
reclamation	314
reece	314
refineries	314
refute	314
resettlement	314
reverted	314
rewriting	314
ric	314
saratoga	314
sculpted	314
sects	314
sedentary	314
shaq	314
sheriffs	314
shivering	314
shocker	314
shoulda	314
showroom	314
sightseeing	314
situational	314
skaters	314
slicing	314
soggy	314
someplace	314
sorcerer	314
sorcery	314
spades	314
specialising	314
speciality	314
spleen	314
starlight	314
steadfast	314
stimulates	314
stomping	314
stoop	314
stroking	314
stuffs	314
stylistic	314
supergirl	314
superpowers	314
superstitious	314
syrians	314
tay	314
tentatively	314
thinning	314
thrice	314
thu	314
touchy	314
trampoline	314
tranquil	314
transformative	314
trespassing	314
undergraduates	314
underwriting	314
unplanned	314
unsuspecting	314
unwelcome	314
unwell	314
vacate	314
venting	314
ville	314
waldorf	314
warring	314
wetland	314
whit	314
whitehead	314
yemeni	314
yoko	314
youve	314
yung	314
abode	313
abomination	313
acer	313
acs	313
acutely	313
adherents	313
adhering	313
affiliations	313
alexei	313
allotment	313
amplifiers	313
angelic	313
antisocial	313
anxieties	313
approvals	313
aries	313
associating	313
astral	313
astray	313
audited	313
baffling	313
bal	313
banded	313
bao	313
bathed	313
betraying	313
bhai	313
bharat	313
blacklist	313
blockers	313
blunder	313
booing	313
bowlers	313
brownish	313
buddhists	313
bummed	313
burdened	313
cfo	313
chaser	313
checkpoints	313
chet	313
chipotle	313
choreographer	313
clams	313
clintons	313
coa	313
coates	313
colchester	313
commotion	313
communicates	313
completeness	313
concierge	313
congressmen	313
cummins	313
cynicism	313
darkened	313
dazed	313
debatable	313
denominator	313
devolved	313
dieting	313
diligently	313
dinah	313
diners	313
doppler	313
dowry	313
drinkers	313
duality	313
duplex	313
ect	313
egan	313
endearing	313
epilogue	313
etching	313
exemplified	313
ext	313
extermination	313
eyre	313
fancied	313
fatima	313
feldman	313
firefly	313
fleetwood	313
flotation	313
focussed	313
foraging	313
forbids	313
foreword	313
fox's	313
fsu	313
fy	313
gamblers	313
garages	313
goldie	313
golds	313
grandchild	313
grids	313
grossing	313
habitable	313
hails	313
hallways	313
harem	313
hawkeye	313
hegemony	313
hilda	313
himalayas	313
hippo	313
hof	313
hypnotic	313
imagines	313
inaction	313
inconclusive	313
incubator	313
inept	313
inexplicable	313
innovate	313
inseparable	313
institutionalized	313
instructing	313
intravenous	313
invests	313
juries	313
juror	313
kilo	313
kinship	313
kv	313
lactose	313
lat	313
lenient	313
liang	313
lids	313
likened	313
lockout	313
lube	313
luton	313
macon	313
mak	313
marcelo	313
martins	313
masking	313
mastercard	313
mathematicians	313
mathew	313
maximizing	313
mccabe	313
mediate	313
methodologies	313
mfa	313
micah	313
microorganisms	313
millimeter	313
minaj	313
minh	313
moans	313
modal	313
moderates	313
modernism	313
moira	313
monasteries	313
monique	313
napier	313
narrows	313
nawaz	313
nbc's	313
negotiator	313
niggas	313
nomadic	313
npc	313
observance	313
ont	313
overloaded	313
parentheses	313
penance	313
peroxide	313
peugeot	313
pigments	313
pinning	313
pisa	313
planks	313
pluck	313
porte	313
postdoctoral	313
potus	313
preposterous	313
pressuring	313
preventative	313
prometheus	313
prophecies	313
proverbial	313
puffy	313
puzzling	313
qpr	313
quail	313
quirk	313
rabid	313
rafa	313
rasmussen	313
redneck	313
reformer	313
reformers	313
registrations	313
rehearsing	313
reiterate	313
resolves	313
resonant	313
resultant	313
retinal	313
rgb	313
rhodesia	313
rothschild	313
rsa	313
rw	313
scammers	313
schema	313
schizophrenic	313
schwarzenegger	313
scorn	313
screwdriver	313
shay	313
shetland	313
shippers	313
sho	313
sighed	313
sizzling	313
skillful	313
skywalker	313
slowest	313
sonata	313
soulful	313
southend	313
stampede	313
standoff	313
stately	313
steered	313
straightened	313
sugary	313
suitably	313
supernova	313
surrendering	313
synonym	313
tanned	313
tantrum	313
tapering	313
tectonic	313
tele	313
templar	313
tmz	313
tna	313
toxicology	313
transfusion	313
treachery	313
tung	313
tweaking	313
unbreakable	313
undermines	313
unmatched	313
upheaval	313
uploads	313
urbana	313
vaccinations	313
valentino	313
valuations	313
veneer	313
verona	313
viewership	313
viscosity	313
vogel	313
vouch	313
wafer	313
wai	313
wcw	313
wiz	313
worsened	313
xo	313
zoos	313
adaptable	312
adhered	312
adjutant	312
advancements	312
aggravating	312
alia	312
alta	312
altercation	312
amplification	312
amuse	312
ancients	312
appleton	312
aps	312
aptly	312
archaeologist	312
armada	312
arousal	312
arsene	312
artistry	312
asheville	312
assuring	312
atrium	312
atv	312
atypical	312
authorizing	312
autographs	312
autos	312
backups	312
bah	312
bakersfield	312
bangladeshi	312
bannon	312
barrie	312
bartholomew	312
bavarian	312
beacons	312
bearers	312
becca	312
bernadette	312
bingham	312
bouncer	312
bracing	312
brand's	312
breezy	312
brunt	312
bucky	312
burgeoning	312
cadence	312
californian	312
cameron's	312
cancels	312
candice	312
capitalization	312
cashmere	312
chaps	312
cheeseburger	312
churning	312
cipher	312
clarinet	312
clashed	312
comforted	312
condensation	312
condos	312
confesses	312
confluence	312
consented	312
constipation	312
consultative	312
contesting	312
contraband	312
cookery	312
creme	312
criminally	312
crocodiles	312
crutches	312
custodian	312
cyst	312
dah	312
decisively	312
degeneration	312
delinquent	312
democratically	312
deodorant	312
detonated	312
disappointments	312
disapprove	312
dobson	312
dodged	312
dormitory	312
dredging	312
duran	312
editor's	312
emigrated	312
emperor's	312
enticing	312
eradication	312
erasmus	312
esl	312
ethnically	312
evangelicals	312
evoked	312
excesses	312
exhilarating	312
eyelashes	312
fainted	312
feline	312
femininity	312
ferns	312
fickle	312
figurative	312
flared	312
fool's	312
footwork	312
forage	312
fraught	312
freshness	312
fronted	312
galilee	312
gallup	312
gauges	312
glastonbury	312
gonzales	312
grandma's	312
grapple	312
grated	312
greets	312
groan	312
grub	312
gunna	312
gunned	312
handouts	312
hangout	312
hartman	312
havin	312
headers	312
henson	312
hickory	312
hives	312
hiya	312
hoist	312
hotel's	312
hubble	312
huff	312
hunk	312
idc	312
identifier	312
incite	312
increments	312
industrialized	312
inferred	312
informally	312
inhalation	312
inhibits	312
insides	312
interruptions	312
intoxication	312
isotopes	312
jagged	312
joachim	312
josiah	312
jv	312
kant	312
katharine	312
kavanaugh	312
labour's	312
laces	312
lamented	312
lasagna	312
leaflet	312
leds	312
lucian	312
marissa	312
markus	312
marlene	312
massa	312
massacred	312
massacres	312
maturing	312
mcintosh	312
mckinney	312
mediocrity	312
mediums	312
midwestern	312
minding	312
moat	312
molds	312
mori	312
morty	312
motorized	312
mouthpiece	312
muck	312
murky	312
nab	312
neonatal	312
neuronal	312
neutralize	312
nicholls	312
nickelodeon	312
omen	312
ora	312
orally	312
orchids	312
overgrown	312
overlooks	312
overpriced	312
overruled	312
painkillers	312
pallet	312
parramatta	312
partitions	312
patriarchy	312
patsy	312
paz	312
pdp	312
peaking	312
pedagogy	312
perm	312
philanthropist	312
piedmont	312
pinto	312
poc	312
pontiac	312
prc	312
predictor	312
premiers	312
priscilla	312
professed	312
qing	312
rants	312
rashid	312
readership	312
reaffirmed	312
reciting	312
reels	312
rei	312
relinquish	312
resists	312
resolute	312
restricts	312
retainer	312
rethinking	312
runways	312
salient	312
scents	312
schematic	312
scoreless	312
seawater	312
secs	312
secures	312
seedlings	312
sentient	312
separatist	312
sera	312
serb	312
serbs	312
shropshire	312
sikhs	312
skyscrapers	312
slurs	312
slutty	312
smurf	312
snippet	312
somethings	312
spielberg	312
spokeswoman	312
spotless	312
sprang	312
ssh	312
stabilizing	312
stinky	312
stitching	312
stockpile	312
stone's	312
strenuous	312
strikingly	312
strives	312
stumps	312
subordinates	312
summarizes	312
surcharge	312
tarot	312
tcp	312
theologians	312
throbbing	312
tilting	312
trailed	312
treasured	312
tungsten	312
tw	312
twigs	312
txt	312
ucl	312
uhm	312
umpires	312
unharmed	312
unilaterally	312
unintentional	312
unspeakable	312
untimely	312
ust	312
uva	312
vfl	312
vida	312
vodafone	312
vous	312
warrington	312
wedges	312
wendy's	312
whomever	312
winner's	312
wondrous	312
woodrow	312
woof	312
workable	312
wrinkle	312
yak	312
zhu	312
abdel	311
abstracts	311
abundantly	311
acknowledgment	311
adoration	311
affectionately	311
affliction	311
aguero	311
alluded	311
alters	311
amounting	311
ams	311
ariz	311
armageddon	311
arya	311
ashe	311
attaches	311
awww	311
backfire	311
bathurst	311
belinda	311
bethel	311
board's	311
bonn	311
bookshop	311
bora	311
botox	311
bowers	311
bree	311
bridesmaids	311
brooding	311
burberry	311
canes	311
caregiver	311
carter's	311
celebs	311
championed	311
chernobyl	311
chesterfield	311
clapped	311
clerics	311
cochrane	311
cockroaches	311
coerced	311
collectibles	311
conspirators	311
conspired	311
conspiring	311
contours	311
contraceptive	311
conversational	311
corrosive	311
counterpoint	311
courting	311
cowardice	311
crusher	311
cuddling	311
cyclops	311
dahl	311
daw	311
defied	311
depictions	311
derailed	311
dill	311
dimitri	311
dio	311
discontinue	311
diseased	311
disgruntled	311
dispense	311
disqualification	311
dizziness	311
ducts	311
dusted	311
dv	311
econ	311
emi	311
enacting	311
enigmatic	311
ennis	311
envisaged	311
epl	311
esquire	311
ethically	311
exhale	311
fanning	311
farley	311
fergus	311
firemen	311
fission	311
fives	311
fleas	311
flurry	311
folio	311
fosters	311
franc	311
frugal	311
fugitives	311
gainesville	311
galore	311
genomic	311
gestapo	311
gk	311
glimmer	311
goon	311
gq	311
graces	311
grandkids	311
groovy	311
gully	311
gundam	311
gurney	311
handball	311
harmonies	311
hectare	311
hereford	311
hickey	311
hijack	311
hikers	311
hologram	311
homicides	311
horatio	311
humankind	311
hydroelectric	311
i's	311
immunology	311
indulging	311
ingested	311
inhibited	311
intensifies	311
interacted	311
intruders	311
ipads	311
isbn	311
ita	311
iterations	311
izzy	311
judgements	311
karan	311
kayla	311
kiln	311
kp	311
landowner	311
latvian	311
leveraged	311
levers	311
lilac	311
limelight	311
lister	311
loathe	311
lobbied	311
logistic	311
lok	311
loopholes	311
macaroni	311
maclean	311
manager's	311
manganese	311
mantis	311
marr	311
mattresses	311
mayan	311
merrick	311
midsummer	311
mig	311
mike's	311
milligrams	311
mimics	311
minsk	311
misunderstandings	311
momentous	311
mora	311
mou	311
mules	311
nanoparticles	311
nasser	311
nightclubs	311
nightfall	311
nikolai	311
notary	311
observable	311
occupant	311
omissions	311
organiser	311
ott	311
outfield	311
oy	311
paddington	311
paddock	311
padre	311
pang	311
pardoned	311
parliaments	311
participatory	311
partisans	311
pavel	311
perils	311
permissions	311
pfizer	311
pia	311
plugging	311
pneumatic	311
pointy	311
polyester	311
polynomial	311
porridge	311
protester	311
pug	311
pyongyang	311
quill	311
reassured	311
refurbishment	311
renown	311
rescheduled	311
revel	311
reworked	311
rocco	311
rochelle	311
rollin	311
roundtable	311
rower	311
rut	311
salaam	311
sanjay	311
scapegoat	311
schooled	311
screeching	311
secretion	311
shambles	311
shipwreck	311
shirtless	311
shrewd	311
shudder	311
shunned	311
sia	311
sicilian	311
slalom	311
smuggle	311
snowflakes	311
solder	311
sous	311
spanned	311
sparring	311
spectacles	311
spire	311
spout	311
sprout	311
station's	311
stench	311
stings	311
stochastic	311
stratton	311
subsistence	311
subterranean	311
sully	311
superhuman	311
synchronization	311
tajikistan	311
tellin	311
tenacity	311
thursday's	311
thurston	311
tolerable	311
topper	311
tre	311
trespass	311
tuxedo	311
umbrellas	311
understated	311
undeveloped	311
univ	311
unknowingly	311
unplugged	311
untouchable	311
unwarranted	311
unwillingness	311
vases	311
vetting	311
vg	311
vibrator	311
wailing	311
walker's	311
warhol	311
warwickshire	311
whisk	311
wishful	311
wrestled	311
wynn	311
yoda	311
yoruba	311
abolishing	310
accountancy	310
acoustics	310
actuality	310
addictions	310
aden	310
aeronautics	310
alam	310
alf	310
alibi	310
anand	310
anfield	310
anointed	310
apis	310
argentinian	310
arias	310
arkham	310
arturo	310
astoria	310
astute	310
attainable	310
audiobook	310
aztec	310
babcock	310
bac	310
baja	310
ballerina	310
bashed	310
batters	310
bce	310
bei	310
bennet	310
bewildered	310
bien	310
binoculars	310
blackstone	310
bonkers	310
bpd	310
brazen	310
burlesque	310
burrow	310
calculates	310
calder	310
callers	310
calvert	310
campfire	310
cashed	310
caster	310
catalysts	310
catered	310
causation	310
centerpiece	310
chameleon	310
checkers	310
cheques	310
clancy	310
clasp	310
clit	310
clooney	310
cnn's	310
compulsion	310
concealing	310
condescending	310
condominium	310
confucius	310
conical	310
conjure	310
constitutionally	310
convincingly	310
copious	310
cordial	310
coy	310
craftsmanship	310
craziness	310
creatively	310
creditor	310
crores	310
crypt	310
custodial	310
deactivated	310
dean's	310
decatur	310
decreed	310
deems	310
delegated	310
derelict	310
detects	310
dignitaries	310
dismisses	310
dispel	310
dissident	310
ditches	310
django	310
donetsk	310
dork	310
dory	310
doves	310
dragon's	310
dropbox	310
droplets	310
dusting	310
edict	310
edmond	310
egos	310
egregious	310
egypt's	310
elasticity	310
elicit	310
eo	310
epoxy	310
estonian	310
etienne	310
eton	310
evangelist	310
explorations	310
extraterrestrial	310
exxon	310
eyeball	310
faso	310
fiend	310
fledgling	310
flicker	310
flimsy	310
fob	310
footer	310
forza	310
gambit	310
giroud	310
giuliani	310
gleaming	310
glock	310
grille	310
gullible	310
gust	310
gypsies	310
hae	310
happenings	310
haw	310
hawke	310
hearth	310
heathen	310
hemorrhage	310
hereafter	310
hijacking	310
hill's	310
hinting	310
hoarding	310
homers	310
hoods	310
horoscope	310
hou	310
humanoid	310
hurst	310
hyung	310
idealism	310
illegals	310
impeach	310
improvisation	310
influencers	310
intergovernmental	310
interspersed	310
invoking	310
irc	310
irina	310
ironing	310
isi	310
itt	310
jacobson	310
jagger	310
jaipur	310
jazeera	310
jeffery	310
jeopardize	310
jerky	310
jig	310
jodi	310
judge's	310
juliette	310
junctions	310
jw	310
kathmandu	310
kearney	310
khz	310
kieran	310
lakeside	310
landon	310
landry	310
lawfully	310
lexicon	310
licks	310
lifetimes	310
littered	310
livery	310
livingstone	310
loader	310
lobbyist	310
loosing	310
lucknow	310
lurk	310
macintosh	310
magicians	310
marguerite	310
marius	310
maximise	310
mcintyre	310
mcpherson	310
mech	310
medallion	310
medusa	310
merseyside	310
metaphorical	310
mindy	310
mismatch	310
mlm	310
monastic	310
money's	310
monopolies	310
mooney	310
mormons	310
mot	310
movie's	310
mow	310
mower	310
mozzarella	310
multilateral	310
munster	310
mutated	310
naacp	310
namesake	310
nazareth	310
nazism	310
nellie	310
nia	310
nominally	310
nord	310
normative	310
nostrils	310
num	310
nurtured	310
objectivity	310
oblige	310
ogre	310
oiled	310
okc	310
overheating	310
overreacting	310
overthrown	310
palermo	310
palliative	310
pao	310
parable	310
pastime	310
patchwork	310
patrice	310
paulie	310
payton	310
pedophilia	310
peed	310
peeps	310
pell	310
pellet	310
pendleton	310
peshawar	310
pesky	310
phobia	310
pinball	310
planter	310
plat	310
plenary	310
plunder	310
poseidon	310
postman	310
ppg	310
prays	310
privatisation	310
pseudonym	310
pullman	310
purgatory	310
raps	310
rationality	310
rearing	310
rebuke	310
rebuttal	310
refrigerated	310
reliever	310
repo	310
restarted	310
retaliate	310
richard's	310
riffs	310
riyadh	310
rockers	310
roo	310
rook	310
rouse	310
sabha	310
sampler	310
sarajevo	310
scaffolding	310
scant	310
schoolgirl	310
seamlessly	310
seater	310
sedimentary	310
semblance	310
sensei	310
sensibilities	310
sheik	310
shockingly	310
shrewsbury	310
sidelined	310
signaled	310
sine	310
skunk	310
sloth	310
slowdown	310
smugglers	310
snapshots	310
snitch	310
snowing	310
snug	310
solstice	310
songwriters	310
soups	310
sparsely	310
spindle	310
spoilt	310
spoof	310
sporty	310
spp	310
staffer	310
sterilization	310
stockholders	310
stuttering	310
subdivided	310
subtract	310
supermodel	310
susceptibility	310
sweats	310
sweden's	310
syd	310
syphilis	310
tabletop	310
tactile	310
tangle	310
ther	310
thermodynamics	310
thermostat	310
thrives	310
tiki	310
tingling	310
todays	310
tonga	310
topeka	310
tort	310
touchscreen	310
tra	310
trackers	310
transcend	310
trope	310
tufts	310
tumours	310
undercut	310
underlined	310
unfriendly	310
universes	310
unlicensed	310
unproductive	310
valuables	310
vial	310
vick	310
vickers	310
violinist	310
vultures	310
warlord	310
whence	310
whimsical	310
wrenching	310
yusuf	310
zionism	310
accordion	309
addis	309
aeronautical	309
ahl	309
alimony	309
allegheny	309
allen's	309
aloha	309
alves	309
amtrak	309
angelica	309
anthropological	309
anxiously	309
apprehension	309
arden	309
ares	309
articulation	309
asiatic	309
assailant	309
atc	309
atletico	309
atonement	309
auf	309
auspicious	309
avenger	309
bafta	309
barricade	309
baseless	309
beater	309
benefactor	309
benji	309
bhutan	309
biographer	309
blackness	309
bollocks	309
booed	309
borneo	309
boyhood	309
bridgeport	309
briefcase	309
bronson	309
brutus	309
bugged	309
bunkers	309
butte	309
camaro	309
cambridgeshire	309
campsite	309
cancellations	309
canister	309
canons	309
cate	309
caters	309
charlie's	309
chronically	309
chuckles	309
cloths	309
clustered	309
cmc	309
coherence	309
committee's	309
complainant	309
complemented	309
compounding	309
conforming	309
connotations	309
consonant	309
correlations	309
cpl	309
crazier	309
cricketers	309
crisps	309
criticising	309
crockett	309
crowning	309
crucifixion	309
csgo	309
cursor	309
cx	309
daniel's	309
deduct	309
delegations	309
diaphragm	309
dichotomy	309
diminutive	309
dina	309
dispensary	309
dispensing	309
disregarded	309
dissidents	309
doubtless	309
dreamers	309
dunlop	309
dwindling	309
elisa	309
elsie	309
embellished	309
emp	309
emphatic	309
enfield	309
enlightening	309
enoch	309
enrolment	309
etf	309
exclamation	309
executioner	309
exempted	309
exerted	309
exiles	309
expressway	309
fairer	309
fairest	309
filament	309
fk	309
flemish	309
foyer	309
fra	309
frank's	309
fresco	309
frigate	309
fuselage	309
gait	309
genitalia	309
ger	309
gillette	309
gilt	309
glider	309
goers	309
granville	309
gravely	309
grime	309
guerrillas	309
hanley	309
harman	309
heron	309
heyday	309
highlanders	309
hillary's	309
hospitalization	309
illogical	309
illuminati	309
ima	309
imma	309
impart	309
incapacitated	309
incoherent	309
indulgent	309
inert	309
inflicting	309
initiates	309
interlude	309
internationals	309
interpreters	309
interrupts	309
invoices	309
irradiation	309
irritable	309
jace	309
jain	309
jammu	309
jl	309
jm	309
johanna	309
johnnie	309
joss	309
kendra	309
kermit	309
kwh	309
laminated	309
leaderboard	309
leung	309
leviathan	309
ligaments	309
lis	309
lj	309
lonesome	309
lps	309
lug	309
lukewarm	309
lumbar	309
lumen	309
luv	309
luxuries	309
lyman	309
lyn	309
maison	309
maneuvering	309
marathons	309
mariano	309
markup	309
marred	309
melrose	309
midwives	309
miniseries	309
mismanagement	309
mitochondria	309
mixtures	309
moffat	309
mongolian	309
monmouth	309
motley	309
mouthed	309
mowing	309
msp	309
multiculturalism	309
music's	309
mussels	309
nbsp	309
netball	309
nieces	309
nit	309
nottinghamshire	309
nuance	309
obstruct	309
oftentimes	309
orthopedic	309
osborn	309
osha	309
outages	309
outcast	309
outings	309
overcrowded	309
overriding	309
ozil	309
pai	309
pane	309
penultimate	309
peppermint	309
percentile	309
persuading	309
pharrell	309
piety	309
pinot	309
placenta	309
planters	309
playgrounds	309
playin	309
pleasurable	309
plough	309
pogba	309
potentials	309
ppv	309
prefect	309
prevails	309
pri	309
propagate	309
qr	309
quot	309
redefine	309
reeling	309
reinstate	309
remington	309
remit	309
remixes	309
respondent	309
resumption	309
retailing	309
retrograde	309
reunification	309
reused	309
revere	309
riggs	309
robo	309
romantically	309
rosario	309
rout	309
saab	309
salmonella	309
sargent	309
savoy	309
scarecrow	309
sceptical	309
scrubbing	309
seq	309
servings	309
shiv	309
shrinks	309
siam	309
simons	309
smeared	309
softening	309
soldier's	309
soybean	309
splashing	309
standardization	309
star's	309
stardom	309
steamy	309
stomachs	309
stopper	309
strolling	309
subtlety	309
swells	309
swindon	309
symptomatic	309
tenets	309
tennant	309
tfw	309
thunderbolt	309
tiered	309
toggle	309
tonal	309
torrance	309
totem	309
tourney	309
tran	309
transitioned	309
transmitters	309
tripled	309
uconn	309
ulcers	309
ultrasonic	309
unicorns	309
unlawfully	309
unveils	309
unwind	309
unwise	309
valentina	309
valentines	309
vaping	309
verifying	309
vo	309
watchful	309
waterford	309
wayward	309
willoughby	309
worker's	309
workmanship	309
wrecks	309
wren	309
wronged	309
yoke	309
za	309
zuma	309
acorn	308
aga	308
ahmedabad	308
aiken	308
ailing	308
airflow	308
alamo	308
aloft	308
amalgamation	308
amazes	308
amman	308
anderson's	308
aneurysm	308
antelope	308
antigua	308
arcadia	308
archdiocese	308
ast	308
automate	308
barre	308
basilica	308
bassett	308
ben's	308
bertie	308
beset	308
bitchy	308
blaster	308
bleep	308
blueberries	308
blushing	308
bowels	308
boyce	308
braided	308
brazilians	308
bridesmaid	308
brie	308
brochures	308
burroughs	308
capping	308
cartier	308
cashing	308
catalogs	308
cautioned	308
cavern	308
cedric	308
certify	308
champaign	308
channeling	308
checker	308
chivalry	308
chopra	308
civilised	308
clearwater	308
cocoon	308
comms	308
confessing	308
conspiracies	308
constants	308
cooperated	308
cornerback	308
credence	308
creeks	308
crossfire	308
currie	308
customer's	308
dada	308
dax	308
debtor	308
denouncing	308
densities	308
derail	308
desi	308
disallowed	308
dispatcher	308
dispatches	308
dissolving	308
distort	308
diverting	308
dms	308
dobbs	308
draught	308
dreary	308
dropout	308
duped	308
duplicated	308
earle	308
earring	308
elsevier	308
emptying	308
enclosures	308
endangering	308
environmentalists	308
erroneously	308
erwin	308
evaporation	308
evokes	308
fairbanks	308
fared	308
felicia	308
fingered	308
fished	308
flicks	308
foregoing	308
frighten	308
gable	308
gags	308
gallows	308
gandalf	308
gendered	308
georgina	308
goddesses	308
gorbachev	308
guernsey	308
guilds	308
gunning	308
hahah	308
haiku	308
hairstyles	308
harrow	308
hatchet	308
henceforth	308
hesitated	308
heterogeneous	308
hilltop	308
hines	308
hobo	308
housework	308
howdy	308
hoy	308
hsbc	308
huddle	308
humiliate	308
hurled	308
icloud	308
imax	308
importer	308
indignation	308
indus	308
ingrained	308
inhaled	308
injustices	308
inked	308
inspirations	308
irritate	308
jayne	308
jive	308
kaye	308
keenly	308
kiki	308
kilda	308
kimberley	308
kyiv	308
kyung	308
lakhs	308
lal	308
lass	308
leila	308
lesion	308
lieutenants	308
lockwood	308
lull	308
lullaby	308
macedonian	308
machining	308
mackerel	308
marge	308
marquette	308
martina	308
massages	308
mathias	308
mayfield	308
medallist	308
member's	308
memorized	308
mep	308
metabolites	308
metaphysics	308
meticulously	308
migraines	308
mite	308
momentary	308
montague	308
moratorium	308
morgan's	308
morgue	308
movin	308
mullen	308
mulligan	308
multiplying	308
munch	308
muppet	308
naps	308
nascent	308
netted	308
neurotic	308
newborns	308
noone	308
novella	308
obstructing	308
octane	308
octave	308
oda	308
oldies	308
omni	308
ong	308
organizes	308
pakistanis	308
penalized	308
piercings	308
pitbull	308
plugins	308
polaris	308
pondering	308
popes	308
postmodern	308
precincts	308
prerogative	308
procured	308
proxies	308
prudence	308
prudential	308
pry	308
psychoanalysis	308
puffs	308
purged	308
purposefully	308
pursues	308
radiotherapy	308
rationally	308
recoveries	308
reddy	308
remarried	308
rembrandt	308
remedial	308
repealing	308
repressive	308
resonates	308
resourceful	308
rms	308
rosenthal	308
rotates	308
runtime	308
rus	308
sacrificial	308
schulz	308
scorching	308
scottsdale	308
scribe	308
sentry	308
seung	308
sexton	308
sheeran	308
shelled	308
shhh	308
shingles	308
siegel	308
silencing	308
silverware	308
singapore's	308
skillet	308
slimy	308
slipper	308
sloping	308
snout	308
soliciting	308
southwark	308
spank	308
sparking	308
specter	308
spied	308
spinners	308
spits	308
statehood	308
steeped	308
sti	308
storyteller	308
strewn	308
stroller	308
stub	308
subgroup	308
supra	308
suspiciously	308
sutter	308
swaying	308
tact	308
taxonomy	308
tcu	308
televisions	308
tinged	308
tirelessly	308
tiresome	308
toms	308
toolkit	308
tribunals	308
tundra	308
tunic	308
tweaked	308
ukrainians	308
uncompromising	308
undoing	308
unmistakable	308
unruly	308
valuing	308
vaulted	308
veal	308
vegans	308
venomous	308
viceroy	308
videotape	308
walgreens	308
waxed	308
wearer	308
webs	308
whiting	308
willful	308
woodley	308
worcestershire	308
zeta	308
abnormally	307
abstain	307
adriana	307
affections	307
aggregates	307
ahn	307
airliner	307
alchemist	307
alexandre	307
alfa	307
allegory	307
alp	307
ambulances	307
antagonists	307
aortic	307
ard	307
ashland	307
assimilated	307
averted	307
b's	307
backpacks	307
banish	307
bateman	307
battleground	307
beets	307
bellows	307
blisters	307
blob	307
bluntly	307
bohemia	307
bonaparte	307
boosters	307
bootleg	307
bos	307
boyz	307
brine	307
busty	307
butchers	307
callous	307
canadiens	307
cantonese	307
capcom	307
cardiology	307
carlin	307
cartoonist	307
casablanca	307
casserole	307
catalina	307
cellulose	307
cfr	307
charred	307
choreographed	307
churn	307
circuitry	307
clearances	307
cloned	307
cloves	307
college's	307
commendable	307
competitively	307
compress	307
comptroller	307
conventionally	307
coon	307
correlates	307
creole	307
crusades	307
cubicle	307
curtailed	307
cystic	307
dainty	307
damnit	307
darlington	307
davison	307
decimated	307
decrees	307
deflected	307
deliverance	307
destitute	307
devi	307
dexterity	307
dietrich	307
dilution	307
dissipated	307
dolce	307
drugstore	307
dvr	307
eczema	307
ejection	307
electrolyte	307
elitist	307
emailing	307
emphasise	307
emphatically	307
engulfed	307
equine	307
exclusivity	307
exes	307
failings	307
fannie	307
faucet	307
faust	307
fbi's	307
fdr	307
feeders	307
feisty	307
fink	307
flexing	307
foothold	307
forbidding	307
forfeited	307
formulations	307
fortifications	307
fouled	307
fourier	307
fraternal	307
frau	307
functioned	307
fuses	307
gaines	307
gamergate	307
gan	307
generalizations	307
ghastly	307
gia	307
gonzalo	307
gorillas	307
goto	307
gratifying	307
gretchen	307
grey's	307
gymnast	307
haircuts	307
hairline	307
handcuffed	307
handset	307
harrowing	307
headlining	307
heiress	307
hells	307
herzegovina	307
hhs	307
higgs	307
hinged	307
hola	307
holster	307
horseman	307
humanist	307
hunch	307
huntsville	307
impenetrable	307
inconceivable	307
industrialization	307
inf	307
infographic	307
infringing	307
innovators	307
islington	307
issuer	307
jane's	307
keenan	307
keg	307
kennedy's	307
kissinger	307
kms	307
koi	307
kwon	307
lancet	307
landfall	307
lawmaker	307
layoffs	307
leningrad	307
lerner	307
lifeguard	307
limerick	307
lockers	307
lolita	307
loner	307
longed	307
loyola	307
lukaku	307
mariana	307
mau	307
may's	307
mca	307
mcmaster	307
mimicking	307
minimally	307
mistook	307
mogul	307
moles	307
monet	307
moon's	307
mornin	307
morning's	307
morph	307
mort	307
motorist	307
muriel	307
murphy's	307
musa	307
mysticism	307
nagar	307
nauseous	307
nicks	307
nimble	307
nomad	307
nouveau	307
nrc	307
o'leary	307
o'neal	307
o'sullivan	307
objectionable	307
obliterated	307
obtainable	307
omit	307
oncoming	307
opportunistic	307
orson	307
otters	307
outlandish	307
outlying	307
oxidative	307
pacifist	307
pacquiao	307
paraphrase	307
pathfinder	307
pedagogical	307
pediatrician	307
pegged	307
pelican	307
pembroke	307
penchant	307
persians	307
planar	307
polluting	307
polygamy	307
ponytail	307
pope's	307
poplar	307
primordial	307
projectiles	307
propositions	307
pubic	307
publicist	307
purposeful	307
purses	307
quorum	307
rabbis	307
raman	307
ranchers	307
rarest	307
rascal	307
reared	307
refuted	307
resented	307
revue	307
reza	307
rigor	307
rioters	307
rizzo	307
roanoke	307
robins	307
rochdale	307
romano	307
roosters	307
roper	307
rosters	307
sacking	307
scarring	307
sch	307
scheming	307
scorched	307
scotsman	307
scotus	307
scripting	307
seatbelt	307
shank	307
sharpened	307
shortlist	307
sidebar	307
silverman	307
skeptics	307
slashing	307
sledge	307
slotted	307
smes	307
sociopath	307
sonya	307
southward	307
sparkly	307
specialises	307
speculating	307
spock	307
sponges	307
squeaky	307
stargate	307
steamship	307
stinging	307
subbed	307
summoning	307
swann	307
tatiana	307
tbsp	307
telecast	307
tenancy	307
terre	307
testimonial	307
thence	307
thyme	307
tiniest	307
toner	307
totalling	307
trafficked	307
trampled	307
transponder	307
trashy	307
travers	307
trimester	307
tron	307
tubs	307
tully	307
tum	307
umar	307
uncle's	307
unfaithful	307
unholy	307
unify	307
unregulated	307
unscrupulous	307
unwittingly	307
upland	307
upped	307
ushered	307
vauxhall	307
vb	307
verbatim	307
villiers	307
virgo	307
vito	307
voiceover	307
willfully	307
winter's	307
worshipping	307
yawn	307
yiddish	307
adrift	306
aegis	306
aiden	306
ais	306
alastair	306
alleys	306
almanac	306
aloe	306
amphibious	306
analyzer	306
ancillary	306
andrew's	306
anesthetic	306
anglia	306
antioch	306
antiquated	306
apologised	306
aquarius	306
armani	306
ascot	306
aussies	306
averse	306
bandages	306
barges	306
bds	306
beaded	306
beagle	306
beaufort	306
beavers	306
bess	306
biceps	306
blanco	306
blindfolded	306
blokes	306
boomerang	306
borussia	306
breton	306
brill	306
brim	306
broadening	306
caged	306
caine	306
calligraphy	306
capri	306
carpenters	306
carthage	306
castes	306
cauldron	306
celebratory	306
cfs	306
chalet	306
chao	306
childless	306
chimes	306
cleanser	306
clemens	306
clipper	306
closets	306
clouded	306
cma	306
coalitions	306
colossus	306
conductive	306
coney	306
congregational	306
cooperatives	306
copa	306
corals	306
corral	306
cortical	306
countering	306
crc	306
cremation	306
crt	306
cubans	306
curricular	306
curving	306
deans	306
decked	306
deepened	306
deliberation	306
dermatologist	306
detonation	306
deus	306
deviate	306
devolution	306
dey	306
dialing	306
diode	306
discharges	306
disruptions	306
distancing	306
ditching	306
dix	306
donkeys	306
dorchester	306
dorsey	306
downer	306
dreyfus	306
dribble	306
duke's	306
dutchman	306
duval	306
dwyer	306
earbuds	306
egalitarian	306
endocrine	306
energized	306
epi	306
epithelial	306
equates	306
erickson	306
ernesto	306
ester	306
excitedly	306
excruciating	306
executes	306
farthest	306
fateful	306
fatter	306
fedora	306
fer	306
fia	306
fillers	306
finley	306
flak	306
flamboyant	306
flamingo	306
flutter	306
foodie	306
foolishness	306
forrester	306
foundational	306
frey	306
furnaces	306
fuzz	306
gills	306
gmc	306
goodyear	306
gout	306
guillermo	306
hailey	306
harlow	306
harsher	306
hatching	306
hearst	306
heaven's	306
hell's	306
hepatic	306
hertz	306
hirsch	306
hoboken	306
homegrown	306
hoof	306
horowitz	306
horse's	306
housemates	306
howard's	306
hues	306
huey	306
humbling	306
hwang	306
hydrocarbons	306
idris	306
impala	306
impurities	306
incognito	306
indestructible	306
inhibiting	306
inks	306
innocuous	306
inns	306
insofar	306
institut	306
intrinsically	306
iraqis	306
irishman	306
islander	306
ism	306
ismail	306
jana	306
janis	306
jest	306
jesuits	306
jillian	306
joseph's	306
kal	306
kam	306
kee	306
khalil	306
lambda	306
leader's	306
leaky	306
lehigh	306
leicestershire	306
leto	306
libido	306
lina	306
linn	306
linus	306
lizzy	306
lorna	306
loyalties	306
lynching	306
lynx	306
maddox	306
mage	306
mahatma	306
mainline	306
mainstay	306
mannequin	306
marketable	306
marlborough	306
masterful	306
matic	306
maximal	306
mcc	306
millers	306
mime	306
minivan	306
mistrust	306
mites	306
mobiles	306
modestly	306
moniker	306
morrissey	306
mpg	306
multidisciplinary	306
mythological	306
nave	306
ncis	306
needlessly	306
nel	306
neuro	306
nib	306
noah's	306
nonviolent	306
nps	306
nuremberg	306
ozzy	306
palatable	306
parishioners	306
parkland	306
pau	306
payouts	306
pensacola	306
perry's	306
pilot's	306
platt	306
plunging	306
polarity	306
pompous	306
portman	306
profanity	306
protruding	306
puig	306
pundit	306
purify	306
pw	306
quack	306
quarries	306
raged	306
rages	306
rah	306
regaining	306
regenerative	306
regroup	306
rehearsed	306
reimburse	306
reinvent	306
rel	306
repatriation	306
requiem	306
resurrect	306
ringer	306
rockville	306
rollout	306
ronan	306
rooftops	306
rose's	306
rudolf	306
sae	306
salvaged	306
sari	306
sata	306
saucer	306
scrapping	306
scrappy	306
semis	306
serpentine	306
shinji	306
shuffling	306
sie	306
signup	306
skirmish	306
slough	306
snippets	306
soared	306
solicit	306
solidified	306
solvents	306
spaniard	306
spar	306
spearheaded	306
spooked	306
sprints	306
stimulant	306
stow	306
strickland	306
stylized	306
subdue	306
subscribing	306
succumb	306
suffocating	306
suisse	306
sumo	306
superbowl	306
surgically	306
susanna	306
syed	306
sympathize	306
tabernacle	306
tagline	306
talisman	306
tariq	306
thirdly	306
thwart	306
ticked	306
tins	306
toronto's	306
tortilla	306
townhouse	306
transferable	306
transistors	306
transpired	306
transplanted	306
tres	306
tris	306
trish	306
truffle	306
tumultuous	306
ultron	306
unclean	306
unequivocally	306
unitary	306
usgs	306
vail	306
valkyrie	306
vedic	306
ventral	306
vibrate	306
vicente	306
wad	306
waging	306
waitin	306
weekend's	306
weirdly	306
where'd	306
whiplash	306
whos	306
wildcat	306
woodworking	306
worsen	306
worshippers	306
xenophobia	306
xenophobic	306
yakuza	306
yuck	306
ze	306
zeros	306
acreage	305
affords	305
ajay	305
albino	305
alex's	305
antichrist	305
antrim	305
aquaculture	305
argus	305
arrears	305
arsenal's	305
artemis	305
asd	305
asp	305
assimilate	305
asterisk	305
asymmetrical	305
atf	305
augmentation	305
ayrshire	305
azalea	305
bacterium	305
balochistan	305
barter	305
bbl	305
beet	305
bessie	305
biggs	305
bigoted	305
bistro	305
bod	305
bonanza	305
bosom	305
boston's	305
breakthroughs	305
breitbart	305
bribed	305
busan	305
callum	305
calmer	305
cannibal	305
catalogues	305
cato	305
centurion	305
chuckled	305
citi	305
clarendon	305
coldplay	305
collector's	305
compendium	305
complacency	305
complements	305
confessional	305
conservancy	305
contentment	305
convoluted	305
cools	305
counterproductive	305
cousin's	305
cowell	305
crayon	305
cremated	305
crm	305
cropping	305
crossbow	305
crowding	305
crux	305
cst	305
curators	305
cusp	305
danville	305
decoding	305
defenseless	305
defiantly	305
delia	305
delicately	305
deluge	305
desist	305
devlin	305
devoured	305
diffraction	305
dilapidated	305
dismissive	305
divas	305
doable	305
doorbell	305
drooling	305
ducking	305
dulles	305
duplicates	305
eastbound	305
emir	305
emu	305
eritrea	305
errand	305
eucharist	305
excites	305
exclaimed	305
expedite	305
extracellular	305
famer	305
fastball	305
fearsome	305
feathered	305
fertilization	305
fervor	305
fiduciary	305
fifths	305
flax	305
fractional	305
freighter	305
frosting	305
fuelled	305
gaap	305
gallo	305
gasping	305
genevieve	305
globes	305
glorify	305
gunnar	305
guo	305
hasnt	305
heartwarming	305
henrietta	305
heretics	305
hiccups	305
hiss	305
holographic	305
hotspur	305
hrc	305
impediment	305
importation	305
inactivity	305
incendiary	305
individualized	305
insistent	305
instigated	305
intelligently	305
interferes	305
intermittently	305
iraq's	305
isn	305
jag	305
kamal	305
kareem	305
keegan	305
kidnappers	305
kimball	305
lakewood	305
leapt	305
leia	305
leisurely	305
ligand	305
lila	305
liturgical	305
livelihoods	305
lothian	305
lubricant	305
lucie	305
macroeconomic	305
mags	305
maitland	305
masquerade	305
materialism	305
maude	305
mea	305
meager	305
melodrama	305
milly	305
minimized	305
minion	305
mistreated	305
misused	305
mmmm	305
mons	305
morn	305
motherland	305
motogp	305
mundo	305
nakamura	305
napkins	305
narcissism	305
navarro	305
niches	305
ninjas	305
nsf	305
observant	305
opioids	305
ostrich	305
overcast	305
overcrowding	305
paragon	305
parochial	305
pastries	305
perplexed	305
persistently	305
petting	305
phenotype	305
pico	305
plankton	305
prasad	305
prejudiced	305
prius	305
propped	305
protons	305
pruning	305
punter	305
qin	305
quark	305
queuing	305
quizzes	305
radiohead	305
rarer	305
rcmp	305
redacted	305
regretting	305
reimbursed	305
renovate	305
respiration	305
restores	305
retracted	305
reverses	305
ruff	305
rump	305
samir	305
santander	305
schiff	305
schiller	305
scranton	305
secondhand	305
shackles	305
shards	305
sheehan	305
shiver	305
simms	305
simplifying	305
sinned	305
ska	305
slugs	305
smog	305
smoothies	305
somber	305
splendor	305
springtime	305
sprinkler	305
stabs	305
standstill	305
stefano	305
stools	305
stubbs	305
subunit	305
sues	305
suffix	305
surges	305
surveyors	305
swede	305
sweepstakes	305
syndicated	305
syria's	305
tailoring	305
tbs	305
teeny	305
tendered	305
thoracic	305
ticketing	305
trams	305
tremor	305
triplets	305
twister	305
ulrich	305
unannounced	305
uncovering	305
undivided	305
unsatisfactory	305
unskilled	305
unwritten	305
utilitarian	305
vehicular	305
vetted	305
virginia's	305
voltaire	305
wading	305
wallpapers	305
waning	305
war's	305
wednesday's	305
weightlifting	305
wesleyan	305
whey	305
whyte	305
willpower	305
wolverhampton	305
woolly	305
yokohama	305
young's	305
yuki	305
zig	305
abbreviations	304
accra	304
acosta	304
acquittal	304
acupuncture	304
adi	304
admins	304
adv	304
aggregated	304
anakin	304
anvil	304
anzac	304
argos	304
armament	304
aron	304
ascribed	304
astra	304
asu	304
ata	304
atwood	304
auctioned	304
backfired	304
balconies	304
barbour	304
bastille	304
belligerent	304
betts	304
bibles	304
bleaching	304
bleeds	304
bloomfield	304
bookmark	304
botanic	304
boundless	304
bowles	304
brain's	304
broadened	304
brooch	304
bulletins	304
bunting	304
burials	304
cabal	304
cabrera	304
cadre	304
campground	304
canaan	304
canyons	304
causeway	304
childrens	304
clamps	304
clearest	304
cleaver	304
cmon	304
cob	304
coexist	304
coffins	304
coinage	304
connelly	304
conquests	304
consenting	304
consummate	304
contending	304
convene	304
cooper's	304
corresponded	304
covent	304
covington	304
cramp	304
cucumbers	304
curran	304
curricula	304
dearborn	304
decadent	304
decoy	304
defies	304
demoted	304
depraved	304
derivation	304
designations	304
detectable	304
deviations	304
diced	304
diem	304
discreetly	304
distortions	304
divorces	304
draco	304
dredge	304
drool	304
dumbledore	304
earths	304
ebb	304
ecb	304
ecu	304
emulation	304
enriching	304
enshrined	304
erasing	304
escrow	304
essendon	304
evaporated	304
evasive	304
extinguish	304
fas	304
fayetteville	304
fca	304
federalist	304
fema	304
fervent	304
fiberglass	304
fisk	304
fixer	304
flavoured	304
foray	304
forfeiture	304
forgave	304
forties	304
friar	304
fruitless	304
fussy	304
garnish	304
genealogical	304
genomes	304
georgie	304
glances	304
gnu	304
goody	304
gough	304
graciously	304
grammys	304
grassland	304
hackett	304
hajj	304
hampstead	304
hap	304
hatfield	304
hdd	304
hdr	304
headway	304
hearsay	304
hershey	304
hideout	304
hippies	304
hoa	304
hobbes	304
holed	304
honed	304
horned	304
horner	304
hoyt	304
hutch	304
idyllic	304
imaginations	304
impairments	304
impossibility	304
impotent	304
inconsiderate	304
indictments	304
insatiable	304
instalment	304
instinctive	304
institute's	304
integrates	304
interpretive	304
intrepid	304
intuitively	304
jackman	304
jeanette	304
jetty	304
jimmie	304
jpeg	304
junkies	304
kabir	304
kawasaki	304
kew	304
khaki	304
kip	304
kirkland	304
koala	304
kohli	304
kos	304
lannister	304
lashing	304
lectured	304
lees	304
leith	304
levelled	304
lexi	304
lieberman	304
lightening	304
lombardi	304
londonderry	304
loren	304
lucien	304
m's	304
macs	304
magnate	304
magneto	304
mahoney	304
mannered	304
marietta	304
markham	304
maud	304
mcgovern	304
merciless	304
merle	304
milder	304
millimeters	304
minn	304
misfits	304
mocks	304
molina	304
monde	304
mongols	304
monochrome	304
mortuary	304
mtg	304
muffled	304
mugabe	304
mulder	304
mullins	304
muppets	304
muses	304
nacional	304
nationalistic	304
nervousness	304
neumann	304
neurologist	304
nik	304
notched	304
nutmeg	304
obstetrics	304
obtains	304
obtuse	304
ofcourse	304
papi	304
particulate	304
pausing	304
penicillin	304
perfecting	304
petal	304
petitioned	304
plumbers	304
pms	304
poise	304
polygon	304
ported	304
precursors	304
prolly	304
promos	304
proportionate	304
provence	304
pta	304
purcell	304
pvp	304
quartermaster	304
radiance	304
rambo	304
rammed	304
raoul	304
reciprocity	304
recollections	304
remodeled	304
replenish	304
reproducing	304
reputations	304
responsiveness	304
rheumatoid	304
roscoe	304
rosetta	304
rubles	304
rupee	304
saeed	304
saltwater	304
sanctity	304
schoolers	304
schroeder	304
scooped	304
scrabble	304
scrimmage	304
seaboard	304
sedition	304
shoddy	304
shortstop	304
shotguns	304
sleazy	304
sleepers	304
smashes	304
smirk	304
smoothing	304
smyth	304
sneaks	304
snipe	304
snuggle	304
sochi	304
sociologist	304
spares	304
spewing	304
squishy	304
stalemate	304
stave	304
stephan	304
stinking	304
story's	304
strangle	304
streamer	304
streetcar	304
stringer	304
summits	304
sunsets	304
supremely	304
sus	304
swami	304
swelled	304
symbolize	304
symbolizes	304
tahiti	304
tarantino	304
tarmac	304
teh	304
tenacious	304
tireless	304
toothed	304
toshiba	304
tremble	304
trillions	304
trove	304
ue	304
unconsciously	304
undated	304
undefined	304
unpack	304
urbanization	304
vetoed	304
victimized	304
wainwright	304
walkin	304
wanders	304
weakens	304
westbound	304
westerly	304
whitehouse	304
wilfred	304
wilton	304
winch	304
winthrop	304
workstation	304
yam	304
yawning	304
yolk	304
accomplices	303
adc	303
adjusts	303
adp	303
aerosol	303
aftermarket	303
alienate	303
alphabetically	303
amer	303
ammonium	303
amour	303
andi	303
annuities	303
apprehensive	303
aquino	303
arjun	303
assent	303
assn	303
athenian	303
atrocity	303
authorisation	303
avec	303
babysit	303
backdoor	303
bagels	303
baker's	303
banco	303
bantu	303
beaming	303
benin	303
benn	303
bh	303
bigots	303
biopic	303
bleached	303
blondie	303
bloods	303
blot	303
bode	303
boer	303
boggling	303
bolivian	303
bookstores	303
boos	303
bourgeoisie	303
bowser	303
boycotting	303
braced	303
brentwood	303
bromwich	303
bryson	303
bsc	303
buckinghamshire	303
bulging	303
burners	303
byproduct	303
bystanders	303
caspian	303
categorically	303
cathode	303
ceded	303
cheaters	303
chelsea's	303
cheung	303
civility	303
clustering	303
cns	303
cohn	303
collin	303
commandos	303
complicity	303
conf	303
confetti	303
configure	303
confrontational	303
congolese	303
conley	303
connors	303
consequential	303
constitutions	303
contagion	303
convoys	303
corset	303
cortisol	303
coutinho	303
craters	303
crock	303
crocker	303
curate	303
cuttings	303
dataset	303
davos	303
dawned	303
daybreak	303
defected	303
defenseman	303
desolation	303
deviant	303
devine	303
devious	303
didier	303
dil	303
dilemmas	303
discography	303
dislocated	303
dispenser	303
disseminate	303
dorado	303
dragonfly	303
driscoll	303
dubstep	303
dugout	303
dunne	303
dynamically	303
edelman	303
elizabethan	303
emanating	303
endeavours	303
ensues	303
eradicated	303
erode	303
evocative	303
faintly	303
fancies	303
federico	303
fewest	303
fielded	303
financials	303
fingering	303
flirty	303
flocks	303
forbade	303
forested	303
frauds	303
friendlies	303
fronting	303
frosted	303
fullness	303
furthering	303
gaia	303
gallop	303
gentile	303
gentrification	303
georgia's	303
gingerbread	303
gino	303
giro	303
gosling	303
grasshopper	303
groupings	303
guardiola	303
guildford	303
gutierrez	303
hallowed	303
halting	303
hamish	303
hampden	303
handguns	303
hebron	303
heywood	303
hospital's	303
hove	303
hunter's	303
hvac	303
hy	303
hydrate	303
hydrocarbon	303
incessant	303
incriminating	303
incurable	303
informants	303
informatics	303
infringed	303
inhaling	303
innumerable	303
insular	303
insurmountable	303
inundated	303
invariant	303
ionization	303
jailbreak	303
james's	303
jarring	303
jing	303
juncture	303
karin	303
kebab	303
lago	303
lampard	303
larsson	303
latham	303
leanne	303
leinster	303
licensee	303
lincoln's	303
locator	303
loeb	303
loyalist	303
luz	303
machado	303
macpherson	303
magnetism	303
maltese	303
manafort	303
manhunt	303
manoeuvre	303
margo	303
mariner	303
marlowe	303
marquez	303
marshmallows	303
martyn	303
masons	303
matthias	303
maximus	303
mays	303
meditating	303
merck	303
metamorphosis	303
methodological	303
middleweight	303
migrations	303
mila	303
milkshake	303
mio	303
misinterpreted	303
mixers	303
modernize	303
mozilla	303
multilingual	303
nats	303
natured	303
nested	303
nick's	303
niki	303
nmr	303
notifying	303
nourishment	303
numerals	303
obeying	303
octavia	303
olfactory	303
organically	303
ortega	303
osbourne	303
paintball	303
parrish	303
parton	303
pedophiles	303
pertains	303
petrified	303
pheasant	303
photosynthesis	303
piccolo	303
pietro	303
piloted	303
pinching	303
pointe	303
pornhub	303
postponement	303
ppc	303
preclude	303
preorder	303
pressurized	303
prickly	303
pricks	303
priory	303
profiled	303
programmable	303
psn	303
puss	303
questionnaires	303
quintessential	303
racked	303
radiating	303
rancher	303
reader's	303
reclaiming	303
redding	303
regularity	303
remediation	303
reprints	303
resounding	303
restrooms	303
retract	303
ria	303
ripples	303
roared	303
rondo	303
rowley	303
rumoured	303
russel	303
saban	303
salazar	303
samuels	303
sana	303
sarasota	303
scaffold	303
scavenger	303
schooner	303
scion	303
seamus	303
secularism	303
separatists	303
sephora	303
servitude	303
severn	303
showbiz	303
sickly	303
siegfried	303
simeon	303
slaughtering	303
slumped	303
smacks	303
sme	303
snooker	303
solemnly	303
sores	303
splashed	303
sprained	303
squadrons	303
starling	303
steamboat	303
steinberg	303
stingy	303
stuffy	303
stumbles	303
substituting	303
subversion	303
sufficiency	303
sui	303
suitcases	303
sumatra	303
suvs	303
syn	303
takedown	303
tas	303
tasteless	303
tensor	303
terminally	303
tian	303
ticker	303
tiff	303
tijuana	303
toil	303
tomography	303
tony's	303
toon	303
toot	303
toulon	303
townsville	303
tru	303
truncated	303
trusty	303
twig	303
uf	303
ulcer	303
ummm	303
unconfirmed	303
undetected	303
uniformity	303
unjustified	303
unregistered	303
unsubscribe	303
untrained	303
ute	303
varnish	303
vee	303
videogames	303
vigor	303
waco	303
wag	303
walnuts	303
warhead	303
watcher	303
wealthier	303
welles	303
widower	303
wnba	303
wobbly	303
wot	303
wraith	303
ya'll	303
yangon	303
yanks	303
yew	303
yugoslav	303
zoey	303
zoological	303
accorded	302
afb	302
agar	302
agnostic	302
airmen	302
aisha	302
alameda	302
algiers	302
ali's	302
aligning	302
allocations	302
alluring	302
amputation	302
anarchism	302
antagonistic	302
anthropologists	302
anya	302
apprehend	302
aquinas	302
architectures	302
axiom	302
banger	302
barista	302
basalt	302
bashir	302
beatings	302
belated	302
bello	302
bequeathed	302
betterment	302
birthright	302
blackboard	302
blackwater	302
bor	302
breather	302
brendon	302
brothels	302
buckeyes	302
buffers	302
buffs	302
burrell	302
buzzed	302
bylaws	302
bystander	302
candace	302
carleton	302
catchment	302
chechen	302
chia	302
chino	302
cleanly	302
coffees	302
colorless	302
concave	302
confuses	302
consequent	302
contraceptives	302
corrects	302
coughs	302
cree	302
crucifix	302
cus	302
cyclones	302
daggers	302
dazzle	302
dealerships	302
decode	302
depriving	302
diagnosing	302
diarrhoea	302
dieter	302
discerning	302
disintegration	302
disposing	302
dissonance	302
dup	302
duress	302
dyslexia	302
earthy	302
editorials	302
elects	302
elevating	302
elmo	302
embezzlement	302
emigrants	302
emits	302
endorses	302
enforceable	302
ephraim	302
equinox	302
ericsson	302
erotica	302
erp	302
escalator	302
ethnicities	302
eulogy	302
eventful	302
excitation	302
fanatical	302
fangs	302
fantastically	302
fastened	302
fawn	302
flanking	302
flinders	302
fluency	302
fresher	302
frickin	302
fructose	302
furnishing	302
gah	302
galvanized	302
gambia	302
gaul	302
gaulle	302
gcc	302
geophysical	302
gladiators	302
godwin	302
gomes	302
graphene	302
grasped	302
graze	302
green's	302
grenada	302
grossman	302
grower	302
grunge	302
gtfo	302
gump	302
hagen	302
halsey	302
hatches	302
hawkes	302
headlined	302
helene	302
hennessy	302
hilariously	302
hoodies	302
hottie	302
huddled	302
hypothesized	302
iaea	302
ics	302
illustrative	302
imbalances	302
improvise	302
inappropriately	302
incandescent	302
indistinct	302
infallible	302
infuriating	302
insulating	302
integers	302
intracellular	302
irma	302
jakob	302
janus	302
jens	302
jg	302
jia	302
jolt	302
juggle	302
jukebox	302
jumpsuit	302
kami	302
kangaroos	302
kar	302
kato	302
kayaking	302
kerosene	302
keto	302
knobs	302
kroger	302
legacies	302
leveraging	302
levies	302
likeable	302
longs	302
macos	302
magenta	302
markov	302
marlboro	302
mccormack	302
mee	302
merton	302
methodical	302
michigan's	302
middletown	302
mince	302
miniatures	302
mints	302
molotov	302
monogram	302
moray	302
mumford	302
mus	302
mythic	302
nacho	302
nailing	302
nanotechnology	302
napping	302
negroes	302
niko	302
nobleman	302
nonprofits	302
nugent	302
o'neil	302
obeyed	302
optimist	302
osiris	302
outwardly	302
overlord	302
overuse	302
panned	302
papacy	302
pasted	302
patreon	302
pdt	302
perfumes	302
phonetic	302
photovoltaic	302
piccadilly	302
pied	302
piloting	302
pius	302
pkk	302
planck	302
poodle	302
populism	302
precedes	302
pus	302
racetrack	302
redirected	302
reeds	302
rejoined	302
relayed	302
rescinded	302
resuming	302
retrieving	302
rnc	302
roadblock	302
roadshow	302
roadways	302
rsvp	302
sabre	302
saleh	302
salons	302
sandbox	302
sato	302
saxons	302
scooters	302
sds	302
seagull	302
shag	302
shahid	302
sheryl	302
shifter	302
shit's	302
shoemaker	302
shortfall	302
shrugs	302
sichuan	302
sift	302
silo	302
sion	302
smacking	302
smothered	302
sneezing	302
snooping	302
socialization	302
sony's	302
soot	302
sopranos	302
soto	302
southport	302
sparingly	302
speck	302
spectacularly	302
spiced	302
ssc	302
sse	302
stoves	302
streep	302
stylus	302
subclass	302
submits	302
successively	302
suk	302
sumptuous	302
suture	302
sydney's	302
synaptic	302
tailgate	302
tenuous	302
thelma	302
threes	302
tobin	302
topographic	302
trafalgar	302
tranquility	302
transmits	302
trekking	302
tuscan	302
tutu	302
tzu	302
umbilical	302
unhinged	302
uninterested	302
usaf	302
uterine	302
vanishes	302
vapour	302
vas	302
veer	302
versace	302
warheads	302
waxing	302
weirder	302
weller	302
wheaton	302
whereupon	302
winfrey	302
winn	302
withdraws	302
wither	302
wk	302
wobble	302
yadav	302
yeon	302
yvette	302
zak	302
zed	302
abridged	301
absences	301
acacia	301
adorn	301
aggressor	301
agm	301
ambivalent	301
amethyst	301
amit	301
angling	301
anil	301
antennae	301
antimicrobial	301
anybody's	301
asia's	301
assassin's	301
atk	301
ats	301
babylonian	301
baines	301
baiting	301
barks	301
beasley	301
berserk	301
berwick	301
bickering	301
bishop's	301
bla	301
bobo	301
bovine	301
braids	301
braille	301
butchered	301
bypassing	301
cabot	301
candlelight	301
cannibalism	301
canoes	301
capricorn	301
captivated	301
catapult	301
cbn	301
ccs	301
cdr	301
censors	301
centro	301
cervix	301
cheery	301
chimneys	301
chit	301
chomsky	301
chrissy	301
clark's	301
clements	301
cleo	301
cog	301
cohorts	301
coloration	301
connective	301
cray	301
crayons	301
cronies	301
crusty	301
cumin	301
cutlery	301
dawes	301
decal	301
deciduous	301
degenerative	301
deloitte	301
delphi	301
detract	301
dialed	301
digested	301
diminishes	301
diplomas	301
dissection	301
dissimilar	301
dissuade	301
distillation	301
drab	301
dslr	301
dubs	301
ducked	301
dumfries	301
eeg	301
eggplant	301
ellington	301
engravings	301
enmity	301
epidemics	301
equipping	301
eucalyptus	301
eurasia	301
evaporate	301
execs	301
exhibitors	301
exo	301
exorbitant	301
expat	301
experimentally	301
expiring	301
eyelid	301
fainting	301
fecal	301
ferret	301
fertilizers	301
financier	301
fitter	301
flagrant	301
flapping	301
florist	301
foreplay	301
formatted	301
ftp	301
g's	301
gangsta	301
garb	301
garvey	301
gassed	301
gatorade	301
gentiles	301
gilles	301
glancing	301
glaucoma	301
glazing	301
goblins	301
googling	301
goosebumps	301
gov't	301
granular	301
greenish	301
grocer	301
groping	301
gtx	301
headless	301
healthiest	301
heineken	301
hemsworth	301
hibernation	301
hindrance	301
hollywood's	301
hula	301
humanity's	301
huxley	301
ills	301
immunization	301
implantation	301
impressing	301
inaccuracies	301
inanimate	301
inca	301
inexplicably	301
infield	301
inflate	301
innovator	301
intermission	301
iqbal	301
irreplaceable	301
kanji	301
kh	301
kilogram	301
kn	301
kombat	301
kpop	301
kush	301
landline	301
lashed	301
legislate	301
liberian	301
lingo	301
lohan	301
looping	301
macy	301
marlin	301
marsden	301
marsha	301
masterchef	301
matron	301
mayfair	301
mcallister	301
mcgowan	301
meaty	301
mifflin	301
mirroring	301
mistaking	301
moderators	301
momo	301
mouthful	301
mun	301
murdock	301
mustangs	301
mutton	301
myra	301
neill	301
neoliberal	301
nestled	301
neutrons	301
newbury	301
newell	301
nfl's	301
novelists	301
numeric	301
nunes	301
o'keefe	301
oars	301
oates	301
ohm	301
oneplus	301
oop	301
optimizing	301
orc	301
outfielder	301
outflow	301
outperform	301
overtaking	301
overtook	301
overture	301
parma	301
parr	301
parrots	301
passively	301
paulson	301
peddling	301
pepperoni	301
perforated	301
pes	301
piero	301
pitchfork	301
placid	301
pleistocene	301
pooping	301
pox	301
pretense	301
principled	301
progesterone	301
puritan	301
quart	301
quinoa	301
rabble	301
rafters	301
raisin	301
rationing	301
reappear	301
rearrange	301
recreating	301
redeemer	301
redeeming	301
refreshments	301
reissue	301
remade	301
repulsed	301
resistor	301
restructure	301
revolting	301
rhapsody	301
rhea	301
robby	301
robert's	301
rousseau	301
roux	301
ruddy	301
rune	301
sahib	301
salam	301
sandler	301
saucepan	301
scala	301
scarier	301
schism	301
scrubbed	301
seer	301
sepsis	301
seward	301
sharpening	301
sharpness	301
shelved	301
shh	301
shipper	301
shopped	301
shui	301
simon's	301
sketching	301
skew	301
skimming	301
skydiving	301
smitten	301
snappy	301
sneaker	301
snort	301
snowboard	301
solitaire	301
song's	301
sparing	301
spicer	301
spiegel	301
sportsmanship	301
sprinting	301
stakeholder	301
stanza	301
stipend	301
subsided	301
superannuation	301
surging	301
sweetened	301
sweetly	301
swims	301
swimwear	301
tamed	301
tampons	301
taunting	301
tec	301
tempe	301
tendons	301
terraced	301
testers	301
thrived	301
tickled	301
titty	301
toppings	301
traffickers	301
transcends	301
tropes	301
tsk	301
tumbled	301
twas	301
twitter's	301
typography	301
typos	301
tyrion	301
uhhh	301
ukulele	301
ump	301
unauthorised	301
uncensored	301
unforgivable	301
uninhabited	301
unsurprisingly	301
untenable	301
unwavering	301
uranus	301
usability	301
veritable	301
vices	301
voldemort	301
wanderer	301
warts	301
watchman	301
website's	301
whittaker	301
why's	301
wut	301
xander	301
xerox	301
xiaomi	301
yd	301
yeo	301
yeti	301
yoghurt	301
aac	300
abject	300
actionable	300
administers	300
aes	300
affective	300
afield	300
aldrich	300
aldridge	300
alienating	300
alight	300
amazement	300
amending	300
amg	300
aoc	300
apnea	300
appointees	300
armpit	300
arr	300
asl	300
austere	300
authoritarianism	300
awkwardness	300
bab	300
backer	300
backpacking	300
bagging	300
bailiff	300
banda	300
banked	300
barnsley	300
barricades	300
beamed	300
bell's	300
bergman	300
betrays	300
blinked	300
blissful	300
blister	300
blockage	300
blondes	300
bloodbath	300
bluffs	300
bmc	300
bnp	300
booms	300
bower	300
brah	300
bravest	300
brb	300
breasted	300
brookings	300
budgeted	300
bugger	300
buoy	300
bv	300
campaigner	300
capacitors	300
capes	300
carvings	300
cbt	300
celeb	300
cellars	300
cfl	300
chalice	300
chas	300
chichester	300
christophe	300
clippings	300
coll	300
colorectal	300
combing	300
commendation	300
compensating	300
condominiums	300
congratulating	300
consignment	300
contradicting	300
conundrum	300
corinne	300
coursework	300
coven	300
criminology	300
csu	300
czar	300
defendant's	300
depots	300
dials	300
diamondbacks	300
dianne	300
discounting	300
disorganized	300
disseminated	300
dissolves	300
dmc	300
doggie	300
domes	300
duchy	300
dumplings	300
earmarked	300
ecumenical	300
electrification	300
embedding	300
encased	300
endothelial	300
engel	300
episodic	300
epsom	300
eros	300
eskimo	300
eu's	300
ewan	300
expiry	300
extremity	300
fabregas	300
faithfulness	300
felonies	300
femur	300
ferrer	300
fluctuating	300
fong	300
fowl	300
foxy	300
franken	300
freckles	300
freelancer	300
fullerton	300
fundraisers	300
furs	300
gelatin	300
gestation	300
guangdong	300
guggenheim	300
guillotine	300
gull	300
gulls	300
gusto	300
halfback	300
handout	300
harbors	300
havens	300
headband	300
henning	300
heralded	300
heretic	300
hernia	300
hippy	300
hitachi	300
hummus	300
ideologically	300
indiscriminate	300
individualism	300
infernal	300
infrequently	300
instill	300
invalidate	300
isolates	300
jazzy	300
jehovah's	300
jeong	300
jerry's	300
jeter	300
joffrey	300
kenyon	300
kingpin	300
kiosk	300
klopp	300
lags	300
lawton	300
legalizing	300
lentils	300
leprosy	300
lh	300
lisp	300
liverpool's	300
locust	300
lombard	300
looney	300
lubbock	300
lui	300
magnifying	300
malaya	300
mallet	300
maloney	300
mather	300
medici	300
mes	300
metastatic	300
meteorites	300
mew	300
militarily	300
minced	300
mishap	300
moby	300
mojave	300
molasses	300
monographs	300
monolithic	300
motoring	300
mott	300
moulded	300
mystique	300
nanjing	300
narcotic	300
nda	300
nefarious	300
nepali	300
nite	300
nix	300
nola	300
normalize	300
nucleotide	300
nurseries	300
olympians	300
optimus	300
orcs	300
orkney	300
outbound	300
outbursts	300
outsourced	300
overalls	300
overpowered	300
overworked	300
padilla	300
pantomime	300
parker's	300
peacetime	300
pei	300
permian	300
peso	300
pierson	300
pilates	300
pita	300
pitting	300
plagues	300
playtime	300
pompeii	300
pompey	300
portage	300
positional	300
postcode	300
predicated	300
predictably	300
progeny	300
propagated	300
pushy	300
qualcomm	300
quell	300
racecourse	300
railings	300
rainwater	300
rebounding	300
reflector	300
regimental	300
rehabilitate	300
renounced	300
reorganized	300
replicas	300
reread	300
revisiting	300
revolved	300
rigorously	300
roderick	300
rogues	300
roost	300
roswell	300
routers	300
salim	300
salzburg	300
savory	300
scholes	300
scorpions	300
sdf	300
seaworld	300
segmented	300
semesters	300
shalom	300
shard	300
sieve	300
signatories	300
sill	300
silvery	300
silvio	300
singer's	300
sittin	300
smartwatch	300
snapper	300
snickers	300
soleil	300
soloist	300
somerville	300
soreness	300
southerners	300
sowing	300
sphinx	300
spore	300
stances	300
starfish	300
stifle	300
sturridge	300
succulent	300
superbly	300
supercar	300
superfluous	300
surged	300
surpasses	300
swain	300
swarming	300
sxsw	300
synchronous	300
tania	300
tasteful	300
telemetry	300
templeton	300
tenet	300
testifies	300
theologian	300
tiled	300
togo	300
tolstoy	300
tots	300
transcendental	300
transformational	300
translational	300
travesty	300
tricking	300
tunis	300
uncomfortably	300
undiscovered	300
unisex	300
upi	300
vane	300
vegetarians	300
vengeful	300
vials	300
weavers	300
westside	300
whatnot	300
whiteness	300
wicker	300
wrinkled	300
wsj	300
wynne	300
yank	300
yaya	300
aback	299
accuser	299
adrenal	299
agonizing	299
aimee	299
alluding	299
aloof	299
amulet	299
annotations	299
anticipates	299
apologetic	299
apoptosis	299
aq	299
arcane	299
argo	299
aristocrat	299
arthur's	299
arty	299
assassinations	299
assays	299
astrid	299
astrophysics	299
atta	299
bader	299
baek	299
baku	299
bancroft	299
barbershop	299
batsmen	299
bbs	299
beal	299
beanie	299
behest	299
beit	299
benoit	299
bibi	299
biometric	299
blackened	299
blacklisted	299
blanca	299
bogged	299
boobies	299
bookkeeping	299
borden	299
braxton	299
bremen	299
brews	299
brixton	299
bronco	299
caesars	299
caitlyn	299
cajun	299
calvary	299
camaraderie	299
caravans	299
cascades	299
cask	299
catwalk	299
centimetres	299
chanted	299
christie's	299
classically	299
clermont	299
clog	299
clubbing	299
colonized	299
columbian	299
competencies	299
confiscation	299
congresses	299
conscription	299
conserving	299
convo	299
covenants	299
cranial	299
criminality	299
croix	299
cts	299
culprits	299
custer	299
cyberspace	299
d's	299
dao	299
dara	299
dbs	299
decapitated	299
detach	299
deterrence	299
deutsch	299
dielectric	299
dispensed	299
distanced	299
distasteful	299
dojo	299
dorms	299
dougie	299
dreading	299
droughts	299
druid	299
dud	299
duvet	299
eclipsed	299
eject	299
ell	299
emblems	299
endogenous	299
enforcer	299
ensembles	299
ephemeral	299
eponymous	299
erich	299
escorting	299
ethnographic	299
eurasian	299
examiners	299
extracurricular	299
faraway	299
fenway	299
fic	299
figurines	299
fittest	299
fleshy	299
flickering	299
fliers	299
fluctuate	299
fluttering	299
fontaine	299
footpath	299
fordham	299
forerunner	299
forgo	299
foxx	299
freer	299
frontage	299
frustrate	299
fryer	299
gaius	299
gar	299
garnett	299
ged	299
genomics	299
gingrich	299
goof	299
graced	299
grafton	299
grandad	299
grandmothers	299
greco	299
gunther	299
gurus	299
gustavo	299
hadith	299
hamburgers	299
hamlin	299
hangers	299
hannity	299
hardening	299
hippocampus	299
hoon	299
hoot	299
hoses	299
hostels	299
humanism	299
incarnate	299
incomparable	299
informer	299
infrequent	299
infringe	299
ingestion	299
inquiring	299
internment	299
interprets	299
janine	299
jap	299
jekyll	299
jim's	299
joni	299
jour	299
juggernaut	299
jungles	299
kalamazoo	299
kawhi	299
khartoum	299
kj	299
kushner	299
lackluster	299
langdon	299
largo	299
larva	299
laude	299
lausanne	299
layering	299
libertarians	299
lint	299
lira	299
livid	299
lobbies	299
loomis	299
loon	299
looser	299
lotte	299
lover's	299
lowland	299
luce	299
luckiest	299
luscious	299
luxe	299
magnified	299
mainframe	299
mama's	299
manger	299
manicure	299
mares	299
materialistic	299
materialize	299
matt's	299
maturation	299
maury	299
mckee	299
mckinnon	299
mcmanus	299
meditations	299
menzies	299
mica	299
millar	299
minerva	299
minted	299
minuscule	299
misspelled	299
mobil	299
moisturizer	299
molar	299
molestation	299
mong	299
montrose	299
mosley	299
motorsports	299
mush	299
narcissist	299
navigational	299
neolithic	299
nestle	299
normalization	299
nous	299
oahu	299
obsessing	299
oceania	299
offends	299
ola	299
onus	299
onyx	299
oppa	299
osteoporosis	299
othello	299
outfitted	299
outwards	299
paco	299
palazzo	299
panting	299
pawns	299
peering	299
perceptive	299
peri	299
perpetuating	299
phosphorylation	299
phuket	299
pianos	299
picker	299
poached	299
precautionary	299
precipitated	299
preside	299
primo	299
purportedly	299
ramona	299
rani	299
rayon	299
recessed	299
recklessly	299
redefined	299
reflux	299
regionally	299
reinhardt	299
reinstatement	299
relinquished	299
renovating	299
retriever	299
rigidity	299
ringtone	299
ritter	299
riveting	299
ronny	299
rosewood	299
sable	299
sars	299
scoops	299
scouring	299
sedative	299
senile	299
setter	299
sheesh	299
sher	299
shredding	299
shrouded	299
shuffled	299
sil	299
sips	299
sky's	299
sleigh	299
sliders	299
sliver	299
slush	299
smelt	299
softness	299
solidify	299
sora	299
sordid	299
soundtracks	299
soybeans	299
sportsmen	299
sprawl	299
springboard	299
squashed	299
squatting	299
stasis	299
stirs	299
stonewall	299
storied	299
streamers	299
sultry	299
sustenance	299
swamped	299
swivel	299
tait	299
tearful	299
teri	299
terminates	299
thier	299
thrashing	299
toolbox	299
toying	299
transsexual	299
tuff	299
twitching	299
underdeveloped	299
undisturbed	299
unhelpful	299
uninformed	299
unkind	299
unresponsive	299
unscathed	299
unsupported	299
utd	299
utica	299
utrecht	299
uzi	299
vert	299
vindicated	299
warlock	299
waterhouse	299
wayside	299
whig	299
whirlpool	299
whiskers	299
whitish	299
wholesalers	299
wickham	299
willows	299
wishlist	299
woulda	299
wrexham	299
xm	299
zealous	299
aberration	298
ade	298
aditya	298
ailment	298
airstrike	298
airwaves	298
alerting	298
alonzo	298
antoinette	298
apricot	298
arbiter	298
arbitrator	298
archangel	298
armand	298
arte	298
arundel	298
atari	298
athleticism	298
axles	298
babu	298
bailing	298
baptiste	298
baptists	298
baritone	298
bayley	298
bbb	298
benefitted	298
bestow	298
beverley	298
bezos	298
blistering	298
bloodline	298
bmx	298
booby	298
borderlands	298
breaching	298
brees	298
brice	298
britton	298
brom	298
bromley	298
broward	298
bryn	298
bucs	298
bull's	298
buoyant	298
bushy	298
bustle	298
calculators	298
calms	298
caloric	298
campbell's	298
captaincy	298
carbide	298
carmelo	298
carmine	298
caved	298
caverns	298
cca	298
cdt	298
chairmanship	298
chardonnay	298
checkmate	298
cheerfully	298
chou	298
clarissa	298
clem	298
clinician	298
clung	298
coals	298
cobain	298
coercive	298
collie	298
commenters	298
commercialization	298
conclusively	298
conduction	298
confided	298
conroy	298
constellations	298
consumerism	298
converters	298
convinces	298
copyrights	298
corporation's	298
cosmology	298
cranston	298
criss	298
crumbled	298
curtail	298
daca	298
dakar	298
daydream	298
deafening	298
debuting	298
dedicating	298
detonate	298
dined	298
disarmed	298
disordered	298
divorcing	298
docker	298
docket	298
drifts	298
dy	298
earphones	298
edmunds	298
electrified	298
electrolytes	298
enchantment	298
endures	298
equated	298
esteban	298
expedited	298
experiential	298
faceless	298
factored	298
fascia	298
fasten	298
fatherland	298
fatigued	298
feasts	298
federalism	298
fey	298
figuratively	298
fizz	298
flatten	298
flopped	298
foiled	298
fonda	298
forester	298
fragility	298
frick	298
frigid	298
gallipoli	298
gasket	298
gemstone	298
ginny	298
goaltender	298
gonzaga	298
goodbyes	298
gory	298
granola	298
graphically	298
gre	298
groot	298
gushing	298
habitation	298
habs	298
hamilton's	298
hatchback	298
hawley	298
heirloom	298
hoisted	298
homing	298
hough	298
huntsman	298
hustler	298
hypothermia	298
img	298
impatience	298
indiscriminately	298
inquisitive	298
instructive	298
instructs	298
interlocking	298
introspection	298
invader	298
jaffa	298
jamestown	298
janata	298
jansen	298
jeffries	298
jocelyn	298
kamala	298
kari	298
kernels	298
khrushchev	298
kingdom's	298
kirsty	298
kors	298
lagged	298
lala	298
lancelot	298
lard	298
leblanc	298
leeway	298
lehmann	298
lexical	298
ley	298
lille	298
lob	298
lobsters	298
locale	298
loosened	298
ludlow	298
lutz	298
mademoiselle	298
maia	298
manifesting	298
martha's	298
maserati	298
matheson	298
mcu	298
memos	298
mena	298
menswear	298
meritorious	298
methadone	298
methanol	298
millet	298
misogynistic	298
misrepresentation	298
mistreatment	298
mitigated	298
moa	298
mocha	298
mockingbird	298
moriarty	298
motown	298
nagasaki	298
name's	298
nea	298
negate	298
networked	298
nn	298
nomads	298
nonsensical	298
noor	298
noose	298
nordstrom	298
northrop	298
obstructed	298
offshoot	298
ointment	298
onscreen	298
onshore	298
ori	298
orthogonal	298
oss	298
ottomans	298
outnumber	298
outposts	298
overkill	298
overpowering	298
ovulation	298
pairings	298
paladin	298
parse	298
pegs	298
penises	298
perpetuated	298
petri	298
phasing	298
phnom	298
phrasing	298
pledging	298
pollination	298
pooled	298
postpartum	298
potions	298
pretzel	298
profusely	298
proletariat	298
promulgated	298
psu	298
puget	298
punctuated	298
punctured	298
punks	298
quadratic	298
raspberries	298
rebekah	298
recoup	298
rediscovered	298
remover	298
repelled	298
repertory	298
replicating	298
restructured	298
rhett	298
riddles	298
riga	298
roddy	298
rohit	298
rousing	298
roving	298
saas	298
sagan	298
sandman	298
sarah's	298
sass	298
savor	298
schofield	298
schoolteacher	298
schwab	298
seattle's	298
senatorial	298
sexting	298
shankar	298
shimmer	298
shingle	298
shoplifting	298
simplification	298
simulating	298
sindh	298
sls	298
snatching	298
snooze	298
spasms	298
srs	298
staked	298
stillness	298
strikeouts	298
structuring	298
stupidly	298
subculture	298
substitutions	298
suitor	298
suitors	298
supposing	298
supt	298
taint	298
tantrums	298
tarp	298
tarts	298
terrell	298
thea	298
thiago	298
thoroughbred	298
tiara	298
totality	298
tranny	298
tremors	298
tupac	298
tyrants	298
ugliest	298
ugliness	298
unaccompanied	298
uncontrollably	298
underline	298
unduly	298
unincorporated	298
unsatisfied	298
venturing	298
victors	298
vikram	298
vimeo	298
vindictive	298
vinny	298
visor	298
volta	298
walrus	298
water's	298
wayne's	298
weighting	298
werewolves	298
william's	298
withers	298
wrongfully	298
yanked	298
abercrombie	297
abhorrent	297
accelerates	297
acton	297
album's	297
alder	297
allowable	297
ame	297
amex	297
amicable	297
amortization	297
anaconda	297
anaerobic	297
anchoring	297
ange	297
anglers	297
aniston	297
annihilated	297
antisemitic	297
antonia	297
arg	297
asc	297
ashford	297
ashraf	297
atrophy	297
aung	297
aviator	297
avoidable	297
ayr	297
bales	297
baring	297
baum	297
bebe	297
behemoth	297
benfica	297
bhp	297
bib	297
bieber's	297
blackwood	297
blip	297
blount	297
bolshevik	297
bossy	297
bottleneck	297
bradbury	297
brandi	297
brenner	297
broadest	297
buccaneers	297
bumble	297
cabo	297
californians	297
callie	297
cambrian	297
camelot	297
camry	297
caribou	297
carnal	297
caro	297
carpentry	297
cataract	297
caterpillars	297
caustic	297
censoring	297
centrifugal	297
cfb	297
chechnya	297
chelmsford	297
chimpanzees	297
chum	297
circadian	297
claremont	297
clarifies	297
cleansed	297
clemency	297
clots	297
codified	297
colds	297
collab	297
confederates	297
constables	297
constabulary	297
cook's	297
coordinators	297
corinth	297
coroner's	297
cote	297
crumb	297
ctr	297
cul	297
cushing	297
dames	297
darkly	297
davao	297
deactivate	297
deadlock	297
deathbed	297
deceitful	297
declan	297
deduce	297
deen	297
demented	297
denzel	297
devonshire	297
diddy	297
discernible	297
discharging	297
discourses	297
displace	297
displeased	297
dived	297
doge	297
dogged	297
dosing	297
drc	297
drury	297
duma	297
dylan's	297
dynasties	297
ej	297
elated	297
elegantly	297
ember	297
embroiled	297
emmys	297
encampment	297
entitlements	297
equalizer	297
ergo	297
erskine	297
erupt	297
eugenics	297
evading	297
evaluates	297
evict	297
executor	297
expended	297
extremities	297
exuberant	297
fables	297
facsimile	297
fanciful	297
faraday	297
farting	297
feinstein	297
felons	297
ferrell	297
fez	297
fha	297
fillet	297
firmer	297
formaldehyde	297
fractal	297
franck	297
frida	297
fulfilment	297
fumbled	297
gaa	297
garter	297
gbp	297
gels	297
gentleman's	297
gerhard	297
gibberish	297
gifford	297
gifting	297
ginsburg	297
gleam	297
goff	297
goode	297
gordon's	297
goss	297
gower	297
grandiose	297
growling	297
guerra	297
gummy	297
hag	297
handel	297
harmonica	297
hasbro	297
headlight	297
headsets	297
hera	297
hobson	297
housemate	297
hsu	297
humphreys	297
huston	297
icarus	297
idiom	297
iec	297
impersonating	297
impossibly	297
impressively	297
indulged	297
inexperience	297
inferiority	297
infuriated	297
inquired	297
inquirer	297
instilled	297
intently	297
intents	297
intoxicating	297
iota	297
jaded	297
jihadists	297
jn	297
jovi	297
juju	297
kaepernick	297
kafka	297
kate's	297
keyes	297
koo	297
labored	297
lambeth	297
landslides	297
leno	297
lightness	297
liquidated	297
lovell	297
lubrication	297
lunatics	297
lustre	297
maddy	297
mako	297
mandalay	297
mauricio	297
maxima	297
mcclellan	297
mcculloch	297
mehta	297
methamphetamine	297
mex	297
midas	297
mine's	297
mobilizing	297
modernisation	297
modernized	297
modi's	297
mongol	297
mortified	297
moshe	297
motionless	297
mpa	297
msn	297
mullet	297
naga	297
natures	297
navigable	297
negotiators	297
niggers	297
nikola	297
nothingness	297
obe	297
odors	297
offensively	297
openers	297
orchestras	297
ores	297
oskar	297
ota	297
overjoyed	297
pacemaker	297
pagans	297
pallets	297
pandering	297
panty	297
paper's	297
paraphernalia	297
perl	297
pessimism	297
pete's	297
petrie	297
petrochemical	297
plums	297
polyethylene	297
pooch	297
pooling	297
poppins	297
popularized	297
posterity	297
posthumous	297
pounce	297
pragmatism	297
projectors	297
proprietors	297
protestantism	297
qs	297
quan	297
quantified	297
receding	297
recognisable	297
recombination	297
recounting	297
rehabilitated	297
rejoicing	297
repayments	297
reprehensible	297
republished	297
resentful	297
rewatch	297
rhonda	297
rhubarb	297
riverdale	297
romanticism	297
rutland	297
ry	297
salesmen	297
sapiens	297
savers	297
scammed	297
scathing	297
scour	297
seagulls	297
serviceable	297
shanks	297
shearer	297
shimmering	297
shoals	297
shredder	297
shreveport	297
siamese	297
sienna	297
signifying	297
silvia	297
simplex	297
singaporean	297
sith	297
smokin	297
snorting	297
snows	297
sociable	297
socializing	297
soiled	297
soundly	297
speculations	297
sprinkling	297
ssi	297
standup	297
steve's	297
stifling	297
stl	297
strayed	297
stunted	297
suh	297
supremacists	297
swastika	297
symbolically	297
talkative	297
talon	297
teleport	297
tenths	297
tes	297
thoughtfully	297
thr	297
thrillers	297
thump	297
totalled	297
trombone	297
truer	297
tun	297
tyrannical	297
ug	297
underscore	297
unlocks	297
untill	297
unusable	297
uprisings	297
valdez	297
vandals	297
varanasi	297
vented	297
ventilator	297
vertebrate	297
violets	297
waite	297
warehousing	297
warlords	297
watermark	297
waverly	297
weathering	297
webcast	297
wellesley	297
westport	297
wielded	297
winona	297
yahweh	297
yearn	297
yolanda	297
yonder	297
zionists	297
ababa	296
abandons	296
admires	296
affirms	296
afghans	296
agro	296
airtime	296
aldi	296
alibaba	296
alice's	296
allocating	296
altman	296
ano	296
antithesis	296
arable	296
archetype	296
argyle	296
aristocrats	296
arlene	296
armin	296
arun	296
ashby	296
assyrian	296
ath	296
atrial	296
auditioning	296
avatars	296
avenged	296
awesomeness	296
ayn	296
bambi	296
bautista	296
bengaluru	296
bereavement	296
bertram	296
bikinis	296
bionic	296
blurring	296
boardroom	296
bobcats	296
bok	296
bondi	296
bonner	296
bottomless	296
bpm	296
brando	296
breakfasts	296
bsa	296
buena	296
bunches	296
burundi	296
caa	296
caddy	296
cade	296
caledonian	296
cautions	296
cee	296
cellphones	296
cetera	296
chandigarh	296
charted	296
chasm	296
chevalier	296
chimpanzee	296
chisel	296
choirs	296
cinder	296
cirque	296
citizen's	296
coax	296
coincidences	296
commences	296
commenter	296
communicator	296
complies	296
comprehensively	296
condor	296
confectionery	296
confrontations	296
contented	296
coverings	296
crabtree	296
crass	296
crewe	296
cuddles	296
cull	296
culver	296
cymru	296
cz	296
dac	296
deference	296
delirium	296
deportations	296
descartes	296
devoting	296
diabolical	296
dilated	296
disarray	296
disinformation	296
disintegrated	296
dismayed	296
disregarding	296
dolby	296
dude's	296
ebert	296
edwardian	296
elector	296
eloquently	296
emojis	296
expendable	296
factoring	296
falkirk	296
falklands	296
fantastical	296
farmington	296
fennel	296
fetching	296
fieldwork	296
filipina	296
firework	296
firsts	296
flattery	296
fleur	296
foolishly	296
foreseen	296
forgives	296
forked	296
formulating	296
fracturing	296
freedman	296
frisbee	296
futility	296
gaal	296
gabi	296
geiger	296
geraldine	296
grantham	296
greenpeace	296
gruber	296
hamlets	296
handover	296
hardin	296
hedging	296
helens	296
heroines	296
herzog	296
hexagonal	296
hipsters	296
hiro	296
hospitable	296
hummingbird	296
ight	296
impactful	296
impasse	296
impotence	296
increment	296
incursions	296
inescapable	296
infecting	296
intermediaries	296
invertebrates	296
ipc	296
jama	296
jester	296
jihadist	296
jockeys	296
juxtaposition	296
kashmiri	296
kaya	296
kazakh	296
keene	296
kinect	296
kites	296
kline	296
kofi	296
kok	296
kong's	296
lesnar	296
ligue	296
likable	296
limping	296
lineups	296
lloyds	296
luisa	296
luster	296
luthor	296
madeira	296
maduro	296
mais	296
majoring	296
majorities	296
marcy	296
maris	296
maw	296
mbc	296
mcclure	296
mcg	296
melatonin	296
mesmerizing	296
metaphorically	296
millwall	296
mindanao	296
misread	296
misrepresented	296
mme	296
modulated	296
mousse	296
nai	296
naught	296
ncr	296
necessitated	296
nitrous	296
northamptonshire	296
obstructive	296
occupiers	296
odell	296
odour	296
oliver's	296
ord	296
oreo	296
orientated	296
oscillation	296
oscillator	296
outrun	296
ov	296
overpass	296
pampered	296
paprika	296
patagonia	296
pathogenic	296
peeking	296
persevere	296
pfeiffer	296
pfft	296
piped	296
pisces	296
plasticity	296
playfully	296
polymerase	296
practicality	296
prawns	296
precedents	296
prerequisites	296
pretzels	296
proclaims	296
procrastination	296
profane	296
profiting	296
prospecting	296
prune	296
pte	296
putative	296
pyjamas	296
quirks	296
racine	296
radiate	296
raton	296
ray's	296
reaping	296
rectum	296
refrigerators	296
regressive	296
regrettable	296
reprise	296
restorative	296
rfc	296
rhyming	296
rigby	296
rojo	296
rumbling	296
salinity	296
samsung's	296
sandusky	296
scolded	296
scrooge	296
seb	296
sena	296
serials	296
shakira	296
shep	296
shipyards	296
shovels	296
silt	296
sisterhood	296
sketched	296
slr	296
sma	296
smuggler	296
snape	296
snob	296
sodomy	296
soe	296
soldering	296
solubility	296
somers	296
sonnet	296
spacey	296
spalding	296
spectrometry	296
spurious	296
stephen's	296
strat	296
subgroups	296
substandard	296
sugarcane	296
sundown	296
suspecting	296
swingers	296
swiping	296
synths	296
takeaways	296
talker	296
talmud	296
taunt	296
taunts	296
tensile	296
tether	296
thayer	296
thundering	296
tightness	296
tinkering	296
todo	296
toothless	296
trayvon	296
troubleshooting	296
truffles	296
turkmenistan	296
turntable	296
tuttle	296
underdogs	296
understandings	296
undressed	296
unknowns	296
uruguayan	296
usaid	296
utilise	296
valhalla	296
validating	296
vasquez	296
vermin	296
vertebrates	296
vertices	296
voltages	296
wack	296
wardens	296
weaves	296
weirdos	296
wentz	296
westinghouse	296
what'd	296
whirl	296
widget	296
wineries	296
witt	296
woodbridge	296
workman	296
wright's	296
x's	296
ypg	296
zap	296
zucchini	296
aborigines	295
abreast	295
absurdly	295
abv	295
ach	295
activision	295
adage	295
aguilera	295
airtight	295
albans	295
all's	295
altruistic	295
amalgamated	295
amorphous	295
annulled	295
anthems	295
antioxidants	295
antlers	295
anu	295
aquaman	295
argh	295
armaments	295
arroyo	295
atms	295
audacious	295
audubon	295
aur	295
auth	295
balboa	295
battleships	295
bayesian	295
befriended	295
beheading	295
bff	295
blaring	295
bolder	295
bookies	295
boolean	295
bourke	295
boyer	295
brash	295
breads	295
brookfield	295
bumpers	295
buoyancy	295
burglars	295
businesswoman	295
buttermilk	295
bypassed	295
cai	295
caledonia	295
camila	295
campaigners	295
canisters	295
captioned	295
captors	295
cassius	295
cautionary	295
cayenne	295
centering	295
chef's	295
chez	295
chimp	295
chromatography	295
classifying	295
cleary	295
clitoris	295
coincidental	295
colliding	295
colliery	295
consonants	295
constituting	295
corcoran	295
coriander	295
couches	295
critters	295
croc	295
crucially	295
cruelly	295
daleks	295
damnation	295
darfur	295
dave's	295
debtors	295
debunked	295
decorator	295
deletes	295
delgado	295
delirious	295
denser	295
deo	295
dependents	295
deriving	295
detractors	295
dhoni	295
didi	295
differentiating	295
disconcerting	295
disingenuous	295
dissipate	295
dn	295
dooley	295
doran	295
dreamworks	295
dressings	295
dunedin	295
easterly	295
edema	295
edmonds	295
elapsed	295
ellsworth	295
empowers	295
encode	295
enrico	295
enterprising	295
eriksen	295
erupts	295
ets	295
exacting	295
expectant	295
exponent	295
extravaganza	295
faisal	295
falcao	295
falco	295
farr	295
fcs	295
filaments	295
findlay	295
finishers	295
flack	295
foaming	295
forma	295
forman	295
freebies	295
frye	295
fuming	295
fung	295
galen	295
ganesh	295
garza	295
geriatric	295
gleaned	295
globalisation	295
goddammit	295
goddamned	295
goodluck	295
grasslands	295
gray's	295
guidebook	295
hall's	295
halved	295
hardline	295
haves	295
hel	295
herding	295
hereinafter	295
hiked	295
hindustan	295
hiram	295
historia	295
hoes	295
holman	295
honk	295
hotspots	295
houston's	295
hungover	295
hur	295
hwa	295
iam	295
importers	295
impure	295
incheon	295
incursion	295
inexcusable	295
influencer	295
inhibitory	295
installs	295
integrative	295
intl	295
inuit	295
invisibility	295
jermaine	295
jiu	295
keats	295
kilmarnock	295
kimono	295
kmart	295
knickers	295
kuhn	295
langston	295
leiden	295
lessened	295
liege	295
lightest	295
lightsaber	295
limbaugh	295
lingers	295
lipids	295
llama	295
looped	295
loosening	295
loudspeaker	295
lowe's	295
lynda	295
macfarlane	295
macron	295
marisa	295
marketer	295
marko	295
mascots	295
mcfadden	295
mcnally	295
mcneil	295
mcs	295
mediators	295
minster	295
mongering	295
monotonous	295
morbidity	295
motherwell	295
multipurpose	295
muscat	295
muttering	295
naturalized	295
navel	295
neanderthal	295
newbies	295
nippon	295
nitric	295
northerly	295
o'rourke	295
o's	295
obsidian	295
ocean's	295
oe	295
overlaps	295
paging	295
palettes	295
parliamentarians	295
parnell	295
payed	295
pda	295
penang	295
penrith	295
pent	295
perky	295
phishing	295
plundered	295
pocahontas	295
polarizing	295
pomp	295
popper	295
priestess	295
prohibitive	295
prosecutor's	295
psd	295
quakers	295
quarantined	295
quotient	295
rac	295
rajiv	295
raking	295
rami	295
realtors	295
rebelled	295
redefining	295
redness	295
reelected	295
resonated	295
retelling	295
reuniting	295
rios	295
roh	295
romanians	295
saba	295
sabbatical	295
sabotaging	295
sachin	295
sadder	295
sailboat	295
salaried	295
salmond	295
sancho	295
sansa	295
satan's	295
saws	295
saxony	295
scallops	295
scammer	295
schubert	295
scottie	295
searing	295
secreted	295
sedation	295
sexier	295
shamelessly	295
shih	295
shithole	295
shivers	295
siena	295
sleepover	295
slingshot	295
slurry	295
smarts	295
sosa	295
sown	295
spc	295
spf	295
spitfire	295
sprinkles	295
src	295
stashed	295
steampunk	295
steed	295
stewart's	295
stfu	295
stints	295
store's	295
strongholds	295
stumped	295
stutter	295
subspecies	295
subvert	295
sunburn	295
suny	295
supplementation	295
swerve	295
tampered	295
tarnished	295
taunton	295
termites	295
testicular	295
thompson's	295
tiller	295
tooling	295
topological	295
topple	295
transcendent	295
trapper	295
trickery	295
triton	295
trucker	295
truckers	295
tulips	295
turban	295
turner's	295
tusk	295
ubisoft	295
undertakes	295
unending	295
unforgiving	295
uninstall	295
unplug	295
unproven	295
usain	295
vac	295
valium	295
vcr	295
ven	295
wanker	295
watchmen	295
wba	295
whitfield	295
willem	295
wl	295
wrigley	295
xy	295
yarmouth	295
yolo	295
zagreb	295
zlatan	295
acp	294
actor's	294
adrienne	294
aff	294
affixed	294
aguilar	294
airbags	294
albright	294
alkali	294
allusion	294
almeida	294
altruism	294
ambience	294
amphibians	294
andover	294
annabelle	294
anomalous	294
anson	294
antioxidant	294
apk	294
armitage	294
asos	294
assemblage	294
astm	294
astor	294
astounded	294
auld	294
austrians	294
autocorrect	294
baht	294
barrington	294
barry's	294
bec	294
benito	294
bev	294
bevan	294
birdman	294
birthing	294
bobs	294
boehner	294
boggs	294
bosh	294
boss's	294
bowden	294
boycotted	294
brandenburg	294
bride's	294
bulgarians	294
bureaus	294
burritos	294
butthole	294
campos	294
carcasses	294
caress	294
carolina's	294
catchphrase	294
censure	294
channeled	294
charlene	294
charlotte's	294
chewy	294
childlike	294
chopin	294
cleanest	294
cleft	294
clump	294
cluttered	294
cmos	294
cnc	294
combos	294
communicative	294
complicating	294
conceivably	294
concussions	294
connotation	294
constitutionality	294
coughed	294
cra	294
creeper	294
cultivars	294
customizable	294
cuthbert	294
damper	294
dc's	294
deduced	294
deepwater	294
deja	294
dep	294
dependant	294
depository	294
deuce	294
diagonally	294
dickie	294
disapproved	294
disqualify	294
dnd	294
doh	294
dona	294
donates	294
donegal	294
doorways	294
doped	294
doritos	294
dram	294
dsp	294
earner	294
edc	294
efl	294
electrostatic	294
embed	294
empathetic	294
emulator	294
encompassed	294
enlisting	294
enlistment	294
entrant	294
envoys	294
ephesians	294
eraser	294
etymology	294
evidences	294
exasperated	294
excalibur	294
exorcist	294
faceted	294
faggots	294
fags	294
fayette	294
federated	294
fgm	294
fibrous	294
fiddling	294
fitbit	294
fixated	294
francisco's	294
freya	294
friars	294
frisco	294
galatasaray	294
gasped	294
gaussian	294
gaye	294
gdr	294
gea	294
geeky	294
goings	294
gove	294
gratis	294
gratuitous	294
gud	294
guiana	294
haggard	294
headings	294
headliner	294
herod	294
home's	294
honeycomb	294
hooligans	294
hopelessness	294
horus	294
householder	294
href	294
hubris	294
hurrah	294
hutchison	294
hysterically	294
ias	294
idealized	294
idiosyncratic	294
ignatius	294
immerse	294
immortals	294
impassioned	294
indemnity	294
indira	294
installer	294
interoperability	294
jas	294
jitsu	294
juliana	294
juve	294
kampala	294
kasich	294
katniss	294
kelso	294
kiddie	294
kindest	294
labourer	294
langford	294
lapsed	294
lasalle	294
latitudes	294
lia	294
lili	294
lilith	294
livermore	294
lk	294
lures	294
mackey	294
mailer	294
malfunctioning	294
manfred	294
mangled	294
marxists	294
mausoleum	294
mccullough	294
melodramatic	294
mesopotamia	294
messaged	294
metallurgy	294
misc	294
mlk	294
mohan	294
mugged	294
mull	294
mushy	294
nauru	294
nepalese	294
newsletters	294
nixon's	294
novices	294
now's	294
nsc	294
nursed	294
ocular	294
old's	294
ontology	294
opm	294
oratory	294
orbiter	294
origami	294
orthopaedic	294
oust	294
ovary	294
oxides	294
palma	294
paradoxically	294
pcp	294
pena	294
perceives	294
petro	294
pewdiepie	294
phipps	294
picturing	294
pituitary	294
plumage	294
poachers	294
poof	294
possum	294
potted	294
premeditated	294
preset	294
profess	294
proportionally	294
purging	294
raiser	294
randle	294
ratify	294
rbc	294
rearranged	294
reassigned	294
recast	294
recombinant	294
refreshment	294
rehearse	294
remakes	294
repellent	294
reproach	294
repurchase	294
rescuers	294
resins	294
retractable	294
retroactively	294
retweeted	294
reunions	294
ronda	294
rosberg	294
runny	294
ruskin	294
rwandan	294
saad	294
saddled	294
saith	294
sander	294
sarcastically	294
scepticism	294
scorecard	294
scrutinized	294
scumbags	294
seabed	294
seamen	294
sed	294
senna	294
seok	294
serenade	294
shazam	294
sideshow	294
silos	294
simba	294
skimmed	294
skirmishes	294
slaughterhouse	294
slideshow	294
smurfs	294
sociologists	294
sonja	294
sparrows	294
speculators	294
splurge	294
spotty	294
springing	294
stabilizer	294
stereotyping	294
stimulants	294
struts	294
subconsciously	294
sufferer	294
suppressor	294
sycamore	294
synthesize	294
tabled	294
tacit	294
taggart	294
takeout	294
tangerine	294
taro	294
teeming	294
terrors	294
tethered	294
thefts	294
thrusting	294
tilly	294
tonnage	294
torrents	294
totes	294
tut	294
typhoid	294
tyrell	294
ub	294
ucf	294
unclaimed	294
underwhelming	294
unofficially	294
unopened	294
untapped	294
upholstery	294
valle	294
vehicle's	294
veracity	294
verifiable	294
vide	294
viscous	294
vitally	294
vixen	294
wank	294
waugh	294
waverley	294
wbc	294
weil	294
whatcha	294
whims	294
whitey	294
wilshere	294
windfall	294
woolwich	294
workday	294
wreak	294
wta	294
xviii	294
yap	294
yous	294
zayn	294
abbie	293
ablaze	293
adriatic	293
aegean	293
aerodynamics	293
agra	293
ahhhh	293
amiss	293
amphetamine	293
amputated	293
amr	293
anaesthetic	293
analogies	293
andy's	293
animal's	293
animator	293
anno	293
antidepressant	293
aqueduct	293
archeological	293
aruba	293
assed	293
assesses	293
attributing	293
audiovisual	293
authenticated	293
awry	293
barnaby	293
barrymore	293
bask	293
befriend	293
bellingham	293
belo	293
bilbao	293
blake's	293
bobbi	293
bogart	293
bragged	293
brainwashing	293
breen	293
bribing	293
bristles	293
broome	293
bueno	293
busier	293
caesar's	293
camino	293
captained	293
centralised	293
chilton	293
chiropractic	293
chopsticks	293
chp	293
citizenry	293
claudius	293
clumps	293
cocked	293
colloquial	293
combed	293
commas	293
confidant	293
config	293
confiscate	293
consecutively	293
controllable	293
conversing	293
cooley	293
coolidge	293
copped	293
cornea	293
cramer	293
crichton	293
crumpled	293
cuter	293
daimler	293
dcs	293
decompression	293
deflation	293
demeaning	293
dengue	293
denials	293
denominational	293
dermatology	293
detachable	293
deterministic	293
deux	293
devotee	293
dictating	293
diggers	293
dimes	293
directv	293
disfigured	293
disguises	293
disprove	293
disrespected	293
divulge	293
docile	293
doctrinal	293
dogmatic	293
dominica	293
doubleday	293
downton	293
droves	293
drunks	293
dryness	293
duterte	293
dyeing	293
eases	293
echelon	293
edifice	293
edu	293
ehh	293
ela	293
embossed	293
emt	293
encircled	293
endpoint	293
englewood	293
enid	293
entailed	293
ethyl	293
evanston	293
everglades	293
excels	293
expatriate	293
expats	293
expertly	293
facelift	293
fairway	293
fanboy	293
fao	293
farrow	293
fawcett	293
felton	293
fireplaces	293
fishers	293
fitzroy	293
flamenco	293
floored	293
flustered	293
follicles	293
folsom	293
formalities	293
franciscan	293
friendliness	293
gael	293
gagging	293
galloping	293
gaseous	293
geller	293
gio	293
gita	293
glows	293
goulding	293
gradients	293
grads	293
grits	293
groans	293
grosvenor	293
grueling	293
guardianship	293
gulp	293
gv	293
gypsum	293
hangin	293
hao	293
harbaugh	293
harbours	293
hasten	293
hauser	293
heady	293
healers	293
herbie	293
hindering	293
hiroshi	293
hmmmm	293
homesick	293
homme	293
hos	293
hotly	293
huber	293
humanly	293
hurd	293
husbandry	293
hushed	293
hyperbole	293
hypothetically	293
ibuprofen	293
identifiers	293
idly	293
imho	293
immigrated	293
immobile	293
impair	293
indycar	293
ipcc	293
irradiated	293
isaacs	293
jacob's	293
jerked	293
jpg	293
jugs	293
karla	293
kharkiv	293
kinetics	293
kipling	293
knapp	293
lawler	293
layla	293
layman	293
layton	293
layup	293
leona	293
libra	293
library's	293
lifes	293
line's	293
luciano	293
macabre	293
macaulay	293
mackie	293
mackintosh	293
magdalene	293
magnification	293
maki	293
manziel	293
marshall's	293
mbe	293
mcdaniel	293
medicated	293
memento	293
midwifery	293
milieu	293
mistresses	293
miz	293
mms	293
modus	293
monsignor	293
moonshine	293
msa	293
msi	293
multitasking	293
mutt	293
myocardial	293
mysore	293
nachos	293
nani	293
nao	293
narnia	293
naturalistic	293
nepotism	293
ngl	293
normality	293
oblong	293
olly	293
ooooh	293
operatic	293
ophthalmology	293
oppenheimer	293
orca	293
osage	293
osman	293
overcomes	293
overseer	293
overstated	293
paddling	293
painstaking	293
pall	293
panelists	293
panzer	293
parodies	293
patchy	293
paychecks	293
pecan	293
penh	293
perceptual	293
pereira	293
photoshoot	293
pimples	293
pings	293
pinocchio	293
pips	293
pique	293
plo	293
plowed	293
politeness	293
pomegranate	293
ponzi	293
porters	293
potholes	293
ppi	293
pregame	293
promiscuous	293
proudest	293
psychopaths	293
pugh	293
punta	293
pusher	293
quixote	293
rangoon	293
raza	293
rbis	293
reagan's	293
rebranded	293
refueling	293
reprimanded	293
reproductions	293
resell	293
reserving	293
resuscitation	293
revocation	293
richland	293
roadblocks	293
rosalind	293
russell's	293
rusted	293
sacraments	293
sagging	293
sant	293
santa's	293
sardines	293
sardinia	293
scalable	293
scalar	293
scalia	293
schaefer	293
schoolchildren	293
schwarz	293
scrapbook	293
selby	293
selectors	293
semiconductors	293
sensibly	293
sensitivities	293
separator	293
sequestration	293
sheraton	293
shoal	293
sigmund	293
sledgehammer	293
sleeved	293
smartly	293
smite	293
smt	293
sniping	293
socal	293
solicited	293
somatic	293
southside	293
splendour	293
ssl	293
stearns	293
steeply	293
stingray	293
stonehenge	293
storm's	293
straightening	293
subcontinent	293
subsets	293
subsidize	293
substation	293
sufferings	293
swarms	293
symbiotic	293
tantamount	293
target's	293
tasha	293
teaspoons	293
tetris	293
therese	293
thereto	293
thermodynamic	293
thoreau	293
thorny	293
thurman	293
tickling	293
tortillas	293
tosses	293
traversed	293
trifle	293
trixie	293
twine	293
twink	293
tyler's	293
uav	293
uci	293
unfulfilled	293
unjustly	293
unoccupied	293
venous	293
ventricular	293
viciously	293
videogame	293
vincenzo	293
vindication	293
vinnie	293
violins	293
vishnu	293
vive	293
voila	293
voip	293
wadsworth	293
watercolour	293
wedded	293
weymouth	293
whelan	293
whiter	293
wickedness	293
wilshire	293
woodson	293
worksheet	293
wrappers	293
wylie	293
wyndham	293
xxi	293
xxiii	293
yarns	293
abysmal	292
addams	292
adores	292
aman	292
amar	292
angelou	292
antigens	292
aorta	292
apostasy	292
aram	292
argyll	292
artistically	292
ascii	292
asda	292
ashram	292
attentions	292
aust	292
avocados	292
aya	292
ayatollah	292
baa	292
batista	292
battlefields	292
beowulf	292
beret	292
bharatiya	292
bleu	292
bloomsbury	292
bogey	292
bol	292
bolsheviks	292
bookshelf	292
boron	292
bpa	292
brainstorming	292
brigitte	292
bronchitis	292
brotherly	292
buffering	292
bugle	292
bumblebee	292
burch	292
buren	292
busters	292
butters	292
buxton	292
c's	292
caf	292
callaghan	292
calum	292
canvases	292
capone	292
carboniferous	292
casings	292
catchers	292
catechism	292
categorize	292
cathedrals	292
causality	292
cern	292
cesare	292
chandeliers	292
chaney	292
chatty	292
chokes	292
christened	292
chug	292
churchyard	292
clapper	292
clarion	292
coffers	292
cognac	292
cole's	292
colette	292
combatant	292
commie	292
compels	292
compilations	292
concealer	292
concealment	292
concentric	292
conceptually	292
confine	292
congregate	292
congresswoman	292
constructor	292
coolers	292
copycat	292
corroborate	292
corroborated	292
coulda	292
cred	292
cur	292
curd	292
cursory	292
dangle	292
daniela	292
dario	292
ddos	292
dearth	292
delilah	292
delinquency	292
denominated	292
deutschland	292
dez	292
dick's	292
disservice	292
distaste	292
dost	292
dribbling	292
dryden	292
durango	292
dwindled	292
edie	292
een	292
ejaculation	292
enveloped	292
environmentalist	292
epileptic	292
erasure	292
errol	292
este	292
euphemism	292
exacerbate	292
exemplifies	292
exonerated	292
exquisitely	292
extinguisher	292
facilitation	292
falsehood	292
falsified	292
fantasia	292
favourably	292
fellaini	292
fertilized	292
firefighting	292
firestorm	292
flange	292
flaunt	292
flawlessly	292
flier	292
flinch	292
florentine	292
fontana	292
force's	292
forefathers	292
frankel	292
freehold	292
freeport	292
frisk	292
fta	292
fulfills	292
fundamentalism	292
gables	292
gabon	292
gad	292
galapagos	292
ganges	292
garmin	292
gasps	292
gaz	292
girth	292
goalscorer	292
godmother	292
goodell	292
gothenburg	292
governorship	292
graf	292
grunts	292
guadalupe	292
guatemalan	292
guillaume	292
guzman	292
hallmarks	292
haq	292
hardwick	292
harrogate	292
hellish	292
hemoglobin	292
hermitage	292
heyman	292
hierarchies	292
histoire	292
honeywell	292
hooves	292
hourglass	292
hungarians	292
hygienic	292
idiocy	292
imitated	292
impersonal	292
impregnated	292
incontinence	292
ine	292
inhaler	292
injures	292
intersex	292
intricacies	292
ironed	292
jacuzzi	292
kenya's	292
kohler	292
lacquer	292
lakeland	292
laments	292
langer	292
lapses	292
lbj	292
ldl	292
levelling	292
linemen	292
lipsticks	292
liquefied	292
livestream	292
loaves	292
macgregor	292
madhya	292
maidens	292
malevolent	292
manchuria	292
mano	292
martyred	292
masterclass	292
matchups	292
mated	292
matrimony	292
matures	292
mechanized	292
mending	292
mercilessly	292
meteorologist	292
microprocessor	292
midweek	292
minefield	292
minogue	292
misha	292
mogadishu	292
mombasa	292
monash	292
monika	292
mta	292
murmur	292
murray's	292
musings	292
nair	292
napoleonic	292
narrating	292
necrosis	292
ning	292
niro	292
notches	292
nou	292
nth	292
o'shea	292
onerous	292
onsite	292
orientations	292
outsource	292
overtones	292
pained	292
paradigms	292
pardons	292
patching	292
pcc	292
peeping	292
pembrokeshire	292
peralta	292
permeability	292
pershing	292
pharmacological	292
plano	292
playmaker	292
plumb	292
plumes	292
plunger	292
pokes	292
porta	292
posey	292
presto	292
priestly	292
printable	292
priya	292
procuring	292
prodigal	292
prodigious	292
propellant	292
province's	292
pulley	292
qualms	292
raaf	292
raccoons	292
raju	292
reappeared	292
recaptured	292
rechargeable	292
recluse	292
rectified	292
refinance	292
reformist	292
refresher	292
relaxes	292
remodel	292
replaceable	292
reschedule	292
restarting	292
retroactive	292
reverb	292
revisionist	292
ribbed	292
robs	292
rodman	292
rohingya	292
rome's	292
sabotaged	292
sages	292
sandoval	292
sarkar	292
saskatoon	292
satoshi	292
schoolhouse	292
seashore	292
seclusion	292
selenium	292
setups	292
sewell	292
shuttles	292
side's	292
signatory	292
silverstone	292
sinha	292
siphon	292
skelton	292
slasher	292
slimming	292
slovenian	292
snagged	292
soulmate	292
spangled	292
spiteful	292
splashes	292
sporadically	292
stefani	292
stifled	292
stinger	292
stipulation	292
stowe	292
stubbornly	292
subtropical	292
sulfide	292
summation	292
superimposed	292
surfacing	292
swift's	292
tableau	292
taming	292
taxa	292
tbf	292
tebow	292
techs	292
tiredness	292
toi	292
toppled	292
trajectories	292
transgressions	292
transylvania	292
trotter	292
truest	292
tse	292
ufos	292
underpants	292
underprivileged	292
underscores	292
unhcr	292
unimpressed	292
unit's	292
unreasonably	292
unrelenting	292
unsupervised	292
vassal	292
vegetative	292
velcro	292
verne	292
video's	292
vying	292
wabash	292
walla	292
waltham	292
warranties	292
washburn	292
washers	292
weimar	292
weirdness	292
werent	292
westgate	292
wheatley	292
wheelchairs	292
wie	292
wiseman	292
withered	292
woefully	292
workmen	292
wrangler	292
yds	292
yeats	292
yonkers	292
yunnan	292
zidane	292
ziggy	292
aberdeenshire	291
abrasion	291
accrue	291
ackerman	291
acumen	291
admirably	291
alford	291
allele	291
alumnus	291
amon	291
amore	291
andean	291
angers	291
anniversaries	291
aphrodite	291
applauding	291
applicability	291
approachable	291
aragon	291
arm's	291
armagh	291
asexual	291
auditioned	291
automata	291
babel	291
balding	291
ballon	291
banding	291
bannister	291
bellies	291
bernice	291
beryl	291
blackbird	291
bleachers	291
bluebird	291
blunders	291
boe	291
boop	291
brats	291
breech	291
breezes	291
buttery	291
cadbury	291
caliph	291
calle	291
cameos	291
carta	291
celiac	291
celibacy	291
cersei	291
chancery	291
chappell	291
characterizes	291
chief's	291
chiu	291
choppy	291
chromatic	291
chronologically	291
chump	291
clamping	291
clashing	291
clenched	291
clogging	291
clove	291
columbine	291
commemorated	291
comte	291
converged	291
cordelia	291
countenance	291
crackling	291
crawls	291
creighton	291
crouching	291
crowder	291
cryptography	291
cysts	291
dali	291
damping	291
dapper	291
deathly	291
deere	291
defection	291
delightfully	291
dermatitis	291
desiring	291
determinants	291
devaluation	291
dictatorial	291
digitized	291
disinterested	291
dispensaries	291
disrespecting	291
dissected	291
dist	291
diversions	291
diwali	291
doreen	291
dota	291
downplay	291
drake's	291
drapes	291
dss	291
dunkin	291
dynamical	291
edi	291
electra	291
elicited	291
eluded	291
ema	291
encapsulated	291
eno	291
enquire	291
ensue	291
environs	291
epics	291
errant	291
esophagus	291
estelle	291
etfs	291
ethylene	291
eunice	291
evaded	291
evie	291
exterminate	291
eyewitnesses	291
fai	291
fairchild	291
falmouth	291
faze	291
fbs	291
fdi	291
fergie	291
figaro	291
finney	291
fisa	291
flatly	291
flicked	291
flocked	291
fluently	291
forsake	291
fusing	291
gallen	291
gamestop	291
gasol	291
gatwick	291
gecko	291
generalize	291
gervais	291
gianni	291
gila	291
giraffes	291
gondola	291
grained	291
grandmaster	291
grenoble	291
grills	291
grudges	291
guacamole	291
hagan	291
hammersmith	291
hamptons	291
handcrafted	291
harbinger	291
harnessed	291
harvests	291
headshot	291
heartily	291
heb	291
helplessness	291
helpline	291
henchman	291
hiccup	291
hoffmann	291
hurl	291
hydroxide	291
ied	291
iit	291
iliad	291
ilk	291
imbued	291
impartiality	291
incessantly	291
inertial	291
intentioned	291
introvert	291
invades	291
invocation	291
involuntarily	291
iroquois	291
irreparable	291
issuers	291
ivanka	291
iz	291
jer	291
jimenez	291
journeyman	291
kandahar	291
khloe	291
kitchener	291
kobayashi	291
korra	291
kpa	291
kuwaiti	291
kwan	291
lactic	291
laing	291
lanarkshire	291
larval	291
laterally	291
lathe	291
lawlessness	291
lcs	291
leela	291
leonid	291
leopards	291
liberally	291
lonnie	291
lopsided	291
lowlands	291
lunacy	291
magi	291
malia	291
malloy	291
mancini	291
mantel	291
marcello	291
matchday	291
mayday	291
mcafee	291
mcdonough	291
meier	291
melons	291
melton	291
mem	291
merges	291
meteors	291
methylation	291
micky	291
milligan	291
misinformed	291
mitchell's	291
morphed	291
mumble	291
mummies	291
musketeers	291
nad	291
newmarket	291
nie	291
nonpartisan	291
norwalk	291
noxious	291
nucleic	291
oaths	291
ocs	291
octagon	291
offsets	291
oligarchs	291
opulent	291
ordinate	291
organist	291
oro	291
outed	291
outstretched	291
overbearing	291
patting	291
pectoral	291
percival	291
perplexing	291
personified	291
petr	291
plummeted	291
podesta	291
polaroid	291
preexisting	291
prepped	291
primrose	291
prohibitions	291
psyched	291
puddles	291
pulsating	291
pungent	291
putter	291
qatari	291
rachel's	291
radioactivity	291
ranches	291
raquel	291
recessive	291
reclining	291
redford	291
reeve	291
refinancing	291
relativistic	291
relaunch	291
reloaded	291
remand	291
replete	291
repugnant	291
ringed	291
rmb	291
roaches	291
roamed	291
roars	291
rotc	291
rote	291
rotors	291
rudeness	291
ruffled	291
saa	291
sabah	291
salinas	291
salomon	291
sandal	291
sandro	291
santi	291
scat	291
scissor	291
seaport	291
sellout	291
seminole	291
serra	291
setlist	291
seychelles	291
shakers	291
shang	291
sharpest	291
shepherd's	291
simulators	291
sixes	291
skilful	291
snot	291
sodas	291
spilt	291
spineless	291
spirals	291
stairwell	291
stalwart	291
standardised	291
stapleton	291
starfleet	291
steeper	291
stomped	291
stooges	291
streisand	291
subtraction	291
sufi	291
summing	291
sutra	291
swiped	291
sybil	291
synagogues	291
tartan	291
taut	291
teapot	291
telephoned	291
theorems	291
therefor	291
thoroughfare	291
threading	291
traversing	291
treehouse	291
tribeca	291
tripadvisor	291
triumphed	291
tuner	291
ukraine's	291
underrepresented	291
undervalued	291
undying	291
unequivocal	291
uneventful	291
unfathomable	291
ungodly	291
unprofitable	291
unreported	291
unsung	291
usa's	291
vaginas	291
valour	291
vanquished	291
velocities	291
vern	291
vf	291
warburton	291
waterman	291
weinberg	291
wetter	291
whittier	291
windscreen	291
wonka	291
woodhouse	291
wormhole	291
wray	291
yellows	291
youngstown	291
zanzibar	291
zola	291
zooming	291
abram	290
accented	290
adonis	290
aggrieved	290
albatross	290
alina	290
allusions	290
amal	290
androids	290
anglesey	290
annabel	290
antivirus	290
aquifer	290
arduino	290
armando	290
arouse	290
arranges	290
assemblyman	290
autocratic	290
autographed	290
avis	290
ayres	290
baez	290
bak	290
bakeries	290
bakr	290
ballarat	290
baller	290
banff	290
basements	290
bene	290
bereaved	290
bes	290
bfa	290
bigelow	290
bindings	290
bjorn	290
blackouts	290
blossomed	290
blossoming	290
blowers	290
bogota	290
boldness	290
bolstered	290
bookseller	290
borrows	290
brahms	290
brampton	290
brant	290
breakage	290
brianna	290
budweiser	290
calc	290
candidate's	290
capitulation	290
cardiologist	290
carelessly	290
carotid	290
catania	290
cath	290
caulfield	290
channel's	290
chaplains	290
charade	290
chimps	290
chinook	290
christoph	290
cme	290
coconuts	290
coed	290
coexistence	290
cohen's	290
coiled	290
coimbatore	290
compatriots	290
concourse	290
confide	290
converging	290
corning	290
countryman	290
cpt	290
cpus	290
cramping	290
craved	290
craves	290
crs	290
crutch	290
cupboards	290
cursive	290
cutout	290
daisies	290
dandelion	290
ddt	290
deafness	290
decals	290
declassified	290
deflated	290
defoe	290
dekker	290
demonstrator	290
denoting	290
destruct	290
determinant	290
deterred	290
devonian	290
devouring	290
dias	290
disagreeing	290
disenfranchised	290
disengage	290
disoriented	290
displacing	290
dissect	290
dmitri	290
domino's	290
dowd	290
drm	290
drywall	290
dsc	290
duggan	290
eagerness	290
elba	290
elliptic	290
emitter	290
emporium	290
empties	290
endo	290
epicenter	290
epidural	290
epistle	290
equating	290
erstwhile	290
espoused	290
everyones	290
exertion	290
expend	290
facilitator	290
familia	290
fanfic	290
fathered	290
ferocity	290
flagstaff	290
fluidity	290
follies	290
fortify	290
fouling	290
frazer	290
frills	290
frodo	290
fsb	290
gabriella	290
gagged	290
galactica	290
ganga	290
garret	290
gartner	290
gaunt	290
gilchrist	290
gilman	290
gms	290
gop's	290
grapevine	290
grinds	290
groaning	290
grotto	290
groundhog	290
gsa	290
guerilla	290
gwent	290
habeas	290
hain	290
hairless	290
hamm	290
healey	290
heave	290
hellfire	290
highlander	290
hilt	290
hinterland	290
hoh	290
holliday	290
homely	290
humphries	290
ibs	290
idlib	290
ignacio	290
inbred	290
incase	290
inclusions	290
indescribable	290
indoctrination	290
inductive	290
inevitability	290
infatuated	290
infatuation	290
infighting	290
infra	290
infraction	290
inhabiting	290
inkling	290
innuendo	290
insecticide	290
instantaneously	290
interchangeably	290
interfaith	290
interrogate	290
introspective	290
itu	290
javelin	290
jenn	290
joplin	290
juanita	290
juarez	290
judea	290
kazan	290
ketamine	290
kinney	290
klay	290
klingon	290
knoll	290
kurtz	290
laila	290
landlady	290
larceny	290
lavatory	290
leanings	290
leavenworth	290
leo's	290
ligands	290
lingered	290
linings	290
loa	290
locales	290
lourdes	290
lucio	290
luffy	290
luminosity	290
luo	290
lw	290
magpie	290
maoist	290
masjid	290
massimo	290
materialized	290
matrimonial	290
maul	290
mayne	290
mcknight	290
meandering	290
melbourne's	290
mendez	290
menstruation	290
messianic	290
metering	290
michaela	290
minimalism	290
misgivings	290
misogynist	290
modalities	290
motels	290
motivator	290
mts	290
mulch	290
musket	290
nader	290
nance	290
navi	290
needn't	290
nestor	290
nether	290
neuer	290
newton's	290
ngc	290
nintendo's	290
nourish	290
nuh	290
numbing	290
nutritionist	290
oat	290
obscenity	290
obsess	290
ohhhh	290
onlookers	290
orator	290
oscillations	290
outweighed	290
ove	290
overhauled	290
overpaid	290
oxen	290
palais	290
palmerston	290
papyrus	290
patrolled	290
patties	290
pemberton	290
pennington	290
perpetuity	290
philipp	290
philo	290
phineas	290
pho	290
platelet	290
pliers	290
pluralism	290
polynesian	290
pooja	290
portability	290
posturing	290
pouches	290
power's	290
pq	290
predation	290
preheat	290
prev	290
pringle	290
procter	290
pronouncing	290
propagating	290
prospered	290
protectorate	290
psychopathic	290
puffed	290
quarterfinal	290
randomness	290
recitation	290
reconsidered	290
rectal	290
recursive	290
reevaluate	290
renaming	290
reprimand	290
rerun	290
reverting	290
riddance	290
rk	290
ruthlessly	290
sakes	290
satchel	290
saucy	290
schalke	290
scorsese	290
scr	290
sculptural	290
septum	290
servo	290
shaw's	290
shears	290
shemale	290
shiloh	290
shrank	290
shyness	290
slimmer	290
snub	290
sobering	290
soyuz	290
spandex	290
spanked	290
sparkles	290
spew	290
spieth	290
sportswear	290
squeak	290
srinagar	290
staking	290
steakhouse	290
steers	290
stratigraphic	290
stratosphere	290
stucco	290
suave	290
subcontractors	290
succinct	290
superficially	290
sweetener	290
syncing	290
tamar	290
taxonomic	290
telltale	290
tem	290
tennyson	290
tesla's	290
testimonials	290
thanos	290
this'll	290
thoughtless	290
thrower	290
thud	290
tibia	290
tim's	290
titular	290
toads	290
tok	290
torrential	290
trad	290
trashing	290
treading	290
trotting	290
tulane	290
tunneling	290
uma	290
unitarian	290
usp	290
valence	290
ventilated	290
villager	290
vincent's	290
virtuoso	290
vos	290
wail	290
watertown	290
wedged	290
welder	290
westlake	290
wetting	290
wg	290
whitening	290
whitewater	290
whiz	290
wilds	290
wingman	290
witherspoon	290
wolverines	290
woodbury	290
woodford	290
woodruff	290
worshiped	290
xenon	290
zo	290
abnormality	289
acme	289
acta	289
addendum	289
adhesives	289
adsorption	289
affront	289
afoot	289
agri	289
alla	289
alludes	289
alms	289
altars	289
alternates	289
amenable	289
amity	289
amt	289
amy's	289
angel's	289
anna's	289
annotation	289
anthony's	289
antibacterial	289
antoni	289
apprenticeships	289
argumentative	289
arne	289
artsy	289
assailants	289
asymptomatic	289
atherton	289
atmospheres	289
attila	289
authorizes	289
avril	289
baccalaureate	289
bala	289
balmain	289
barcode	289
barra	289
bearable	289
beehive	289
beltway	289
bering	289
bianchi	289
biosphere	289
blackman	289
bloch	289
bodybuilder	289
bosco	289
botanist	289
bottomed	289
boutiques	289
brownsville	289
buyer's	289
caches	289
calmness	289
camera's	289
canny	289
cartons	289
cassettes	289
castile	289
caveman	289
centimeter	289
cet	289
chairwoman	289
characterisation	289
checkered	289
cheekbones	289
chengdu	289
cia's	289
cilantro	289
circumcised	289
cit	289
civics	289
clamped	289
claps	289
clementine	289
clipboard	289
compensatory	289
concedes	289
conceptions	289
confessor	289
connoisseur	289
contemplative	289
convocation	289
corrupting	289
countermeasures	289
crosse	289
culpable	289
dag	289
damsel	289
dan's	289
daze	289
debugging	289
deg	289
deliciously	289
dewitt	289
dickey	289
diocesan	289
disputing	289
distorting	289
disused	289
divination	289
doggo	289
dol	289
doolittle	289
douchebag	289
downsizing	289
dprk	289
drunkenness	289
dumas	289
dykes	289
eastbourne	289
ebenezer	289
ecm	289
emigrate	289
emulsion	289
epistemology	289
erick	289
esters	289
euphrates	289
evacuating	289
exorcism	289
fabled	289
fabricate	289
fatherhood	289
favre	289
fein	289
fem	289
femoral	289
ferreira	289
festival's	289
feuds	289
fijian	289
filibuster	289
fillings	289
fillmore	289
finalize	289
financiers	289
flicking	289
flourishes	289
fluctuation	289
foia	289
fraudulently	289
fumbles	289
gander	289
gauze	289
geometrical	289
ghoul	289
giggled	289
gimmicks	289
goebbels	289
golan	289
grandstand	289
grazed	289
grumbling	289
guelph	289
guitarists	289
hales	289
hallucination	289
hamill	289
hamza	289
hcl	289
heaton	289
heeled	289
helms	289
hibernian	289
hoi	289
hovered	289
hulls	289
huns	289
hutchins	289
hydrophobic	289
immaterial	289
imprinted	289
industrialists	289
inefficiency	289
inflationary	289
inflexible	289
inflow	289
inglis	289
intercom	289
internationale	289
intersecting	289
intrigues	289
invalidated	289
inwards	289
iw	289
jacking	289
jamieson	289
jem	289
jihadi	289
justifications	289
keanu	289
kenney	289
keyed	289
knighthood	289
kryptonite	289
laborer	289
lamenting	289
lefties	289
lengthened	289
levi's	289
lifesaving	289
lire	289
lnp	289
lovecraft	289
lst	289
lucinda	289
lula	289
machinations	289
maha	289
mangrove	289
marmalade	289
marseilles	289
marys	289
masala	289
masts	289
maura	289
max's	289
mecha	289
metcalf	289
military's	289
milled	289
miocene	289
mirren	289
mirza	289
mississauga	289
moderating	289
modifier	289
molesting	289
moment's	289
moored	289
naturalization	289
nene	289
nerf	289
norway's	289
numbness	289
nunn	289
o'toole	289
oar	289
objecting	289
occidental	289
oozing	289
opiate	289
ordinated	289
osprey	289
outscored	289
overheated	289
paddles	289
panes	289
patten	289
pattinson	289
pelt	289
pennant	289
perfectionist	289
phantoms	289
pickett	289
pitts	289
playwrights	289
poirot	289
poland's	289
pomona	289
ponce	289
poppies	289
powys	289
praxis	289
preaches	289
primes	289
priming	289
princely	289
profited	289
psoriasis	289
putty	289
quench	289
radicalism	289
radon	289
ramping	289
rationalize	289
reactivity	289
reassignment	289
rebrand	289
relieves	289
rennie	289
repeater	289
reprisals	289
reruns	289
retardation	289
retards	289
retort	289
revitalization	289
rework	289
reworking	289
rudely	289
runes	289
sacha	289
saddles	289
sams	289
sanctuaries	289
saracens	289
sawmill	289
sbc	289
scribes	289
selina	289
sewed	289
sheltering	289
shogun	289
shoutout	289
showings	289
shrinkage	289
skeptic	289
slacks	289
sleeveless	289
smalls	289
smelting	289
snell	289
snowstorm	289
socialite	289
somme	289
southerly	289
spectrometer	289
spouting	289
sprague	289
squandered	289
sterilized	289
strapping	289
stuns	289
subspace	289
subsurface	289
superstructure	289
surnames	289
sustains	289
sweeper	289
swish	289
sympathizers	289
synced	289
tabloids	289
tamper	289
tampon	289
telangana	289
telephony	289
telford	289
tenerife	289
thad	289
thickened	289
timberwolves	289
tms	289
toffee	289
tomahawk	289
tomlin	289
torched	289
torre	289
torrey	289
transactional	289
transcendence	289
transgression	289
trappings	289
triage	289
ulterior	289
unambiguous	289
undertakings	289
undetermined	289
undies	289
undulating	289
unfettered	289
unpacking	289
usernames	289
venison	289
veranda	289
verdicts	289
veterinarians	289
vn	289
walpole	289
wasserman	289
wessex	289
westmoreland	289
whiny	289
whitby	289
whitley	289
wth	289
xt	289
xxxx	289
yamamoto	289
ys	289
zaire	289
zheng	289
zine	289
accumulates	288
adamson	288
adapts	288
afterthought	288
aida	288
airbag	288
airman	288
airship	288
aki	288
aligns	288
alligators	288
alr	288
amigos	288
animators	288
annan	288
annihilate	288
appointee	288
archetypal	288
artful	288
ascendancy	288
asha	288
assessor	288
asymmetry	288
asynchronous	288
ati	288
attuned	288
austin's	288
ayers	288
baal	288
baer	288
baffles	288
bahia	288
balotelli	288
banal	288
basking	288
baz	288
beattie	288
befitting	288
benched	288
blackface	288
bluish	288
boba	288
bombardier	288
boned	288
bookkeeper	288
booting	288
bountiful	288
boycotts	288
brimming	288
bub	288
bulldozer	288
byers	288
byrnes	288
cabernet	288
calico	288
camus	288
canoeing	288
canvassing	288
capillary	288
carols	288
casanova	288
categorical	288
ccd	288
chariots	288
charlemagne	288
checkup	288
chieftain	288
chisholm	288
christening	288
chs	288
cinematographer	288
cirrhosis	288
cla	288
cladding	288
clapton	288
cle	288
cleats	288
clemente	288
clings	288
clingy	288
clough	288
coburn	288
codeine	288
coeur	288
colitis	288
combative	288
commissioner's	288
conceited	288
connell	288
connery	288
consecration	288
conspicuously	288
coors	288
correa	288
counterattack	288
courted	288
cranked	288
crested	288
cro	288
cte	288
cto	288
curie	288
cuteness	288
daddies	288
darken	288
darlin	288
dba	288
dci	288
deane	288
debian	288
defaulted	288
defuse	288
deir	288
depositing	288
dermot	288
designating	288
devs	288
dilation	288
dios	288
directorial	288
dishonor	288
disintegrate	288
disjointed	288
disparaging	288
dissenters	288
divest	288
dodo	288
draconian	288
draymond	288
drosophila	288
drummers	288
duper	288
eerily	288
eine	288
electrochemical	288
embers	288
emotive	288
empirically	288
employee's	288
enforces	288
engels	288
entanglement	288
epsilon	288
esc	288
ex's	288
expeditionary	288
falk	288
faqs	288
farrar	288
fec	288
federations	288
finns	288
firefight	288
firestone	288
firstborn	288
flees	288
flowery	288
foss	288
frock	288
gai	288
gamecube	288
gens	288
gerber	288
glutamate	288
goblet	288
greased	288
grimsby	288
groupon	288
gts	288
guilford	288
gyro	288
habib	288
handsomely	288
hapless	288
harnessing	288
hidalgo	288
hissing	288
hitched	288
humanistic	288
hurray	288
iconography	288
igbo	288
impervious	288
implausible	288
imposter	288
incurring	288
indeterminate	288
infidels	288
inflection	288
innocently	288
inroads	288
intractable	288
irb	288
jabs	288
jamison	288
janelle	288
jay's	288
jh	288
jimmy's	288
kardashians	288
katya	288
kauai	288
kenyans	288
kickboxing	288
kilt	288
kirkpatrick	288
knight's	288
kona	288
kubrick	288
landscaped	288
leahy	288
leverkusen	288
lifesaver	288
linton	288
litany	288
localised	288
locket	288
locomotion	288
lott	288
lounging	288
lrt	288
lumia	288
lupe	288
macklemore	288
madre	288
mailman	288
manoeuvres	288
manus	288
market's	288
marksman	288
maroons	288
maru	288
mathis	288
matisse	288
maven	288
mavs	288
mbps	288
mcfarland	288
mcfarlane	288
messrs	288
mikael	288
milliseconds	288
mind's	288
minimizes	288
mittens	288
monterrey	288
montoya	288
mossad	288
mourned	288
mourners	288
mpc	288
msrp	288
munching	288
myron	288
nagoya	288
nappy	288
nbl	288
neanderthals	288
nears	288
neuter	288
newlyweds	288
nis	288
norwegians	288
nvm	288
nx	288
obj	288
och	288
odysseus	288
ofa	288
okcupid	288
omitting	288
ophelia	288
opinionated	288
oppress	288
originator	288
outfitters	288
overthrew	288
overton	288
oxidized	288
panhandle	288
paradoxical	288
paralysed	288
parched	288
passageway	288
pasty	288
pate	288
patently	288
pca	288
pecking	288
pertain	288
pesto	288
phys	288
plata	288
plowing	288
pm's	288
pmi	288
polity	288
pooped	288
porcupine	288
portia	288
pps	288
prides	288
primacy	288
prioritized	288
prioritizing	288
probed	288
psychosocial	288
pti	288
pulaski	288
pwc	288
radiological	288
rafts	288
reagent	288
rebranding	288
reckons	288
rectory	288
referendums	288
refractive	288
refractory	288
regrettably	288
reiner	288
reintroduced	288
reorganisation	288
reprieve	288
resupply	288
resurfaced	288
retraction	288
ricci	288
riser	288
ruckus	288
rutledge	288
safeway	288
saginaw	288
salami	288
sandwiched	288
sasuke	288
schmitt	288
scopes	288
screech	288
scripps	288
sculpting	288
seared	288
sergeants	288
shakespearean	288
shaven	288
shiro	288
shopkeeper	288
shortness	288
shrill	288
signalled	288
skits	288
skyrocketed	288
slanted	288
slits	288
snowed	288
sonnets	288
soulless	288
splitter	288
spook	288
stagecoach	288
statesmen	288
stork	288
strode	288
strongman	288
subjecting	288
subordinated	288
subpoenas	288
subside	288
subways	288
sul	288
supp	288
swoon	288
syringes	288
tactically	288
tallied	288
tartar	288
tavares	288
telepathy	288
terrance	288
thane	288
thesaurus	288
thorax	288
thrusters	288
tien	288
timings	288
tithe	288
tou	288
trina	288
tripp	288
trolled	288
ttc	288
tucking	288
tugging	288
twickenham	288
ubs	288
uga	288
unattainable	288
underpinning	288
unexplored	288
unilever	288
unsold	288
unsubstantiated	288
uptight	288
valentin	288
veda	288
virulent	288
vomited	288
waterfowl	288
wesson	288
widescreen	288
windmills	288
womanhood	288
worrisome	288
wort	288
wreaths	288
wy	288
xix	288
yorke	288
yuma	288
zealanders	288
ack	287
acronyms	287
adderall	287
admissible	287
airlift	287
aitken	287
alluvial	287
amarillo	287
american's	287
amis	287
amyloid	287
anne's	287
ansi	287
apical	287
apo	287
appetites	287
armpits	287
ascendant	287
attenborough	287
audiobooks	287
bartenders	287
barth	287
bashar	287
battering	287
battersea	287
bedfordshire	287
beecher	287
belgians	287
bimbo	287
blackmailed	287
blazed	287
blowjobs	287
blum	287
boarders	287
bongo	287
bootstrap	287
boswell	287
bouchard	287
bouquets	287
braddock	287
brahma	287
braver	287
brisket	287
buckeye	287
burnside	287
cac	287
cairn	287
callin	287
campo	287
cancun	287
cannonball	287
cappuccino	287
caricatures	287
ceasing	287
championing	287
chapels	287
chirping	287
circulatory	287
citrate	287
climactic	287
cloaked	287
clocking	287
clotting	287
cnet	287
commemorates	287
comstock	287
conjuring	287
consigned	287
constructors	287
cornelia	287
coups	287
cowgirl	287
cowl	287
crepe	287
crocs	287
culling	287
cycled	287
cypriot	287
danvers	287
darlene	287
dashes	287
daydreaming	287
decently	287
decentralization	287
decomposed	287
decorum	287
definately	287
deft	287
dehydrogenase	287
deirdre	287
destiny's	287
detest	287
deuteronomy	287
devising	287
diabetics	287
digg	287
diodes	287
disband	287
discarding	287
discloses	287
dislocation	287
disrupts	287
distinguishable	287
drexel	287
duels	287
dwells	287
earls	287
earnestly	287
ecg	287
ed's	287
effecting	287
einstein's	287
electrifying	287
elisha	287
emblematic	287
emily's	287
emmet	287
englishmen	287
enslavement	287
entrust	287
enviable	287
epidemiological	287
epithet	287
equipments	287
espn's	287
eww	287
fairmont	287
fairview	287
fiercest	287
firehouse	287
flailing	287
flaky	287
fleury	287
flotilla	287
followup	287
foolproof	287
footballing	287
forgetful	287
forgettable	287
forklift	287
freeways	287
fuck's	287
gallantry	287
gamut	287
gash	287
gawker	287
gazelle	287
genotype	287
gentler	287
geronimo	287
gilead	287
girard	287
glistening	287
glycol	287
gopher	287
governess	287
graham's	287
grant's	287
gravitate	287
gregorio	287
grinch	287
grinned	287
guesthouse	287
gunfight	287
haifa	287
hams	287
hamsters	287
hander	287
harm's	287
harvester	287
hattie	287
heaped	287
heartburn	287
helmut	287
heroics	287
hesse	287
hickman	287
hillbilly	287
hla	287
hmrc	287
hollister	287
homeopathy	287
hongkong	287
honouring	287
hour's	287
huckabee	287
huntley	287
hustling	287
ica	287
imbecile	287
impeded	287
impersonation	287
impresses	287
imprison	287
inasmuch	287
indonesia's	287
infiltrating	287
intensifying	287
intensively	287
intercultural	287
interrogating	287
interviewers	287
irvin	287
ischemic	287
jackal	287
jaeger	287
jason's	287
jee	287
jethro	287
joes	287
jokers	287
jolla	287
jordans	287
joystick	287
kamikaze	287
karina	287
karlsson	287
kelp	287
kidman	287
kingfisher	287
kiwis	287
kjv	287
kmt	287
knotted	287
lackey	287
lain	287
laminate	287
landis	287
leeches	287
leek	287
leviticus	287
levitt	287
lifecycle	287
linguist	287
lms	287
lomax	287
lor	287
lorne	287
luring	287
lute	287
lx	287
mac's	287
macrophages	287
macros	287
madge	287
magee	287
magpies	287
makoto	287
mala	287
manley	287
marketplaces	287
marv	287
marvels	287
masquerading	287
mattel	287
mauritania	287
mavis	287
mchugh	287
meanest	287
meaningfully	287
meatball	287
medford	287
merino	287
mermaids	287
metastasis	287
microchip	287
mikel	287
mingled	287
mitzvah	287
mordor	287
mosaics	287
muddled	287
mumbling	287
nautilus	287
necked	287
nicht	287
nieto	287
nox	287
nymph	287
oceanography	287
oedipus	287
offsetting	287
omer	287
orpheus	287
oswego	287
paler	287
papaya	287
partisanship	287
peachy	287
pearly	287
pensioner	287
periscope	287
pernicious	287
perversion	287
phylogenetic	287
physiotherapy	287
pigmentation	287
pizzeria	287
populate	287
posthumously	287
pra	287
prawn	287
preamble	287
predates	287
preoccupation	287
prim	287
programmatic	287
propellers	287
pruitt	287
prying	287
ptolemy	287
pulsing	287
punisher	287
pur	287
puree	287
pyrenees	287
quetta	287
racketeering	287
radars	287
radford	287
rainier	287
rattlesnake	287
realignment	287
receptacle	287
regatta	287
regionals	287
regs	287
reliefs	287
remixed	287
remo	287
removals	287
reprisal	287
rescind	287
reshape	287
reshaping	287
revitalize	287
risotto	287
robinson's	287
roku	287
sadiq	287
sagittarius	287
samoan	287
sauvignon	287
savagery	287
sca	287
scorned	287
searchable	287
seething	287
sequenced	287
sequentially	287
shamrock	287
shearing	287
shelving	287
sheng	287
sifting	287
sighing	287
sina	287
siva	287
slog	287
smithfield	287
smut	287
soars	287
socialized	287
sop	287
spiraling	287
splice	287
sponsorships	287
spoonful	287
spousal	287
sps	287
statistician	287
stds	287
storefront	287
storeys	287
street's	287
stroud	287
stubble	287
subsystem	287
suffocated	287
summarizing	287
supple	287
swahili	287
syndromes	287
synergies	287
tacked	287
talia	287
teague	287
tfl	287
tipsy	287
tirade	287
tompkins	287
topaz	287
torino	287
trickster	287
trinkets	287
triples	287
trisha	287
trotsky	287
turbocharged	287
turmeric	287
unchallenged	287
underestimating	287
undress	287
uninteresting	287
unraveling	287
vandalized	287
veneration	287
vigilantes	287
vigour	287
vistas	287
vitriol	287
vue	287
wagging	287
waned	287
warren's	287
welt	287
wer	287
what're	287
wheezing	287
whistleblowers	287
winded	287
wisest	287
wop	287
wordsworth	287
yaw	287
zi	287
zia	287
academy's	286
accidently	286
accusers	286
adaptability	286
adapters	286
adheres	286
aetna	286
aggressiveness	286
ahold	286
alamos	286
alana	286
ales	286
alexander's	286
allegorical	286
amigo	286
anode	286
apparition	286
appetizer	286
arafat	286
argon	286
arrowhead	286
asic	286
asm	286
astonishingly	286
astonishment	286
atone	286
backend	286
backhand	286
bangla	286
bankroll	286
barbra	286
barnet	286
barristers	286
belittle	286
beryllium	286
betrothed	286
biden's	286
billiard	286
bloodthirsty	286
blumenthal	286
boisterous	286
bonneville	286
booksellers	286
bootcamp	286
brady's	286
bri	286
briar	286
brightened	286
broderick	286
broughton	286
buckled	286
burgh	286
cacao	286
cale	286
calypso	286
capacitance	286
caper	286
caprice	286
carer	286
carlsbad	286
carriageway	286
caspar	286
cbe	286
cede	286
ceres	286
chagrin	286
champlain	286
characterizing	286
chock	286
chronicled	286
clapham	286
clawed	286
coerce	286
coffey	286
combustible	286
comebacks	286
comer	286
cometh	286
complicates	286
complimenting	286
compositional	286
computer's	286
condenser	286
conglomerates	286
conjugate	286
conjured	286
coptic	286
cossacks	286
cpp	286
cutaneous	286
daenerys	286
dahlia	286
dalit	286
darlings	286
deandre	286
debug	286
decadence	286
decider	286
deconstruction	286
defamatory	286
depravity	286
depress	286
disheartening	286
dugan	286
dz	286
eavesdropping	286
eclipses	286
ecuadorian	286
edibles	286
eia	286
eldridge	286
enclaves	286
encroachment	286
equaliser	286
ervin	286
ese	286
etihad	286
euclid	286
evansville	286
exe	286
farrah	286
faves	286
felled	286
fentanyl	286
ferrara	286
fertiliser	286
finalised	286
finlay	286
fintech	286
fireflies	286
franklin's	286
freebie	286
gaby	286
garda	286
garibaldi	286
garrick	286
geezer	286
geno	286
ghent	286
giggs	286
gilmour	286
givin	286
glassware	286
gleason	286
gmp	286
gooey	286
gottlieb	286
gutters	286
habitually	286
halts	286
harlequin	286
harwood	286
hatton	286
hav	286
hdtv	286
headgear	286
hearn	286
heathens	286
hemlock	286
henchmen	286
hep	286
hist	286
hokkaido	286
holm	286
honduran	286
hydraulics	286
hydrolysis	286
hydropower	286
hyman	286
hyperactivity	286
hyuk	286
ile	286
illiteracy	286
imac	286
incitement	286
inconsequential	286
indignant	286
infamy	286
infertile	286
infractions	286
injector	286
innes	286
insolvent	286
intergalactic	286
internalized	286
irregularly	286
itc	286
iterative	286
jacoby	286
jaya	286
jersey's	286
jot	286
julianne	286
jurgen	286
kaur	286
kevin's	286
kitties	286
klux	286
koko	286
krueger	286
lawyer's	286
leary	286
legumes	286
lengthening	286
lenox	286
lesotho	286
levinson	286
libre	286
lighthearted	286
littleton	286
lodgings	286
logitech	286
loma	286
lookup	286
loughborough	286
lounges	286
lupin	286
maharaj	286
marlow	286
marston	286
maximilian	286
meagre	286
meditative	286
mehdi	286
mentored	286
merced	286
metz	286
mics	286
middleman	286
mildew	286
mindedness	286
mingling	286
mishaps	286
moma	286
monologues	286
moritz	286
moulding	286
moussa	286
mufti	286
mughal	286
mukherjee	286
multivariate	286
mustn't	286
nadir	286
nara	286
neale	286
neutralized	286
nin	286
notepad	286
numerically	286
nutcracker	286
obs	286
odisha	286
okla	286
oled	286
oregon's	286
osce	286
outboard	286
outlier	286
outweighs	286
pacs	286
paltry	286
parachutes	286
pars	286
parsing	286
pentecostal	286
peripherals	286
petitioner	286
pharisees	286
phil's	286
pimps	286
pinkie	286
placer	286
plant's	286
plucking	286
plummer	286
pollute	286
potter's	286
precede	286
precocious	286
preconceived	286
predictors	286
presumptuous	286
probabilistic	286
proms	286
pronto	286
provo	286
prs	286
publicize	286
purview	286
qantas	286
quicken	286
quicksilver	286
quince	286
racehorse	286
raheem	286
raked	286
ravioli	286
rawlings	286
razer	286
reagents	286
rebounded	286
redone	286
reston	286
revolutionized	286
rfid	286
ricans	286
rosalie	286
rove	286
rui	286
sadler	286
saitama	286
salvo	286
sauron	286
schuyler	286
scrapes	286
sdn	286
sei	286
seizes	286
shrieking	286
silences	286
silhouettes	286
simmering	286
simpson's	286
sitcoms	286
siu	286
smears	286
smoothed	286
sodom	286
sofas	286
soi	286
solange	286
spatula	286
splicing	286
spreadsheets	286
squatters	286
steamers	286
stepdad	286
stipulates	286
sto	286
stockport	286
strangling	286
streamlining	286
stroked	286
subunits	286
suffocate	286
surat	286
suspends	286
tandy	286
tapas	286
tenement	286
tetanus	286
thatched	286
thon	286
thrifty	286
thrombosis	286
thunderbird	286
tiberius	286
tickles	286
tiling	286
tingle	286
townspeople	286
transvaal	286
treads	286
tricia	286
trippy	286
tryout	286
tuscaloosa	286
tyra	286
tyrosine	286
unbridled	286
undersea	286
unfiltered	286
unicode	286
unopposed	286
urs	286
vacationing	286
vamp	286
vassals	286
wanton	286
wedlock	286
welterweight	286
whiteboard	286
who're	286
wholesaler	286
witted	286
woodside	286
wry	286
xc	286
xie	286
xyz	286
yasmin	286
yom	286
yon	286
zambian	286
ziegler	286
zimbabwean	286
aas	285
abominable	285
absolution	285
accomplishes	285
adequacy	285
adopters	285
agent's	285
aggie	285
ahmet	285
airplay	285
albrecht	285
amalgam	285
ambulatory	285
annulment	285
aoki	285
aramaic	285
arnie	285
articulating	285
asi	285
asif	285
askin	285
ato	285
atoll	285
awa	285
axioms	285
aztecs	285
babbling	285
bangers	285
bargained	285
barnabas	285
barrio	285
belleville	285
benzene	285
ber	285
bernhard	285
biennale	285
binghamton	285
black's	285
blackish	285
blaise	285
blemish	285
bobbing	285
bogs	285
brainstorm	285
brevity	285
broadside	285
buckles	285
budd	285
burdensome	285
burley	285
buttered	285
cadmium	285
callaway	285
campaign's	285
candida	285
carnivorous	285
cfc	285
characteristically	285
chasers	285
chf	285
chicano	285
chimera	285
chiropractor	285
chr	285
chromosomal	285
cic	285
cig	285
cigs	285
claustrophobic	285
cleave	285
clovis	285
coinciding	285
coleridge	285
colvin	285
commuted	285
conformation	285
conveniences	285
corinthian	285
cotta	285
councilor	285
counterterrorism	285
coyle	285
cq	285
crayfish	285
csf	285
cuckold	285
culled	285
czechs	285
davie	285
deanna	285
defraud	285
deftly	285
dens	285
desertion	285
detainee	285
devops	285
dike	285
dispensation	285
dit	285
domed	285
dowager	285
drips	285
ducati	285
dunning	285
eaves	285
edd	285
elie	285
emboldened	285
emc	285
enema	285
epp	285
erecting	285
eroding	285
euphoric	285
evangelism	285
evening's	285
evoking	285
excelsior	285
exploitative	285
fabricating	285
fae	285
falkland	285
fatah	285
fdic	285
feasting	285
ferment	285
fetuses	285
figurine	285
flocking	285
flogging	285
foote	285
freshen	285
frostbite	285
fuentes	285
fulbright	285
fulltime	285
fundamentalists	285
glories	285
gn	285
goodreads	285
goran	285
greys	285
gul	285
gulag	285
gustave	285
hakeem	285
handyman	285
hangzhou	285
harare	285
hazing	285
heatwave	285
hellenic	285
hellenistic	285
heretical	285
herschel	285
heston	285
homeschool	285
homs	285
horst	285
hsv	285
humping	285
icd	285
ilya	285
immeasurable	285
immorality	285
immutable	285
imogen	285
impressionable	285
impressionist	285
ims	285
indica	285
indict	285
indisputable	285
inquisitor	285
inset	285
interceptor	285
interpolation	285
ischemia	285
jamie's	285
jena	285
kaitlyn	285
kda	285
kettering	285
kiddos	285
killin	285
kohl	285
konrad	285
kraken	285
lancer	285
landau	285
lauder	285
laurels	285
leavers	285
lewes	285
licorice	285
lighters	285
limes	285
linearly	285
linguists	285
linkages	285
lisa's	285
litchfield	285
lot's	285
lufthansa	285
lumped	285
lunge	285
lyra	285
mackinnon	285
maggots	285
malaga	285
malayalam	285
maliciously	285
manipulator	285
marathi	285
martino	285
meddle	285
medi	285
menagerie	285
mesut	285
metallurgical	285
mga	285
micron	285
midpoint	285
model's	285
monoclonal	285
motorways	285
muay	285
multiverse	285
nibble	285
noonan	285
nosy	285
nullify	285
nys	285
ofsted	285
oligarchy	285
omelette	285
omnipotent	285
oppressors	285
orville	285
overpower	285
overthinking	285
overtures	285
paedophile	285
pagoda	285
paraded	285
parallax	285
passers	285
penniless	285
phalanx	285
photogenic	285
pilate	285
pirated	285
plantings	285
plummet	285
pn	285
pollack	285
polymerization	285
pondered	285
potters	285
pounder	285
prado	285
prairies	285
prakash	285
predicate	285
predictability	285
prov	285
puking	285
pyle	285
qe	285
quaternary	285
queensland's	285
quintet	285
radiated	285
ramble	285
razors	285
realtime	285
reconstructive	285
reebok	285
refrained	285
retaliatory	285
revolutionize	285
revs	285
rhinoceros	285
rick's	285
rickshaw	285
rinehart	285
rock's	285
rodger	285
rollover	285
romain	285
romp	285
roxanne	285
rustling	285
sainte	285
salesforce	285
sanger	285
sarawak	285
sawdust	285
sba	285
scavenging	285
scoured	285
scrotum	285
scruffy	285
sdk	285
sean's	285
sel	285
sewerage	285
shanahan	285
shangri	285
shasta	285
shenandoah	285
shithead	285
shoo	285
simplifies	285
sinuses	285
slc	285
slung	285
smelter	285
smoothness	285
smother	285
sniffed	285
snorted	285
soa	285
sparky	285
spencer's	285
spontaneity	285
sprain	285
sprinklers	285
sss	285
stateless	285
stateside	285
stepson	285
stillwater	285
strolled	285
stunningly	285
sudbury	285
surly	285
susannah	285
sutures	285
sweeteners	285
symbolized	285
tarnish	285
tasman	285
tek	285
thailand's	285
thermo	285
thrashed	285
thyself	285
tipton	285
tls	285
topsy	285
torsion	285
tosh	285
touchstone	285
tramway	285
treatable	285
trier	285
trouser	285
tugs	285
tumbler	285
typeface	285
uglier	285
ult	285
unaccounted	285
unbound	285
uncalled	285
undemocratic	285
undergrad	285
underpaid	285
uninvited	285
unleashing	285
unnerving	285
unpunished	285
unrecognized	285
untested	285
upping	285
urethra	285
utilising	285
uzbek	285
vaudeville	285
veils	285
verve	285
vex	285
vips	285
viv	285
vmware	285
vod	285
walkie	285
watchtower	285
watson's	285
waveform	285
weighty	285
wilma	285
wollongong	285
workbook	285
workspace	285
worships	285
xperia	285
yoshida	285
zephyr	285
zoomed	285
aberystwyth	284
abner	284
abstracted	284
adr	284
adversarial	284
aggies	284
agnew	284
aliases	284
allentown	284
alphonse	284
alvaro	284
amiable	284
amphitheatre	284
amygdala	284
angler	284
antagonism	284
antebellum	284
apathetic	284
apologists	284
appended	284
artiste	284
atty	284
backwater	284
ballistics	284
bastian	284
bequest	284
berths	284
bewildering	284
billiards	284
binders	284
biodegradable	284
biofuels	284
biomarkers	284
biosynthesis	284
blasphemous	284
bonny	284
booklets	284
bores	284
briscoe	284
briton	284
bungee	284
bureaucrat	284
cadres	284
carina	284
carnivores	284
cascading	284
chaucer	284
cherie	284
chipper	284
cli	284
cliffhanger	284
cline	284
clunky	284
colgate	284
collider	284
colosseum	284
comers	284
comme	284
commoner	284
conned	284
const	284
contemporaneous	284
contingencies	284
counsellors	284
cow's	284
cowley	284
crediting	284
crossovers	284
cta	284
cumberbatch	284
curtin	284
cutbacks	284
cutthroat	284
dailies	284
daria	284
datasets	284
decayed	284
deceptively	284
decoder	284
decommissioning	284
degeneres	284
delano	284
demarco	284
demography	284
denham	284
detroit's	284
devilish	284
disarming	284
disloyal	284
disowned	284
dissociation	284
donner	284
dormitories	284
dowling	284
dpi	284
dq	284
drayton	284
dreads	284
drowns	284
druids	284
dueling	284
eared	284
earthen	284
eccentricity	284
eccles	284
electricians	284
electrocuted	284
els	284
emissary	284
enclosing	284
enron	284
entrapment	284
erectile	284
esposito	284
esta	284
exchanger	284
exerting	284
expatriates	284
eyelash	284
favouring	284
fernandes	284
flaherty	284
flappy	284
flashpoint	284
flirted	284
flopping	284
foodstuffs	284
forego	284
foretold	284
formalized	284
fortification	284
fortresses	284
fragrances	284
francine	284
fraternities	284
fredericksburg	284
frigates	284
gaba	284
gannon	284
gaol	284
genghis	284
giannis	284
gmos	284
goalkeepers	284
grafts	284
grainy	284
greenery	284
greenhouses	284
grundy	284
gwyneth	284
gynecology	284
haa	284
hakim	284
handily	284
harboring	284
hauls	284
hayek	284
heaving	284
hebrides	284
heighten	284
helluva	284
henna	284
hexagon	284
himmler	284
hinders	284
hinds	284
hinton	284
history's	284
hock	284
holler	284
holstein	284
honking	284
hookups	284
hooters	284
husk	284
hussey	284
iberian	284
ibm's	284
ikr	284
implicate	284
implore	284
impounded	284
indigestion	284
indra	284
infarction	284
infrastructures	284
infront	284
intakes	284
intel's	284
interned	284
internet's	284
intonation	284
inversely	284
irrigated	284
irritates	284
ishmael	284
islamophobia	284
jeannie	284
josephus	284
jury's	284
justly	284
kaleidoscope	284
kath	284
keypad	284
kimchi	284
kita	284
krakow	284
krista	284
kutcher	284
lactation	284
laker	284
lapping	284
leyland	284
liberalization	284
lindy	284
looters	284
lorries	284
lottie	284
lough	284
ltc	284
lubricants	284
lumpy	284
lyricist	284
machined	284
mads	284
malacca	284
malaise	284
malaysia's	284
malvern	284
mannequins	284
maricopa	284
mcnair	284
mdma	284
meatloaf	284
menial	284
mentorship	284
merriam	284
merrily	284
methinks	284
minas	284
monogamous	284
montessori	284
montpellier	284
mooring	284
moreau	284
mountaineering	284
mtn	284
nami	284
nantucket	284
napalm	284
nath	284
neared	284
neath	284
necessitate	284
negation	284
neurosurgery	284
neutrino	284
nga	284
nines	284
niv	284
nooo	284
norte	284
nur	284
nutella	284
obsessions	284
oclc	284
olden	284
omfg	284
oneness	284
opacity	284
opp	284
otherworldly	284
overdo	284
overdraft	284
overturning	284
paediatric	284
painstakingly	284
pantyhose	284
parametric	284
parentage	284
patna	284
pedo	284
pentecost	284
perverts	284
physio	284
picnics	284
pigmented	284
pippa	284
platte	284
pornstar	284
posner	284
postponing	284
practicable	284
privates	284
progenitor	284
protectionist	284
pryce	284
pulsed	284
punters	284
purporting	284
qua	284
quantification	284
quiver	284
radiators	284
raffles	284
rawls	284
refereeing	284
reflexive	284
refuel	284
reina	284
reinventing	284
reliving	284
reminisce	284
reminiscing	284
renegades	284
repositories	284
repurposed	284
resistors	284
riled	284
roadster	284
robben	284
rofl	284
roos	284
rougher	284
salesperson	284
schumann	284
scolding	284
scones	284
sculptors	284
sedgwick	284
seeger	284
segal	284
sentinels	284
service's	284
seton	284
shad	284
shadowed	284
shadowing	284
shiite	284
shiraz	284
shitload	284
shouldered	284
simmonds	284
skillfully	284
skylight	284
skyrim	284
snacking	284
sneaked	284
snip	284
sombre	284
sotheby's	284
sou	284
spas	284
spector	284
spi	284
spokes	284
spool	284
sprouting	284
spurt	284
sputtering	284
ssa	284
stahl	284
stencil	284
stoker	284
strays	284
stressors	284
strictest	284
subjectivity	284
subliminal	284
substantiated	284
sunil	284
superstitions	284
suri	284
surrogates	284
symphonic	284
taekwondo	284
tagalog	284
taka	284
teak	284
teary	284
teases	284
teething	284
toowoomba	284
tortures	284
tps	284
transducer	284
tryna	284
tuba	284
turnip	284
tween	284
twofold	284
un's	284
uncontested	284
uncovers	284
underwriters	284
uprooted	284
upstart	284
ure	284
urea	284
uso	284
veritas	284
vicksburg	284
villainous	284
voluminous	284
vv	284
walkways	284
watanabe	284
weathers	284
weeding	284
widens	284
will's	284
winfield	284
winkler	284
wolf's	284
wonky	284
xavi	284
xfinity	284
yoshi	284
zebras	284
zhejiang	284
abed	283
absolve	283
acapulco	283
adair	283
adieu	283
agonist	283
aground	283
airfare	283
alli	283
alternator	283
antiviral	283
arousing	283
ashcroft	283
aspired	283
asuka	283
atlanta's	283
austro	283
azhar	283
badlands	283
bari	283
baronet	283
batman's	283
battlestar	283
bdo	283
bearish	283
bebop	283
beginner's	283
bela	283
belting	283
bendigo	283
bilal	283
bilbo	283
bitumen	283
blythe	283
bobbie	283
boland	283
borges	283
braden	283
buss	283
butterfield	283
buzzard	283
bygone	283
cannibals	283
capers	283
carbine	283
carelessness	283
cbo	283
cdn	283
cech	283
cedars	283
certifying	283
cesc	283
chattering	283
chaz	283
chongqing	283
chucked	283
chuckling	283
commensurate	283
compressors	283
confounding	283
contaminate	283
copley	283
corgi	283
corsair	283
cortes	283
counterfeiting	283
couriers	283
craig's	283
cranking	283
cranks	283
crenshaw	283
crescendo	283
cuss	283
dalek	283
dauphin	283
death's	283
deepak	283
deformity	283
delevingne	283
dents	283
deviated	283
dibs	283
dickerson	283
dinghy	283
dipper	283
dipshit	283
discourages	283
disobey	283
disseminating	283
disturbs	283
diverge	283
dominoes	283
doughty	283
downpour	283
drifter	283
droids	283
dundas	283
durand	283
dusky	283
dystrophy	283
eastside	283
elizabeth's	283
eloquence	283
elvira	283
enhancer	283
enquirer	283
enslave	283
epitaph	283
etat	283
exclusions	283
excrement	283
expedient	283
fac	283
fallow	283
fanart	283
fen	283
fermi	283
fiddler	283
flagging	283
foal	283
foreclosed	283
forlorn	283
foucault	283
fragmentary	283
freetown	283
furlongs	283
gab	283
gambino	283
gateways	283
gaudy	283
gauss	283
gawd	283
gazed	283
ginsberg	283
girlie	283
gobble	283
godspeed	283
grandparent	283
grays	283
greeley	283
grout	283
grumman	283
gush	283
haddock	283
halogen	283
harald	283
harpoon	283
hartmann	283
haydn	283
hazmat	283
heros	283
highlighter	283
hirst	283
hom	283
homeopathic	283
homogenous	283
hors	283
hv	283
hydrology	283
hypoxia	283
iba	283
ibis	283
ibrahimovic	283
idealist	283
ifa	283
ih	283
incarnations	283
incited	283
incubated	283
indecisive	283
indefensible	283
indivisible	283
industrialist	283
ineffectual	283
inextricably	283
inflows	283
ingest	283
inhibitions	283
innermost	283
insecticides	283
insoluble	283
instrumentals	283
insulate	283
interconnection	283
introverted	283
invokes	283
isobel	283
issn	283
jah	283
jewell	283
jian	283
jitters	283
johnny's	283
jones's	283
kaine	283
katana	283
kendal	283
kessel	283
keyhole	283
kickers	283
kiosks	283
knighted	283
koenig	283
kota	283
kyu	283
lachlan	283
laredo	283
laughlin	283
lem	283
licensees	283
lloyd's	283
loafers	283
lovato	283
lymphocytes	283
lynched	283
maa	283
magda	283
mahdi	283
manipulations	283
margarine	283
mashup	283
massed	283
mauled	283
mayflower	283
meeks	283
mekong	283
melania	283
melanin	283
messina	283
millard	283
minis	283
mists	283
mobster	283
montevideo	283
moulds	283
murmurs	283
musty	283
muttered	283
mysql	283
nbn	283
nbs	283
neilson	283
neuropathy	283
neurotransmitter	283
neutrals	283
nevis	283
newsnight	283
niners	283
noam	283
normalcy	283
notts	283
nourished	283
nourishing	283
obituaries	283
oceanographic	283
okada	283
orissa	283
ormond	283
outcasts	283
outlay	283
outliers	283
overblown	283
overestimate	283
oxy	283
oxytocin	283
pandit	283
pandora's	283
partitioned	283
pathos	283
peacekeepers	283
ped	283
pellegrini	283
penetrates	283
peninsular	283
perrin	283
physicality	283
pickers	283
pid	283
pimple	283
platelets	283
poi	283
pomeroy	283
popeye	283
portraiture	283
post's	283
potable	283
potsdam	283
pout	283
precepts	283
predominately	283
privatized	283
psy	283
psychoactive	283
puffing	283
punctual	283
punishes	283
quadrangle	283
quezon	283
quickness	283
quito	283
raceway	283
rafting	283
rainer	283
rajan	283
raves	283
reaffirm	283
rebellions	283
reentry	283
rephrase	283
restaurant's	283
retrofit	283
reus	283
riker	283
river's	283
robustness	283
rogan	283
roleplaying	283
roped	283
roseanne	283
rosso	283
rubens	283
rubies	283
sade	283
salespeople	283
salutes	283
satisfactorily	283
savanna	283
scifi	283
scriptural	283
sedans	283
seedy	283
seuss	283
shandong	283
shawnee	283
skylar	283
sla	283
sleet	283
slugger	283
snarky	283
snr	283
sona	283
soooooo	283
sorghum	283
souza	283
spacer	283
spacetime	283
spartacus	283
spasm	283
spearhead	283
specialise	283
spl	283
sprites	283
squeal	283
squish	283
steppe	283
stubbornness	283
stubs	283
stunner	283
subcutaneous	283
subservient	283
substantiate	283
subtitled	283
subtracting	283
succinctly	283
summarily	283
summarised	283
supplementing	283
suresh	283
suspect's	283
swab	283
swarmed	283
swath	283
swordsman	283
synapses	283
tailors	283
tattered	283
technicality	283
tekken	283
terracotta	283
testicle	283
thickening	283
thing's	283
thrush	283
thunderbirds	283
tillman	283
tinge	283
tinnitus	283
toed	283
toure	283
trample	283
tribesmen	283
tribulations	283
tropic	283
tux	283
uncomplicated	283
unconnected	283
underweight	283
undetectable	283
unis	283
unprovoked	283
unremarkable	283
untrustworthy	283
unwin	283
villarreal	283
vilnius	283
volition	283
wane	283
wellcome	283
westerns	283
whittle	283
wields	283
willian	283
withstood	283
wor	283
wretch	283
xinhua	283
yakima	283
yamato	283
yolks	283
abetting	282
accolade	282
accommodates	282
addicting	282
addy	282
adoptions	282
adoring	282
aime	282
aimlessly	282
alfalfa	282
alleles	282
amphetamines	282
andrey	282
appellant	282
archetypes	282
ashanti	282
ashok	282
atelier	282
aunt's	282
australasia	282
axed	282
baguette	282
baloch	282
barbers	282
bear's	282
belichick	282
bioinformatics	282
bounties	282
breastfeed	282
brimstone	282
bristow	282
buhari	282
bunt	282
burly	282
butcher's	282
carbonated	282
carburetor	282
carrey	282
caruso	282
catacombs	282
categorization	282
caving	282
celts	282
ceo's	282
cessna	282
chara	282
cheetahs	282
chlamydia	282
chugging	282
classifies	282
cna	282
coach's	282
cobbler	282
cognizant	282
collared	282
colorado's	282
columnists	282
communes	282
conceit	282
concubine	282
conforms	282
confounded	282
conservatively	282
constrain	282
contraption	282
cookbooks	282
coolness	282
coughlin	282
covertly	282
covet	282
cpm	282
curbing	282
dales	282
dds	282
deacons	282
defenceless	282
depressions	282
dfw	282
diggs	282
dingy	282
disappearances	282
disengaged	282
disillusionment	282
dispatching	282
dolph	282
donahue	282
doodles	282
dougherty	282
driverless	282
droppings	282
drowsy	282
dunlap	282
duos	282
e's	282
elaboration	282
ele	282
elwood	282
eminently	282
emma's	282
emphasises	282
entre	282
eocene	282
epigenetic	282
equalled	282
eriksson	282
esprit	282
ess	282
ethnography	282
eunuch	282
exclaim	282
extort	282
falter	282
fanfiction	282
fantasize	282
feverish	282
fh	282
fibrillation	282
fissure	282
fizzy	282
flutes	282
football's	282
forcible	282
frenzied	282
freudian	282
frightful	282
ftw	282
fumbling	282
fund's	282
gat	282
geforce	282
genji	282
geopolitics	282
getter	282
glamorgan	282
gloriously	282
gourd	282
grander	282
grandfathers	282
grins	282
grocers	282
hadi	282
haider	282
haig	282
hallam	282
halter	282
hawker	282
hei	282
heisenberg	282
hijackers	282
historiography	282
hogarth	282
hollowed	282
houdini	282
hybridization	282
hyenas	282
i'ma	282
ibadan	282
icebreaker	282
idling	282
idolatry	282
iis	282
illawarra	282
indelible	282
indochina	282
infantile	282
infuse	282
inglewood	282
inheriting	282
iniesta	282
insuring	282
interplanetary	282
inv	282
irreverent	282
isd	282
isthmus	282
itinerant	282
jacky	282
jags	282
jeddah	282
jello	282
jud	282
judson	282
juke	282
juneau	282
kana	282
katarina	282
kenji	282
kiel	282
kincaid	282
kino	282
knopf	282
lakshmi	282
lanier	282
lazio	282
leniency	282
liber	282
lifeboats	282
lillard	282
lind	282
linens	282
lorenz	282
loudoun	282
lpg	282
luftwaffe	282
lurks	282
lymphatic	282
magdalena	282
mahler	282
malhotra	282
malleable	282
mannerisms	282
manta	282
marcellus	282
marek	282
marquess	282
matinee	282
matthew's	282
maxx	282
mds	282
mediating	282
mercurial	282
micheal	282
microwaves	282
middling	282
millionth	282
mlas	282
mollie	282
mores	282
mpeg	282
multimillion	282
myung	282
nae	282
narrates	282
neg	282
nelson's	282
nicaraguan	282
nim	282
noi	282
noooo	282
oni	282
outgrown	282
outpouring	282
overdone	282
overreact	282
parson	282
pele	282
pelham	282
perceiving	282
peregrine	282
peres	282
pers	282
personification	282
petitioners	282
pheromones	282
piecemeal	282
piglet	282
pilar	282
placeholder	282
plane's	282
playmate	282
pliny	282
pnc	282
poetics	282
pogo	282
politicized	282
popsicle	282
predisposition	282
prefrontal	282
preservatives	282
presumptive	282
proactively	282
psychoanalytic	282
pto	282
purdy	282
puri	282
racy	282
radha	282
radio's	282
raucous	282
receivable	282
reconciling	282
reconstituted	282
reincarnated	282
reinsurance	282
repress	282
resignations	282
resolutely	282
respectability	282
retainers	282
retrospectively	282
revolts	282
robocop	282
roleplay	282
rostov	282
rotted	282
rte	282
rusher	282
sanctum	282
scarface	282
scc	282
scooping	282
scrolled	282
seng	282
sensuality	282
seperate	282
sequoia	282
serpents	282
serrano	282
serrated	282
severing	282
shunt	282
smyrna	282
snes	282
solis	282
solver	282
southland	282
spaniel	282
ssn	282
stagger	282
stalin's	282
stalingrad	282
statuses	282
steels	282
steely	282
stent	282
stiffer	282
studio's	282
subtext	282
summa	282
sunflowers	282
supercharged	282
surety	282
susquehanna	282
swaziland	282
sweatpants	282
sweethearts	282
sylvie	282
syntactic	282
takahashi	282
talkie	282
tana	282
thang	282
theorized	282
thomas's	282
thrusts	282
tiebreaker	282
tnf	282
torquay	282
totalitarianism	282
treatises	282
trimble	282
ubc	282
ugg	282
unassuming	282
undersecretary	282
unintelligible	282
unorganized	282
upholds	282
usmc	282
vegeta	282
verdi	282
verity	282
victimization	282
weve	282
whiteside	282
whitmore	282
wicks	282
winking	282
withering	282
woodpecker	282
workstations	282
wrc	282
wtc	282
xin	282
xr	282
xvii	282
yip	282
youd	282
zigzag	282
zika	282
aah	281
abilene	281
abscess	281
absorbent	281
acorns	281
acrobatic	281
acuity	281
acura	281
adrien	281
aec	281
afrikaans	281
agate	281
airstrip	281
albanians	281
alkyl	281
alle	281
amassing	281
amo	281
ansel	281
antiquarian	281
antiseptic	281
arbitrage	281
archduke	281
aren	281
arizona's	281
ascetic	281
aspires	281
aster	281
attains	281
attenuation	281
australasian	281
avila	281
avionics	281
azad	281
bailey's	281
banshee	281
barbs	281
basingstoke	281
beastie	281
bedouin	281
beholden	281
beholder	281
benzema	281
blackrock	281
blogged	281
blushes	281
boas	281
bolivar	281
bookmarks	281
brahman	281
brahmin	281
brandeis	281
brentford	281
brinkley	281
brookes	281
bsp	281
bubblegum	281
bugatti	281
bungalows	281
burg	281
burp	281
buttoned	281
cano	281
canto	281
canvass	281
carolinas	281
cashback	281
castings	281
cathartic	281
catwoman	281
caucuses	281
cementing	281
centrifuge	281
cfp	281
chee	281
chestnuts	281
ciao	281
cinco	281
citywide	281
cliches	281
cocker	281
comanche	281
comatose	281
comforter	281
commissary	281
compilers	281
conclave	281
concoction	281
confers	281
conspire	281
consternation	281
corneal	281
cornet	281
cramming	281
crawler	281
cris	281
cruised	281
cuffed	281
cynic	281
daemon	281
dampen	281
dancehall	281
darwin's	281
decommissioned	281
defensible	281
demolishing	281
dentures	281
descriptor	281
diehard	281
differentiates	281
dipole	281
discoloration	281
disinfectant	281
dissipation	281
distracts	281
divider	281
dji	281
downsides	281
dsl	281
dts	281
dynamism	281
ealing	281
earnhardt	281
effigy	281
ehrlich	281
eisenberg	281
encroaching	281
encyclopaedia	281
entomology	281
erred	281
estes	281
estrada	281
everyman	281
excepting	281
exclaims	281
exclusives	281
excommunicated	281
exterminated	281
extravagance	281
facetime	281
factually	281
faker	281
falconer	281
fan's	281
figurehead	281
fina	281
fiscally	281
fjord	281
flowered	281
flume	281
flyover	281
focussing	281
foils	281
foy	281
freelancers	281
fretting	281
fuchs	281
gabriela	281
gales	281
gallbladder	281
gatherers	281
gauteng	281
gaya	281
geordie	281
germantown	281
gestational	281
gigabit	281
gillis	281
girdle	281
giselle	281
glut	281
godless	281
goldwater	281
grandsons	281
gripe	281
gruff	281
gurgaon	281
hahahahaha	281
haji	281
hark	281
harmonics	281
hatchery	281
haystack	281
hearthstone	281
hegel	281
heidegger	281
helga	281
helical	281
hemorrhagic	281
hibbert	281
holo	281
homies	281
hookah	281
hse	281
htm	281
humpback	281
hundredth	281
huntingdon	281
iglesias	281
igneous	281
imams	281
imperfection	281
implosion	281
incredulous	281
inherits	281
intensification	281
intercepts	281
interwoven	281
intrude	281
jeweler	281
jpmorgan	281
jumble	281
kagan	281
kagawa	281
kala	281
kenyatta	281
kimmy	281
kodi	281
konami	281
kpmg	281
krause	281
krebs	281
kyrgyz	281
labors	281
latched	281
latimer	281
lengthen	281
lewandowski	281
lineages	281
liqueur	281
locksmith	281
locusts	281
lolly	281
londoners	281
lynette	281
lyrically	281
maidstone	281
maimed	281
maisie	281
mallard	281
mallorca	281
mandating	281
marchand	281
mariachi	281
mccallum	281
mcd	281
mcneill	281
medvedev	281
memorizing	281
merc	281
metabolite	281
metlife	281
mezzanine	281
mgmt	281
midlife	281
mired	281
missoula	281
mistletoe	281
mmo	281
mmr	281
modality	281
modifiers	281
moly	281
monetize	281
monolith	281
monticello	281
moody's	281
mtb	281
mulan	281
mumps	281
mya	281
mystics	281
naturalists	281
needham	281
nesbitt	281
nils	281
nudist	281
nymphs	281
ochoa	281
oder	281
orgies	281
ortho	281
outlast	281
ozzie	281
pajama	281
panics	281
paratroopers	281
parliament's	281
partitioning	281
pathogenesis	281
pavements	281
pawnee	281
payloads	281
penney	281
pero	281
phoning	281
plunkett	281
pompeo	281
pon	281
potash	281
predisposed	281
presentable	281
processions	281
pronouncements	281
protectionism	281
provokes	281
purports	281
quinlan	281
rab	281
radiocarbon	281
raunchy	281
raya	281
rebuked	281
reconstructions	281
redesignated	281
reeks	281
refuges	281
relaying	281
remarking	281
resetting	281
reshuffle	281
responder	281
retiree	281
rewatching	281
rho	281
rommel	281
roughness	281
rudi	281
saf	281
saiyan	281
sala	281
salter	281
salve	281
sanatorium	281
savoury	281
scaly	281
scamming	281
scold	281
seducing	281
senpai	281
sentimentality	281
shabaab	281
shaolin	281
shimon	281
shined	281
slo	281
smearing	281
smudge	281
sociedad	281
speckled	281
stallone	281
subsidised	281
subtype	281
subtypes	281
supplanted	281
surfboard	281
swatch	281
sweatshirts	281
switchboard	281
synthesizer	281
taboos	281
tahir	281
tbilisi	281
teflon	281
telecoms	281
tempers	281
tencent	281
terrorized	281
terrorizing	281
tet	281
thebes	281
tibetans	281
tierney	281
tierra	281
toenails	281
tonya	281
toothpick	281
topshop	281
touting	281
tradesmen	281
transporters	281
travolta	281
trifecta	281
trois	281
trs	281
trumped	281
twinkling	281
underserved	281
undertones	281
unfairness	281
unwieldy	281
urinate	281
urology	281
v's	281
valley's	281
vero	281
vertebral	281
veteran's	281
vexed	281
vibrates	281
viennese	281
vignettes	281
vinson	281
vivienne	281
voc	281
vocalists	281
voids	281
wada	281
waitresses	281
warping	281
welbeck	281
westeros	281
whacked	281
whisperer	281
whitewash	281
whitewashed	281
widths	281
wingspan	281
winton	281
wiper	281
wipers	281
wristband	281
xxl	281
yarra	281
yeltsin	281
abdication	280
adirondack	280
admittance	280
adolph	280
aggravate	280
aia	280
airbase	280
aircraft's	280
alcohols	280
alpaca	280
alveolar	280
aly	280
ambivalence	280
amped	280
amphitheater	280
andrade	280
ansari	280
anthropogenic	280
appendages	280
appraisals	280
appraiser	280
arboretum	280
archivist	280
aretha	280
argent	280
argentina's	280
arraignment	280
arsehole	280
arvind	280
asahi	280
asgard	280
astrologer	280
awd	280
ball's	280
banknotes	280
beaker	280
belcher	280
belted	280
bereft	280
bezel	280
bhutto	280
bicentennial	280
biff	280
blackberries	280
blair's	280
blameless	280
blasio	280
blindfold	280
bobcat	280
bock	280
booties	280
borno	280
bottlenecks	280
bravado	280
brokered	280
bruce's	280
bruges	280
bucking	280
buffoon	280
bullseye	280
bumbling	280
byzantium	280
cagr	280
calderon	280
canaveral	280
candor	280
canines	280
capitalizing	280
carats	280
caretakers	280
cassava	280
cellulite	280
cervantes	280
changers	280
chaste	280
chucky	280
clamoring	280
clarke's	280
cobbled	280
communicable	280
compatriot	280
computations	280
concorde	280
consuls	280
conti	280
convergent	280
copd	280
cordova	280
cosmological	280
cossack	280
courtois	280
cpd	280
craps	280
crazies	280
creaking	280
creatine	280
creatives	280
crick	280
crohn's	280
cronin	280
crumbles	280
cypher	280
darnell	280
dazzled	280
decomposing	280
dekalb	280
demetrius	280
deploys	280
derision	280
dermal	280
destabilize	280
dfs	280
diameters	280
digimon	280
dollhouse	280
donned	280
dosages	280
dramatist	280
dressage	280
duc	280
dumont	280
dunks	280
dysentery	280
eas	280
ecologically	280
elaborating	280
emeralds	280
enumerated	280
executable	280
extradited	280
fait	280
fallin	280
faltered	280
farnsworth	280
fightin	280
filet	280
firmness	280
flannery	280
flipper	280
fml	280
fnc	280
follicle	280
foreclosures	280
frasier	280
frayed	280
frenchmen	280
furlong	280
genocidal	280
germination	280
geyser	280
gibbon	280
gilligan	280
gimp	280
glorifying	280
gonzo	280
goodie	280
gorges	280
graff	280
grainger	280
greaves	280
greening	280
greenleaf	280
greenwald	280
greenway	280
gresham	280
gretzky	280
grinders	280
griswold	280
grooms	280
grumble	280
guevara	280
hairspray	280
hani	280
hardback	280
harvey's	280
healthful	280
hearse	280
helplessly	280
heralds	280
herbicide	280
homemaker	280
hotdog	280
hots	280
hpa	280
hrt	280
huggins	280
hunan	280
hunched	280
hyena	280
hypnotized	280
igniting	280
illuminates	280
immaturity	280
impeding	280
impostor	280
incensed	280
inclement	280
inferences	280
ingesting	280
intercepting	280
iridescent	280
janssen	280
jinping	280
jordi	280
judi	280
justifiably	280
kannada	280
kata	280
kilowatt	280
knelt	280
kol	280
krystal	280
laborious	280
landfills	280
latter's	280
laval	280
lavishly	280
lazar	280
legible	280
lingual	280
liquidate	280
livable	280
lobo	280
loftus	280
loomed	280
lovejoy	280
lowercase	280
lpga	280
lusty	280
macao	280
maddening	280
malnourished	280
mami	280
manassas	280
manna	280
manufacturer's	280
maria's	280
martine	280
massaging	280
materiel	280
mchenry	280
menlo	280
mennonite	280
messier	280
mgr	280
microcosm	280
miki	280
mille	280
milos	280
miscarriages	280
misdeeds	280
mishra	280
mixtapes	280
moaned	280
monrovia	280
moro	280
muhammed	280
multifaceted	280
multiplicity	280
nac	280
nagpur	280
nasir	280
naylor	280
nba's	280
neurosurgeon	280
nist	280
noe	280
norah	280
norbert	280
nullified	280
nutter	280
obsessively	280
occured	280
olde	280
ooze	280
orangutan	280
orbs	280
oregano	280
organics	280
orig	280
osmond	280
outdone	280
outplayed	280
outrageously	280
outro	280
pacino	280
palisades	280
palmer's	280
paloma	280
pandey	280
paraphrasing	280
parliamentarian	280
partied	280
passable	280
pasteur	280
pasting	280
patted	280
pease	280
peels	280
peeve	280
pendants	280
perishable	280
persie	280
personas	280
perv	280
pfc	280
photojournalist	280
pinks	280
plunges	280
politburo	280
polystyrene	280
pontiff	280
portrayals	280
postulated	280
pows	280
preemptive	280
pretender	280
primers	280
proletarian	280
prolonging	280
prong	280
prosthesis	280
prosthetics	280
psc	280
puny	280
qf	280
quantico	280
quarrels	280
quilted	280
quilts	280
radium	280
ramming	280
rancid	280
reassess	280
reb	280
recoverable	280
rectangles	280
rediscover	280
redistricting	280
ree	280
reissued	280
renner	280
reorganize	280
replayed	280
reservists	280
resonator	280
restlessness	280
retaliated	280
retirements	280
revives	280
revolted	280
robin's	280
rojas	280
roms	280
royalist	280
rpgs	280
ryo	280
savile	280
sawed	280
sayers	280
schilling	280
screenwriting	280
sculpt	280
selectivity	280
shatters	280
shopkeepers	280
sicker	280
signified	280
simi	280
sita	280
sizzle	280
skated	280
sloop	280
smu	280
snoopy	280
sobbed	280
spooner	280
spotter	280
squint	280
statisticians	280
stenosis	280
strathclyde	280
stv	280
subsystems	280
suffocation	280
surpluses	280
surrenders	280
syndication	280
tailgating	280
tama	280
tapestries	280
teamsters	280
technologists	280
tenfold	280
terrify	280
terry's	280
there're	280
thrall	280
throng	280
tianjin	280
togetherness	280
tolerances	280
tongs	280
topographical	280
traceable	280
trieste	280
trite	280
tryouts	280
tues	280
tusks	280
tylenol	280
undamaged	280
unpacked	280
unrivalled	280
urgh	280
urinating	280
verily	280
vga	280
vir	280
visualized	280
vitae	280
vocally	280
wadi	280
walkthrough	280
wallow	280
ward's	280
washroom	280
weldon	280
whigs	280
widgets	280
wilkie	280
wily	280
winks	280
wol	280
womack	280
wood's	280
workhouse	280
worshiping	280
wouldn	280
xian	280
z's	280
zum	280
zz	280
aam	279
abingdon	279
acetone	279
actuarial	279
adel	279
adventist	279
albemarle	279
alcatraz	279
allah's	279
allot	279
amine	279
amma	279
anathema	279
angelique	279
anni	279
anz	279
appeasement	279
appropriating	279
artisanal	279
ascertained	279
asperger's	279
auguste	279
aurelius	279
aureus	279
authorise	279
bacchus	279
bantam	279
barked	279
barrack	279
baseball's	279
batty	279
belive	279
bellow	279
belvedere	279
benefactors	279
betta	279
bhopal	279
bia	279
bitty	279
blurb	279
bonham	279
bonsai	279
boro	279
bosworth	279
boyish	279
bps	279
brian's	279
bron	279
bronte	279
brownlow	279
buckwheat	279
bushel	279
busses	279
bute	279
buttercup	279
calibrate	279
callback	279
campsites	279
candlestick	279
capricious	279
carcinogenic	279
cartagena	279
cataracts	279
cation	279
caveats	279
cdu	279
cel	279
centaur	279
centipede	279
chested	279
chiffon	279
chirp	279
chloroform	279
chromatin	279
citibank	279
clays	279
clogs	279
coaxial	279
colluding	279
colman	279
commutes	279
completions	279
conch	279
concocted	279
conditioners	279
condon	279
confucian	279
conspirator	279
conveyance	279
coronado	279
corrie	279
corsica	279
cosgrove	279
cotter	279
cottonwood	279
cranberries	279
crankshaft	279
crew's	279
cristo	279
crossbar	279
cytokines	279
dawning	279
delicacies	279
demarcation	279
desai	279
desalination	279
desktops	279
determinations	279
dictatorships	279
digby	279
dildos	279
dimly	279
discernment	279
dislodge	279
dismembered	279
disrepair	279
dissertations	279
doings	279
doorman	279
drogba	279
duckworth	279
duets	279
dunfermline	279
eames	279
easement	279
ebitda	279
eis	279
eloise	279
emilie	279
emulated	279
emulating	279
endorphins	279
engrossed	279
entwined	279
eren	279
espinosa	279
euclidean	279
euler	279
evacuations	279
ewe	279
exponents	279
extraneous	279
exuberance	279
eyeglasses	279
falsehoods	279
familiarize	279
fap	279
fastening	279
fenwick	279
ferrous	279
feta	279
florian	279
forearms	279
foreboding	279
foster's	279
frieze	279
gangnam	279
gatekeeper	279
generation's	279
giacomo	279
glyn	279
golem	279
gossiping	279
gracias	279
grafting	279
granules	279
gridlock	279
guarantor	279
guard's	279
gujarati	279
gy	279
hanlon	279
happend	279
hares	279
haywood	279
herbaceous	279
herodotus	279
hightower	279
hilliard	279
hinckley	279
hither	279
hol	279
holbrook	279
homeboy	279
honing	279
honky	279
honorably	279
horan	279
hoskins	279
hoyer	279
humber	279
hurriedly	279
hyping	279
idioms	279
iga	279
illusory	279
illustrators	279
ilo	279
iman	279
inadequacy	279
inadvertent	279
inaudible	279
incapacity	279
indiana's	279
industrious	279
infects	279
inflating	279
ingress	279
insufferable	279
int'l	279
interred	279
interrogations	279
intrusions	279
isometric	279
j's	279
javi	279
jeeps	279
jett	279
jib	279
jinnah	279
journeyed	279
jute	279
kauffman	279
kejriwal	279
kel	279
kevlar	279
kkr	279
kristian	279
laissez	279
layoff	279
leica	279
leper	279
levee	279
lewin	279
lido	279
lise	279
loci	279
loos	279
lotteries	279
loudspeakers	279
lovett	279
lucerne	279
lurch	279
madrid's	279
magnificence	279
majid	279
majored	279
malaysians	279
malfunctions	279
mamas	279
mangoes	279
manipur	279
margaritas	279
martens	279
mason's	279
matchmaker	279
matlab	279
mattie	279
mayhew	279
mcphee	279
measly	279
megapixel	279
mellitus	279
meringue	279
miami's	279
minstrel	279
modesto	279
monaghan	279
mondo	279
moronic	279
mouthing	279
movement's	279
muddle	279
multidimensional	279
nabbed	279
nantes	279
narrate	279
nathalie	279
naturalism	279
navigated	279
neoclassical	279
neoliberalism	279
neutered	279
neve	279
neverland	279
newsworthy	279
nomura	279
normalizing	279
northerners	279
nts	279
oaxaca	279
obliterate	279
ocr	279
oeuvre	279
omnipresent	279
oneida	279
ontario's	279
ordinator	279
organisation's	279
osmosis	279
outcrops	279
overhang	279
oxley	279
paganism	279
pail	279
palatine	279
paleontology	279
parabolic	279
paradoxes	279
pare	279
parkour	279
parlance	279
permafrost	279
permutations	279
persecute	279
phat	279
pixies	279
plexus	279
politic	279
poncho	279
poolside	279
pornstars	279
preeminent	279
prefabricated	279
premiering	279
presbytery	279
preservative	279
presse	279
presser	279
prioritise	279
probs	279
propelling	279
propriety	279
provisionally	279
pythons	279
qbs	279
quartered	279
quigley	279
rainey	279
rapunzel	279
rattles	279
razed	279
recitals	279
reconstructing	279
rejuvenation	279
repatriated	279
reposted	279
resection	279
reseller	279
roald	279
robles	279
rockland	279
ruffle	279
saito	279
samar	279
sarcophagus	279
sardar	279
sarin	279
sartre	279
saud	279
scab	279
schenectady	279
schlesinger	279
scoot	279
scp	279
scratchy	279
scuffle	279
secede	279
seep	279
sensuous	279
shabbat	279
shakti	279
shanti	279
shaver	279
sherpa	279
showy	279
sideboard	279
silks	279
silliness	279
sills	279
sisi	279
skittles	279
skyler	279
skyrocket	279
smalling	279
sns	279
softest	279
sonora	279
sor	279
spate	279
spellings	279
splinters	279
squeezes	279
starks	279
stasi	279
stealthy	279
stereotyped	279
storybook	279
stowed	279
strobe	279
stryker	279
stylists	279
subduction	279
submersible	279
suburbia	279
sud	279
sulu	279
superlative	279
surmounted	279
swarovski	279
sylvan	279
symphonies	279
tabby	279
taiwan's	279
tamils	279
tatar	279
tatars	279
technologist	279
templars	279
terrorize	279
thorium	279
throes	279
tiananmen	279
tilts	279
tion	279
tomboy	279
tonsils	279
transfusions	279
traumas	279
triassic	279
tricycle	279
trp	279
truro	279
umass	279
unaltered	279
unapologetic	279
unclassified	279
uncool	279
unfavourable	279
unloved	279
unmasked	279
unsightly	279
uptick	279
urchin	279
vandal	279
vhf	279
villanova	279
violators	279
vise	279
vj	279
walsall	279
wasn	279
watertight	279
wavering	279
wherefore	279
whoo	279
wildflowers	279
windward	279
wip	279
witcher	279
wok	279
woodcock	279
xiang	279
xtreme	279
yahya	279
yoy	279
zag	279
zips	279
abstained	278
accretion	278
activator	278
aeroplanes	278
aerosmith	278
affirmations	278
afresh	278
ahs	278
allahabad	278
allotments	278
annular	278
appetizers	278
appleby	278
appraised	278
appreciable	278
aquila	278
arnaud	278
associative	278
asst	278
assuredly	278
atherosclerosis	278
auctioneers	278
augsburg	278
aural	278
automakers	278
bachmann	278
backroom	278
baited	278
banksy	278
bap	278
barracuda	278
bcc	278
beauchamp	278
beethoven's	278
belarusian	278
benefitting	278
benevolence	278
bettering	278
bewitched	278
bil	278
blazes	278
blimp	278
bls	278
bodywork	278
bondholders	278
bookcase	278
boucher	278
bracken	278
bridle	278
bruv	278
buddy's	278
buford	278
bullard	278
bullshitting	278
butterworth	278
cassini	278
castration	278
cathay	278
caudal	278
charing	278
cheeseburgers	278
chews	278
chiles	278
chillin	278
choruses	278
chowder	278
clary	278
clinching	278
cmd	278
cogs	278
collarbone	278
colonize	278
condolence	278
conjugated	278
conquerors	278
consents	278
constructively	278
cordoba	278
cov	278
crackle	278
crematorium	278
crests	278
croissant	278
crustaceans	278
cryin	278
cryogenic	278
curbs	278
dally	278
decoded	278
decontamination	278
defenceman	278
delle	278
delving	278
demonstrably	278
deniers	278
depositors	278
despises	278
devolve	278
devotes	278
dha	278
diana's	278
diffuser	278
dispersing	278
disposals	278
dj's	278
dominguez	278
dor	278
dpp	278
drucker	278
dupe	278
duster	278
eatery	278
electronica	278
elms	278
elongate	278
elude	278
embattled	278
employer's	278
enamored	278
encephalitis	278
ender	278
endowments	278
entertainments	278
enthralled	278
escalates	278
eskimos	278
eso	278
esplanade	278
etch	278
eustace	278
evangelists	278
excavating	278
expelling	278
eyewear	278
fairgrounds	278
fallacies	278
farted	278
favoritism	278
fenders	278
fervently	278
feudalism	278
fireproof	278
flounder	278
foetus	278
forthright	278
frans	278
gaon	278
gaylord	278
geisha	278
gelato	278
gemstones	278
giza	278
glade	278
glassy	278
gleefully	278
glycogen	278
gm's	278
godsend	278
gofundme	278
goodall	278
grasshoppers	278
groped	278
grubby	278
guan	278
gulch	278
gynecologist	278
hacienda	278
hairpin	278
halliday	278
hannah's	278
hannover	278
harnesses	278
hart's	278
haru	278
hatter	278
hausa	278
hawes	278
hazelnut	278
hbo's	278
hendrick	278
hiker	278
hilbert	278
hj	278
homologous	278
horseshit	278
howls	278
hsc	278
hummer	278
hydrating	278
hyo	278
icp	278
ifc	278
iffy	278
immovable	278
impaled	278
inspectorate	278
interstitial	278
inverter	278
iona	278
irate	278
isu	278
iverson	278
jake's	278
jeju	278
jezebel	278
jf	278
jizz	278
joliet	278
joshi	278
jugular	278
kean	278
kelli	278
kerrigan	278
kickstart	278
killian	278
kinsey	278
kirkwood	278
knockdown	278
konstantin	278
kor	278
krugman	278
ladd	278
lagoons	278
lapis	278
laramie	278
lessening	278
lethargic	278
lga	278
liberator	278
ligature	278
linkin	278
lipped	278
littering	278
livers	278
logan's	278
longhorns	278
loony	278
loveliest	278
lse	278
lynchburg	278
maggot	278
mahesh	278
malek	278
malkin	278
mambo	278
mandala	278
mandolin	278
manhattan's	278
margie	278
marinated	278
martinique	278
maryam	278
mbs	278
mcguinness	278
mcnulty	278
mediaeval	278
megaphone	278
megawatts	278
merci	278
milfs	278
militarism	278
millimetres	278
mim	278
misfortunes	278
mismatched	278
missus	278
miyazaki	278
moab	278
modernizing	278
moped	278
morrison's	278
moser	278
mountaineers	278
msf	278
mugging	278
multiplex	278
musica	278
nang	278
nar	278
nickels	278
nicol	278
noelle	278
o'grady	278
obstructions	278
odom	278
oktoberfest	278
oncologist	278
onside	278
opel	278
opiates	278
optimally	278
optionally	278
oscillating	278
outperformed	278
overlaid	278
overlapped	278
pamper	278
panacea	278
parc	278
parietal	278
parkes	278
patronizing	278
pauper	278
pedersen	278
peppered	278
pestilence	278
pews	278
pewter	278
philippa	278
philosophically	278
pineapples	278
pippin	278
pittsburg	278
plainfield	278
plenum	278
polygraph	278
popup	278
precipitate	278
principality	278
priori	278
professor's	278
pronged	278
proofing	278
propping	278
protease	278
proust	278
punchline	278
purges	278
px	278
queenstown	278
quintana	278
radish	278
rashad	278
rds	278
receded	278
reciprocate	278
recklessness	278
regenerating	278
remaking	278
repetitions	278
republic's	278
restock	278
restorations	278
retweets	278
reykjavik	278
rickie	278
roasts	278
rocha	278
rotunda	278
roundhouse	278
rowed	278
roy's	278
rpi	278
rushmore	278
sanctioning	278
sativa	278
savour	278
sawing	278
scarab	278
schengen	278
scoff	278
scythe	278
searle	278
secretions	278
sedated	278
semper	278
sepia	278
severus	278
shaffer	278
shamans	278
shipley	278
shoveling	278
shs	278
silvers	278
sinaloa	278
sketchbook	278
skirting	278
slapstick	278
slinging	278
smythe	278
so's	278
sourdough	278
spiking	278
spires	278
sprinters	278
sprouted	278
squirm	278
srt	278
staircases	278
stepdaughter	278
stm	278
stoney	278
strategists	278
stupendous	278
sunbathing	278
supercars	278
surrealism	278
surya	278
sys	278
tabitha	278
tabor	278
takashi	278
tarrant	278
tca	278
telepathic	278
telescopic	278
tellers	278
telstra	278
tenderly	278
termite	278
theron	278
thicke	278
thickens	278
thongs	278
thurs	278
tig	278
tiger's	278
timetables	278
tortoises	278
transcriptional	278
transgenic	278
trimmer	278
trudy	278
twa	278
ucc	278
underscored	278
undiagnosed	278
unease	278
univision	278
unrequited	278
uptime	278
urinal	278
urls	278
usf	278
usurped	278
vagabond	278
vamos	278
vanuatu	278
varna	278
vaseline	278
vedas	278
vestiges	278
vipers	278
virtualization	278
visage	278
vk	278
warne	278
webcams	278
wechat	278
weeps	278
wel	278
wether	278
wham	278
wien	278
winked	278
woodville	278
woohoo	278
wook	278
writhing	278
wuhan	278
yardage	278
yg	278
yue	278
zeitung	278
zing	278
zumba	278
ablation	277
abo	277
accelerators	277
actuator	277
adkins	277
admirals	277
adrenalin	277
advertises	277
agribusiness	277
aguirre	277
aig	277
aja	277
aleksandr	277
algorithmic	277
alignments	277
alleviating	277
alsace	277
amass	277
amok	277
anatolia	277
androgen	277
angina	277
animating	277
anthologies	277
apolitical	277
apologist	277
appalachia	277
arcades	277
archeology	277
arian	277
asf	277
astrological	277
auger	277
ayala	277
babble	277
babs	277
baillie	277
balinese	277
bankruptcies	277
barman	277
barrows	277
baruch	277
bay's	277
beachfront	277
beatrix	277
beckman	277
berlusconi	277
bic	277
blighted	277
blinks	277
bloodborne	277
borrowings	277
botha	277
bottas	277
bouncers	277
brea	277
buoys	277
cady	277
camouflaged	277
cardi	277
carrera	277
cartesian	277
catalogued	277
catastrophes	277
cerberus	277
chalkboard	277
chantal	277
chappelle	277
charlestown	277
cheerios	277
chica	277
childress	277
chorizo	277
chubb	277
cockney	277
collated	277
comically	277
commoners	277
compiles	277
conde	277
conjoined	277
conservationists	277
controversially	277
credo	277
crevices	277
cri	277
critter	277
csc	277
culminates	277
cytoplasm	277
dap	277
darpa	277
ddr	277
deadbeat	277
debauchery	277
decrepit	277
dejected	277
democratization	277
denison	277
dented	277
deprecating	277
derided	277
designates	277
despatched	277
dimples	277
dirtiest	277
djibouti	277
domenico	277
driest	277
dubbing	277
dubuque	277
durbin	277
dweller	277
dynastic	277
edouard	277
edward's	277
eea	277
elan	277
elinor	277
elkins	277
elo	277
embarrassingly	277
embolism	277
enclose	277
engine's	277
entree	277
enzymatic	277
eradicating	277
esmeralda	277
esophageal	277
essen	277
euston	277
figueroa	277
firs	277
flashlights	277
flaunting	277
flavoring	277
flirtatious	277
flue	277
formulae	277
frankfort	277
frescoes	277
fuckery	277
furness	277
futurama	277
fwd	277
gam	277
gandhi's	277
gatherer	277
generative	277
gentleness	277
ghouls	277
globalist	277
gnarly	277
gnostic	277
grassley	277
greenbelt	277
grier	277
griggs	277
guadalajara	277
handicrafts	277
haphazard	277
harrison's	277
haus	277
headliners	277
hempstead	277
hippos	277
hollande	277
huck	277
hyperion	277
hypersensitivity	277
inaccuracy	277
inadmissible	277
indecision	277
indomitable	277
infidel	277
inhabits	277
ini	277
inr	277
insemination	277
insinuating	277
inst	277
intelligible	277
intervenes	277
ionizing	277
irrevocably	277
islets	277
ivanov	277
jayden	277
jimbo	277
jocks	277
juba	277
judgemental	277
jurisdictional	277
kama	277
kenosha	277
kentucky's	277
kidnapper	277
kiran	277
knesset	277
krusty	277
krypton	277
kuan	277
kuo	277
lagrange	277
lapel	277
laverne	277
leaped	277
liao	277
lichen	277
liechtenstein	277
lindbergh	277
lino	277
litmus	277
llewellyn	277
longman	277
magellan	277
magnificently	277
magnify	277
malachi	277
marnie	277
marques	277
masha	277
matador	277
maxed	277
mccain's	277
mcdougall	277
mcm	277
mda	277
meera	277
megatron	277
mehmet	277
mendel	277
meniscus	277
menthol	277
methodically	277
mightily	277
misjudged	277
miso	277
monotone	277
monstrosity	277
mordecai	277
moseley	277
mourns	277
mowed	277
mst	277
muskets	277
mutter	277
naismith	277
nationale	277
navigators	277
neb	277
netflix's	277
nineveh	277
nostril	277
nothings	277
notting	277
numeral	277
oddity	277
odious	277
odo	277
offbeat	277
officio	277
omb	277
omens	277
operandi	277
opie	277
opportunist	277
orifice	277
ornamentation	277
overcoat	277
overreaction	277
overused	277
pag	277
pah	277
painkiller	277
panchayat	277
pansy	277
parading	277
parte	277
parti	277
pathologists	277
patter	277
peerage	277
peirce	277
peloton	277
permissive	277
phrased	277
pieced	277
pittman	277
placate	277
ploughed	277
polynomials	277
posited	277
postsecondary	277
powdery	277
ppe	277
pram	277
prescriptive	277
preying	277
psst	277
purifying	277
puritans	277
pushback	277
quads	277
radicalized	277
ragnar	277
ramesh	277
rampart	277
rapporteur	277
rav	277
rcs	277
reaped	277
recesses	277
redeemable	277
redistribute	277
redistributed	277
refraction	277
reinvented	277
rejections	277
rejuvenated	277
reloading	277
reminiscences	277
remittances	277
remus	277
renewals	277
renter	277
revels	277
revolvers	277
ringside	277
rinsed	277
riverbank	277
rockingham	277
rog	277
ronin	277
roofed	277
rouen	277
rourke	277
rousey	277
rowers	277
sab	277
safes	277
saif	277
salma	277
sarkozy	277
scoundrel	277
scouted	277
sdi	277
seamstress	277
sevastopol	277
shifty	277
showman	277
sibley	277
siobhan	277
slacking	277
slashes	277
slob	277
sneezes	277
snubbed	277
sojourn	277
sounders	277
soured	277
sousa	277
southernmost	277
spitzer	277
splatter	277
sputnik	277
squirting	277
stanhope	277
stipulate	277
stipulations	277
straddle	277
subbing	277
sumter	277
suzie	277
swatches	277
sweeten	277
swinger	277
talib	277
tallies	277
talons	277
tawny	277
tbd	277
tenured	277
terriers	277
thereon	277
throwaway	277
thunderous	277
tiffany's	277
tigris	277
transcontinental	277
trims	277
trott	277
tui	277
tweezers	277
twerking	277
typographical	277
ubi	277
unbeknownst	277
unchained	277
unedited	277
unelected	277
unleashes	277
uplands	277
uppsala	277
upstanding	277
vallejo	277
vapors	277
verma	277
vertebra	277
viaduct	277
vino	277
voracious	277
warbler	277
wart	277
wasabi	277
waterworks	277
wettest	277
whammy	277
whedon	277
whines	277
whitechapel	277
wich	277
wilful	277
willa	277
wisconsin's	277
wittgenstein	277
wolfsburg	277
wye	277
xia	277
yams	277
yorktown	277
yui	277
zeitgeist	277
aaron's	276
abb	276
accentuate	276
adf	276
adipose	276
adjudication	276
adl	276
advices	276
affording	276
aggravation	276
aggregator	276
agua	276
ainsworth	276
airforce	276
ait	276
aldermen	276
alvarado	276
amazonian	276
aml	276
amorous	276
anabolic	276
andersson	276
anemic	276
anima	276
anointing	276
apologising	276
apostrophe	276
appellation	276
appendage	276
appendicitis	276
appropriateness	276
aquariums	276
artur	276
ary	276
ashley's	276
assad's	276
autumnal	276
awash	276
backstreet	276
bagley	276
balling	276
bandai	276
banerjee	276
banishment	276
baptised	276
basra	276
bate	276
bawling	276
bayard	276
bayonets	276
beastly	276
becket	276
beetroot	276
berkley	276
beto	276
billy's	276
bim	276
birdies	276
blockbusters	276
bluffing	276
bonita	276
bonjour	276
boomed	276
boson	276
brainchild	276
brawn	276
bridegroom	276
buh	276
bulwark	276
butthurt	276
candidly	276
cappella	276
capsized	276
carne	276
cartman	276
cec	276
chapo	276
chatsworth	276
chauncey	276
chien	276
chippewa	276
christa	276
ciara	276
ciudad	276
conciliatory	276
condensate	276
condiments	276
conferring	276
convening	276
correspondingly	276
corrigan	276
crit	276
crouched	276
crusoe	276
crybaby	276
culpability	276
cyberpunk	276
deflecting	276
desegregation	276
deserters	276
deservedly	276
devalued	276
digress	276
dijon	276
dinesh	276
disappoints	276
discus	276
distinctively	276
diverged	276
division's	276
dla	276
dnr	276
doa	276
dryers	276
dumbarton	276
eatin	276
ece	276
eduard	276
elaborately	276
elevates	276
empathize	276
encrypt	276
endocrinology	276
energetically	276
energize	276
enix	276
entertains	276
estimator	276
event's	276
excellently	276
exerts	276
extrusion	276
facades	276
fagan	276
farnham	276
felling	276
fester	276
feuding	276
flexed	276
flywheel	276
foams	276
foregone	276
foreshadowed	276
foreshadowing	276
formosa	276
fortnightly	276
fourths	276
freshest	276
fringed	276
ftse	276
fulcrum	276
funnels	276
furman	276
gaiman	276
galbraith	276
gallic	276
geddes	276
ghosh	276
gilliam	276
gilroy	276
ginseng	276
gnomes	276
goodrich	276
goodwood	276
gophers	276
goths	276
grandest	276
greece's	276
grimy	276
gsp	276
gung	276
gunter	276
hadid	276
hanukkah	276
hardball	276
hargreaves	276
harriman	276
hatcher	276
headstone	276
heil	276
herbicides	276
heterogeneity	276
hibiscus	276
hillman	276
hin	276
hitchens	276
hob	276
hows	276
hwan	276
hyperactive	276
hysterectomy	276
iberia	276
icky	276
identically	276
immediacy	276
immunotherapy	276
improvising	276
inbreeding	276
incisive	276
inconspicuous	276
indebtedness	276
indentured	276
infiniti	276
inhabitant	276
inhospitable	276
inoperable	276
instigate	276
insufficiently	276
intercession	276
interferon	276
intersects	276
irrevocable	276
irritability	276
islet	276
israelite	276
ivoire	276
jaden	276
jaffe	276
janie	276
jefferies	276
jessica's	276
johansen	276
jonathon	276
juris	276
kaduna	276
kcal	276
ker	276
keychain	276
khorasan	276
kojima	276
kraus	276
kravitz	276
krieger	276
laity	276
landlocked	276
latterly	276
leaner	276
legos	276
leukaemia	276
leyte	276
licensure	276
lighthouses	276
lingua	276
lipton	276
llamas	276
lts	276
lucy's	276
luminaries	276
lz	276
makings	276
maldonado	276
maleficent	276
maniacs	276
manifolds	276
maradona	276
marrakech	276
mauro	276
mcfly	276
mckinsey	276
mcl	276
medea	276
mek	276
mesmerized	276
midge	276
milked	276
minotaur	276
misfit	276
miu	276
moana	276
moorish	276
morgana	276
mosquitos	276
mottled	276
moulton	276
mountaineer	276
mountainside	276
mov	276
mp's	276
mucous	276
mulholland	276
murmuring	276
mvc	276
myer	276
mythos	276
naa	276
najib	276
nationalized	276
nca	276
neutrinos	276
nips	276
northside	276
nuevo	276
nus	276
nusra	276
obamas	276
obelisk	276
oddball	276
offload	276
ohio's	276
osa	276
osteoarthritis	276
otago	276
outcrop	276
outlander	276
overestimated	276
overloading	276
overthrowing	276
oxfam	276
padua	276
pageants	276
paley	276
panning	276
pari	276
pariah	276
parka	276
parke	276
paton	276
peddle	276
peerless	276
pentium	276
permanence	276
permeable	276
personhood	276
pil	276
pillage	276
pistachio	276
planing	276
plebiscite	276
ploughing	276
poisson	276
polynesia	276
polyurethane	276
posit	276
poughkeepsie	276
precipice	276
presuming	276
puked	276
queued	276
quickie	276
rahim	276
raina	276
ralston	276
randi	276
ravages	276
ravenous	276
realy	276
rearranging	276
reclusive	276
reek	276
regenerated	276
regimens	276
reinhold	276
reinstall	276
rena	276
req	276
resold	276
rimmed	276
rind	276
riparian	276
risers	276
riverfront	276
rosebud	276
rtd	276
ruck	276
rumsfeld	276
runaways	276
salamander	276
santorum	276
sats	276
satya	276
scalpel	276
scraper	276
scribbled	276
scrutinize	276
seatbelts	276
sedate	276
senator's	276
sfa	276
shallower	276
shaves	276
sheep's	276
shou	276
shriek	276
simulates	276
singularly	276
sinkhole	276
skimpy	276
slavs	276
sloped	276
snore	276
solaris	276
sooners	276
sorceress	276
spaceflight	276
spe	276
spender	276
sphincter	276
spooks	276
sport's	276
squires	276
stalinist	276
stank	276
sternum	276
stockbroker	276
stoppers	276
storytellers	276
strachan	276
strangulation	276
stratification	276
stratified	276
streaked	276
stretchy	276
subject's	276
suckling	276
sucrose	276
suleiman	276
sundae	276
sundry	276
supercomputer	276
svetlana	276
swampy	276
synapse	276
tasking	276
tidings	276
toothache	276
tranquillity	276
transitive	276
trickling	276
trigonometry	276
trimmings	276
tupperware	276
tur	276
tutelage	276
twos	276
typhus	276
uhf	276
unaffiliated	276
unconscionable	276
underlines	276
unflattering	276
unrecognizable	276
uns	276
unscheduled	276
unstructured	276
vagrant	276
veracruz	276
viacom	276
vidya	276
vlog	276
voiceless	276
volga	276
volgograd	276
waka	276
walkout	276
wands	276
wearables	276
whosoever	276
willamette	276
wimpy	276
woodman	276
wordplay	276
work's	276
worthing	276
aarp	275
abou	275
abstractions	275
acceptor	275
acrobatics	275
aerobics	275
afd	275
alabama's	275
alertness	275
alleyway	275
amenity	275
angrier	275
antilles	275
arabella	275
arnhem	275
arno	275
ascribe	275
aso	275
athlete's	275
athos	275
attenuated	275
atticus	275
atx	275
augusto	275
avenging	275
azerbaijani	275
backcountry	275
bandana	275
bangles	275
barbarism	275
bareback	275
battlefront	275
bcci	275
beaters	275
bennett's	275
berne	275
biddle	275
billet	275
binaries	275
blackmailing	275
blissfully	275
bloodied	275
bobby's	275
boneless	275
borealis	275
brainless	275
breadcrumbs	275
breathable	275
bridged	275
brightening	275
bristle	275
buffaloes	275
bulkhead	275
bund	275
bur	275
burglaries	275
cacti	275
canaries	275
carded	275
carpool	275
cashew	275
cashiers	275
cavernous	275
ccm	275
cd's	275
cece	275
chaff	275
changeable	275
chaperone	275
chlorophyll	275
chroma	275
claret	275
cloister	275
clothe	275
clutched	275
cochlear	275
coen	275
complainants	275
comps	275
concomitant	275
constipated	275
consults	275
consummated	275
contemplates	275
coppola	275
corby	275
creationism	275
credential	275
crump	275
crunches	275
csp	275
cthulhu	275
ctv	275
cuba's	275
curiosities	275
cymbals	275
danforth	275
danny's	275
darkening	275
darrow	275
debs	275
debunking	275
decompose	275
ded	275
deepens	275
deformities	275
denier	275
denounces	275
destabilizing	275
detaining	275
determinism	275
dieu	275
digesting	275
dimmed	275
dingo	275
disaffected	275
disheartened	275
dispossessed	275
dissecting	275
dma	275
domicile	275
dominions	275
don'ts	275
donne	275
dreamland	275
dumbfounded	275
ecc	275
effie	275
effing	275
egotistical	275
elgar	275
elmore	275
emirate	275
empire's	275
encrusted	275
enticed	275
eph	275
erudite	275
estuaries	275
faintest	275
fasteners	275
fed's	275
fervour	275
fiends	275
finders	275
flattening	275
flirts	275
foursome	275
franchising	275
francophone	275
froth	275
furlough	275
galatians	275
galicia	275
galleria	275
gambled	275
garnering	275
gentlemen's	275
ghettos	275
gnawing	275
growths	275
gru	275
guile	275
gurley	275
hallo	275
hallows	275
hamiltonian	275
hangovers	275
havre	275
heartedly	275
heft	275
henrique	275
hibs	275
hideaway	275
hilarity	275
hiller	275
hillsides	275
holyrood	275
homeworld	275
homey	275
hortons	275
ils	275
imparted	275
impersonate	275
impropriety	275
inactivation	275
incompatibility	275
infact	275
instalments	275
intermediates	275
interment	275
introverts	275
irked	275
ivor	275
jardin	275
jbl	275
jemima	275
jenni	275
josh's	275
json	275
junkyard	275
jurists	275
juxtaposed	275
kaufmann	275
kennels	275
keri	275
kingship	275
kinshasa	275
kourtney	275
laa	275
lando	275
larissa	275
launceston	275
legitimize	275
leif	275
lifelike	275
lilian	275
lioness	275
lobos	275
locates	275
loin	275
loire	275
longterm	275
loveable	275
lovey	275
lowndes	275
lyin	275
maastricht	275
machine's	275
machinist	275
mainz	275
mandible	275
manhole	275
margate	275
marginalised	275
marigold	275
marinade	275
marla	275
matted	275
mattis	275
mcarthur	275
mcclain	275
mccord	275
melancholic	275
merlot	275
methodists	275
metoo	275
michal	275
middlemen	275
mineralogy	275
minibus	275
misdemeanors	275
modifies	275
modulus	275
monarchies	275
monogamy	275
monotony	275
mopping	275
mormonism	275
mortally	275
moveable	275
multinationals	275
musculoskeletal	275
mut	275
myeloma	275
nast	275
natty	275
navies	275
neapolitan	275
nebulous	275
negated	275
neurotransmitters	275
newberry	275
newspaper's	275
nilsson	275
nok	275
nots	275
nozzles	275
nrg	275
nucleotides	275
nwa	275
oberlin	275
obscuring	275
occlusion	275
oliveira	275
opa	275
osgood	275
outlived	275
overdoses	275
owen's	275
paralegal	275
pared	275
payrolls	275
peckham	275
peterson's	275
petrov	275
pieter	275
pikes	275
pim	275
pining	275
pinoy	275
piranha	275
pix	275
pocketed	275
ponte	275
porter's	275
posits	275
postmortem	275
postscript	275
prehistory	275
preterm	275
prismatic	275
prophesied	275
prototyping	275
prowl	275
psv	275
ptc	275
publisher's	275
pugs	275
puja	275
punchy	275
purr	275
pussycat	275
quagmire	275
quaid	275
quash	275
rackets	275
radiates	275
rafe	275
rahm	275
railed	275
raindrops	275
rajesh	275
ransacked	275
readability	275
reba	275
recieve	275
recieved	275
reciprocated	275
redman	275
redox	275
reductive	275
refundable	275
reinvestment	275
remedied	275
renews	275
replaying	275
repose	275
reptilian	275
restful	275
retraining	275
rewrote	275
riccardo	275
ricochet	275
rifts	275
rishi	275
rona	275
room's	275
rosh	275
rubric	275
savagely	275
scallop	275
scavengers	275
schoolmaster	275
schoolwork	275
scoffed	275
scoping	275
scoreline	275
searchers	275
seedling	275
setters	275
shaikh	275
shanty	275
shao	275
sharepoint	275
shat	275
sheba	275
sherri	275
shrew	275
shrimps	275
shush	275
signor	275
silencer	275
sind	275
singin	275
sited	275
slacker	275
sleight	275
smoldering	275
snowmobile	275
soapy	275
soloists	275
southgate	275
sovereigns	275
spaceships	275
spatially	275
speaker's	275
spectroscopic	275
speedily	275
spidey	275
spiky	275
stilts	275
stoddard	275
stoning	275
stp	275
straddling	275
strikeout	275
styrofoam	275
subpoenaed	275
subprime	275
subtleties	275
succumbing	275
sulfuric	275
sunroof	275
suppresses	275
surabaya	275
surrealist	275
suspenseful	275
swartz	275
tallinn	275
tanked	275
tattooing	275
tbi	275
tchaikovsky	275
tcm	275
teleportation	275
temperamental	275
teutonic	275
thakur	275
thiel	275
tock	275
tolerating	275
toning	275
traditionalist	275
trickier	275
tripartite	275
trujillo	275
tsai	275
twirling	275
udp	275
ultima	275
understudy	275
unguarded	275
unionized	275
unscientific	275
untamed	275
uo	275
upa	275
usn	275
utilisation	275
venn	275
vermilion	275
vesicles	275
vfx	275
victorians	275
visualizing	275
vivien	275
vor	275
vps	275
wafers	275
waver	275
weaning	275
webbing	275
wehrmacht	275
whoosh	275
winifred	275
winterfell	275
wmd	275
wooing	275
workloads	275
wracking	275
wring	275
xenophon	275
yar	275
ypres	275
zipped	275
zorro	275
abduct	274
abolitionist	274
adama	274
adb	274
addie	274
aether	274
affluence	274
agave	274
airport's	274
alexey	274
algebras	274
alhambra	274
amazons	274
amicus	274
amritsar	274
andaman	274
apothecary	274
applauds	274
apricots	274
art's	274
asbury	274
ashleigh	274
attica	274
audience's	274
authoring	274
ayer	274
backwoods	274
baddies	274
bagpipes	274
bainbridge	274
balsamic	274
bandcamp	274
barf	274
batten	274
beaks	274
beefy	274
benchmarking	274
benedictine	274
benitez	274
benning	274
berks	274
bernier	274
beseech	274
blackadder	274
blasters	274
bledsoe	274
boars	274
bodega	274
boing	274
bombard	274
bram	274
britannica	274
broads	274
brownlee	274
bru	274
buffon	274
butler's	274
camcorder	274
canola	274
casillas	274
casters	274
castrated	274
cav	274
cava	274
cbp	274
centre's	274
chapin	274
chipmunk	274
chronicling	274
chucking	274
chutney	274
claiborne	274
claire's	274
cllr	274
cochin	274
coda	274
coders	274
coker	274
colluded	274
colonoscopy	274
commies	274
compaq	274
composting	274
conceiving	274
conciliation	274
concurred	274
conjugation	274
conklin	274
contreras	274
coombs	274
coos	274
corollary	274
couldn	274
counterbalance	274
courtiers	274
cringing	274
cui	274
culminate	274
customised	274
cuyahoga	274
cybercrime	274
cytochrome	274
czechoslovak	274
darien	274
defaced	274
deh	274
dendritic	274
deporting	274
desecration	274
destinies	274
devo	274
devos	274
didactic	274
diversifying	274
do's	274
domestication	274
dominicans	274
dominick	274
donning	274
dorothea	274
drape	274
drax	274
drinkin	274
droplet	274
drunkard	274
dst	274
duds	274
dur	274
earp	274
electives	274
emphasising	274
enabler	274
endpoints	274
enforcers	274
engrossing	274
epistles	274
epithelium	274
ergonomics	274
eric's	274
eugenie	274
eukaryotic	274
evaporates	274
evers	274
excitable	274
fanned	274
ferro	274
fes	274
fevers	274
flaring	274
flirtation	274
flor	274
fora	274
fords	274
foresters	274
formulaic	274
frisky	274
funnily	274
garrisons	274
genesee	274
gerrymandering	274
ghibli	274
giant's	274
giulia	274
givers	274
glenda	274
glynn	274
gpl	274
gregorian	274
grisly	274
guesswork	274
gutting	274
gymnasts	274
haemorrhage	274
hairdressers	274
handpicked	274
handsets	274
harpercollins	274
hdl	274
head's	274
hendry	274
herndon	274
hetero	274
hollows	274
homeostasis	274
homeschooling	274
huckleberry	274
hutt	274
iguana	274
impassable	274
impatiently	274
imprints	274
incinerator	274
inclinations	274
individualistic	274
init	274
innit	274
insolent	274
instituting	274
insulator	274
invert	274
invertebrate	274
iridium	274
irrefutable	274
ivo	274
jacobi	274
jameis	274
jammer	274
jewry	274
jnr	274
jovial	274
jupiter's	274
justin's	274
kbs	274
kde	274
kenobi	274
keynesian	274
kidnappings	274
kippur	274
kitts	274
kohn	274
korn	274
kristy	274
laine	274
lasso	274
lattes	274
launder	274
laura's	274
legislated	274
lemma	274
lexie	274
lian	274
lillie	274
loaders	274
lonsdale	274
lowkey	274
ma's	274
mahi	274
maker's	274
manatee	274
mansour	274
mcilroy	274
mdc	274
meehan	274
mesothelioma	274
mib	274
minnesota's	274
mire	274
mlp	274
modulate	274
moisturizing	274
molybdenum	274
moncton	274
morecambe	274
motocross	274
motorcade	274
motorcyclist	274
moya	274
murakami	274
mussel	274
namaste	274
nanotubes	274
ncc	274
necessitates	274
neue	274
nihilism	274
nonchalant	274
noob	274
ntsb	274
nyx	274
obispo	274
oilfield	274
opportune	274
oppressor	274
orcas	274
orchestration	274
osi	274
oth	274
ouija	274
palmyra	274
panamanian	274
parapet	274
patterning	274
pejorative	274
penalize	274
penning	274
penrose	274
perseus	274
petitioning	274
pgs	274
pharaohs	274
phonograph	274
piggyback	274
pinochet	274
planetarium	274
poli	274
polis	274
porches	274
portico	274
postures	274
powerlifting	274
ppd	274
pravda	274
premarital	274
procreation	274
projective	274
proteus	274
pyramidal	274
qq	274
quarks	274
quashed	274
queried	274
quidditch	274
quivering	274
radeon	274
raff	274
rainforests	274
ramblings	274
ramparts	274
rasa	274
rascals	274
rebooted	274
receivership	274
redd	274
redstone	274
redux	274
reed's	274
refills	274
replenished	274
replenishment	274
rhoda	274
riveted	274
rok	274
romantics	274
rosette	274
rouhani	274
rsi	274
sacs	274
sainsbury's	274
saluting	274
sanguine	274
sav	274
saxophonist	274
scone	274
scs	274
seeping	274
sein	274
seminoles	274
serendipity	274
shareholding	274
shatner	274
shem	274
shim	274
shona	274
sian	274
smallville	274
solano	274
sophomores	274
soya	274
splattered	274
spr	274
squander	274
ssp	274
stalkers	274
stans	274
steen	274
steeple	274
sth	274
stig	274
stillborn	274
sturgis	274
superintendents	274
suspenders	274
suu	274
swerved	274
syndicates	274
tajik	274
tamer	274
taunted	274
taverns	274
tba	274
teasers	274
ted's	274
teenaged	274
thaddeus	274
thematically	274
timescale	274
toc	274
toke	274
toting	274
trademarked	274
trampling	274
tramways	274
transcended	274
twit	274
uaw	274
unconcerned	274
underbelly	274
underfunded	274
underperforming	274
undp	274
unlisted	274
unpredictability	274
uti	274
venezuela's	274
ventricle	274
vichy	274
vieira	274
vietnam's	274
vittorio	274
vulva	274
wahlberg	274
waistband	274
wap	274
warhammer	274
wayland	274
welker	274
whistled	274
wikimedia	274
winless	274
wipeout	274
wizardry	274
woollen	274
wooster	274
wyman	274
xrp	274
yamada	274
yuen	274
zanu	274
zonal	274
abatement	273
accentuated	273
acidification	273
acropolis	273
adaption	273
aer	273
agi	273
ahoy	273
aix	273
ako	273
allo	273
alston	273
alva	273
amiga	273
amplifying	273
anatoly	273
ann's	273
anorexic	273
anthropomorphic	273
aprons	273
archiving	273
arif	273
armoury	273
aro	273
arraigned	273
artichoke	273
attendances	273
autonomic	273
avignon	273
awh	273
baboon	273
baca	273
backfield	273
bahadur	273
bakes	273
balled	273
bally	273
bandung	273
barnum	273
bba	273
beaux	273
beeps	273
begotten	273
beleaguered	273
bennie	273
berlin's	273
bicarbonate	273
bigg	273
biome	273
birthed	273
boarder	273
boardman	273
bollinger	273
boudoir	273
bough	273
bounding	273
bowery	273
browned	273
brunner	273
bse	273
capo	273
carl's	273
casio	273
catalyzed	273
categorised	273
caterer	273
cay	273
celibate	273
chancel	273
chekhov	273
chiming	273
chivas	273
christendom	273
cmdr	273
cockburn	273
coltrane	273
commonality	273
congratulates	273
congratulation	273
congratulatory	273
conlon	273
conquers	273
contactless	273
continuance	273
cooney	273
cordless	273
costumed	273
countrywide	273
cre	273
creepers	273
crony	273
cru	273
cryptographic	273
csm	273
dabbled	273
daffodils	273
dalian	273
danbury	273
dartmoor	273
darwinism	273
deadwood	273
deceleration	273
defaulting	273
denmark's	273
denny's	273
detergents	273
deva	273
developmentally	273
dhl	273
dickheads	273
dicky	273
diffused	273
dint	273
dioceses	273
disagreeable	273
disapproving	273
disembodied	273
dishonored	273
dockyard	273
doctored	273
duffel	273
dumbo	273
ecole	273
efron	273
eindhoven	273
elektra	273
emaciated	273
emcee	273
endoscopy	273
envied	273
epps	273
ergonomic	273
especial	273
estradiol	273
exemplify	273
fanaticism	273
fattening	273
feller	273
fifi	273
fillets	273
fingernail	273
fireside	273
fis	273
fishman	273
fissures	273
fisted	273
flinging	273
floodplain	273
foodies	273
franchisees	273
freemasonry	273
fugue	273
funders	273
garber	273
gateshead	273
gelding	273
gerardo	273
gibson's	273
gj	273
glandular	273
glaser	273
glean	273
gliders	273
glo	273
golding	273
greenspan	273
growls	273
guerre	273
gutsy	273
hafiz	273
haim	273
handiwork	273
handjob	273
handlebars	273
hangouts	273
hastened	273
hawai'i	273
hoff	273
holtz	273
homelands	273
homicidal	273
hovers	273
hurrying	273
hyacinth	273
hydroxy	273
ichi	273
ici	273
imitates	273
impersonator	273
ince	273
indi	273
inez	273
intergenerational	273
intricately	273
invigorating	273
inwardly	273
ise	273
italic	273
itll	273
jac	273
jarrod	273
javed	273
jenson	273
jfc	273
jie	273
jure	273
kane's	273
keira	273
khyber	273
kilkenny	273
killer's	273
kimura	273
kochi	273
kroos	273
laban	273
laguardia	273
lallana	273
lanky	273
lar	273
lawrie	273
linebackers	273
loitering	273
lookalike	273
loveless	273
lurid	273
luzon	273
lviv	273
malays	273
marconi	273
marti	273
memoriam	273
merited	273
mesquite	273
metcalfe	273
microns	273
misnomer	273
mmorpg	273
mobilisation	273
mobsters	273
modulator	273
molest	273
monetization	273
morgantown	273
mountaintop	273
mournful	273
mrt	273
muh	273
mullah	273
mumbled	273
muscled	273
nagy	273
neeson	273
nettles	273
nicked	273
nodules	273
nurse's	273
nuttall	273
nws	273
oba	273
obstinate	273
oddities	273
office's	273
ontological	273
opined	273
optimisation	273
opts	273
oreos	273
orphanages	273
ospreys	273
outbuildings	273
overrule	273
ozark	273
pacify	273
pales	273
paraffin	273
pds	273
peculiarities	273
pere	273
periodontal	273
peruse	273
petulant	273
phenomenology	273
philology	273
photographer's	273
pinus	273
piqued	273
pis	273
platitudes	273
pleated	273
pled	273
pnp	273
pointedly	273
pollinators	273
polygons	273
powerball	273
pretence	273
priyanka	273
progressions	273
psl	273
psychotherapist	273
pum	273
punctuality	273
purring	273
puttin	273
rashes	273
rath	273
reade	273
reals	273
rebuffed	273
recuperate	273
remi	273
renoir	273
retweet	273
revoking	273
rigidly	273
ripening	273
riskier	273
rivets	273
roblox	273
rollo	273
rots	273
ryanair	273
salina	273
salome	273
sandpaper	273
sandstorm	273
scepter	273
scorch	273
scribble	273
scurvy	273
searchlight	273
sentries	273
sharpie	273
shayne	273
sheena	273
sheeting	273
shipwrecked	273
shudders	273
sickened	273
silverado	273
singaporeans	273
singly	273
sitters	273
skyrocketing	273
smc	273
softbank	273
sot	273
soweto	273
sported	273
spotlights	273
squealing	273
stallions	273
stannis	273
starcraft	273
stiletto	273
stipe	273
stockpiling	273
stooge	273
stranger's	273
strep	273
stringing	273
subjugation	273
sunnis	273
superman's	273
surrogacy	273
tamworth	273
tangential	273
teardrop	273
tera	273
theseus	273
thieving	273
toews	273
toga	273
toiletries	273
tommy's	273
toolbar	273
tour's	273
tpa	273
transference	273
transphobic	273
traverses	273
tribulation	273
trill	273
twisty	273
tye	273
unchanging	273
unfunded	273
universality	273
universidad	273
unmet	273
unsteady	273
untied	273
unturned	273
uplink	273
us's	273
vaccinate	273
vax	273
veered	273
vestibule	273
vestry	273
vigo	273
vitaly	273
voluptuous	273
vx	273
wagering	273
watchin	273
weasley	273
weevil	273
whatever's	273
whirling	273
whitlock	273
windham	273
winehouse	273
wintry	273
worshipers	273
wycombe	273
xe	273
xing	273
yas	273
yow	273
zealots	273
zim	273
abubakar	272
acadia	272
acetyl	272
achievers	272
acrobat	272
actuators	272
afi	272
agora	272
airline's	272
aldershot	272
algarve	272
allende	272
alumina	272
ambien	272
amicably	272
amiibo	272
amphibian	272
amputee	272
analogues	272
anchovies	272
anjali	272
annie's	272
apu	272
ashtray	272
asics	272
askew	272
assoc	272
assyria	272
astana	272
athenians	272
attendee	272
authenticate	272
aviva	272
awoken	272
backline	272
backtrack	272
bada	272
baffle	272
baguio	272
balk	272
banquets	272
batavia	272
beckons	272
belles	272
bested	272
bicep	272
bioshock	272
bligh	272
bloating	272
bodybuilders	272
boulton	272
braintree	272
braised	272
breakups	272
brecht	272
brest	272
buckland	272
bulimia	272
bureau's	272
burrowing	272
buyback	272
byes	272
caltech	272
camp's	272
campion	272
canter	272
cantilever	272
caressing	272
carpal	272
cdl	272
cem	272
cements	272
cfm	272
chalked	272
chan's	272
cheetos	272
cine	272
cleveland's	272
cloaks	272
cnt	272
coastguard	272
coasting	272
cobble	272
coc	272
colonisation	272
commander's	272
conduits	272
conferencing	272
contaminating	272
convulsions	272
coopers	272
copernicus	272
cornbread	272
corso	272
corwin	272
costas	272
cqc	272
creamed	272
creeped	272
cronulla	272
crowbar	272
crowell	272
crudely	272
cuisines	272
cytoplasmic	272
dca	272
deakin	272
dedicates	272
deleterious	272
delft	272
delineated	272
demeanour	272
depressants	272
desiree	272
detritus	272
dillard	272
dimple	272
disengagement	272
dishing	272
disintegrating	272
disown	272
disproved	272
distilleries	272
distilling	272
distorts	272
divinely	272
dorky	272
dormer	272
downplayed	272
driftwood	272
drivel	272
durga	272
dyslexic	272
dystopia	272
eateries	272
eda	272
effeminate	272
eldon	272
electrolysis	272
elses	272
embarks	272
emotionless	272
emphysema	272
endometriosis	272
entitles	272
eritrean	272
etta	272
euthanized	272
excision	272
exogenous	272
expandable	272
extractor	272
faerie	272
faulted	272
fel	272
ferrets	272
fet	272
fillies	272
fleshed	272
footballs	272
foresaw	272
foreskin	272
friendlier	272
futurist	272
gabbana	272
gaffney	272
gaga's	272
gang's	272
ganja	272
genial	272
geophysics	272
gerd	272
gibb	272
givenchy	272
goalless	272
gogo	272
gold's	272
gooch	272
gra	272
grafted	272
gti	272
gulliver	272
gunnery	272
gurion	272
hairdo	272
haitians	272
hala	272
hallucinating	272
hardie	272
harrell	272
headlong	272
helen's	272
herrick	272
hesitating	272
heuristic	272
hick	272
hombre	272
homology	272
hopefuls	272
hopi	272
host's	272
howes	272
humerus	272
hunky	272
hunt's	272
hypertrophy	272
iceman	272
incestuous	272
iniquity	272
initiator	272
inman	272
innovating	272
interviewees	272
ironclad	272
jabbar	272
jacobsen	272
jalen	272
johnathan	272
joiner	272
jonathan's	272
jordy	272
kavanagh	272
kaz	272
kearns	272
keepin	272
kiddies	272
kilimanjaro	272
kirchner	272
kon	272
kristi	272
kwame	272
lactate	272
landers	272
lansdowne	272
lapped	272
lather	272
leaching	272
ledges	272
leed	272
linde	272
loathed	272
lovelace	272
luge	272
lumberjack	272
lunchbox	272
lye	272
madsen	272
mahmood	272
mahmud	272
manmade	272
marauders	272
mccaffrey	272
mci	272
meld	272
mended	272
mendelssohn	272
mettle	272
militancy	272
molars	272
monochromatic	272
motherly	272
moulin	272
munchies	272
muni	272
munson	272
nannies	272
narayan	272
navarre	272
nhk	272
nhtsa	272
nightstand	272
noh	272
northernmost	272
notifies	272
npp	272
ntsc	272
nunavut	272
officiated	272
okey	272
optically	272
orgs	272
ouster	272
outdo	272
outlive	272
oxymoron	272
palmetto	272
pastels	272
patronize	272
paulina	272
pfa	272
phelan	272
phonological	272
pinkerton	272
pinkish	272
pissy	272
play's	272
plundering	272
poa	272
polymorphism	272
pontoon	272
postoperative	272
powershell	272
prescribes	272
pretrial	272
primus	272
prisoner's	272
probationary	272
professorship	272
promontory	272
proportioned	272
prozac	272
psychics	272
pushkin	272
pygmy	272
pym	272
quakes	272
quarrying	272
quin	272
r's	272
rada	272
raines	272
ramones	272
raytheon	272
rearrangement	272
rearview	272
refocus	272
regains	272
regime's	272
registries	272
relevancy	272
renegotiate	272
rensselaer	272
resurfacing	272
rik	272
riven	272
roan	272
rodrigues	272
rumi	272
rusting	272
rustle	272
sabina	272
saluted	272
sanborn	272
sarcoma	272
schooler	272
schweitzer	272
secretarial	272
secrete	272
senegalese	272
sik	272
skids	272
slytherin	272
smb	272
snarling	272
snatches	272
spillway	272
spiro	272
splintered	272
sriracha	272
stadia	272
standardize	272
stanzas	272
stetson	272
stigmatized	272
stormwater	272
strapless	272
stupor	272
subcontractor	272
summerslam	272
susanne	272
svp	272
swifts	272
swinton	272
sx	272
systolic	272
takeda	272
tanking	272
tanzanian	272
tarantula	272
tern	272
tetra	272
thinned	272
thot	272
tightrope	272
tink	272
toasty	272
tournament's	272
towne	272
trailblazer	272
trainings	272
translocation	272
treasuries	272
trepidation	272
trumbull	272
turkmen	272
tutored	272
two's	272
typified	272
unanticipated	272
unblock	272
unionism	272
unsavory	272
unselfish	272
unsound	272
unverified	272
unwashed	272
urination	272
utterance	272
valedictorian	272
verso	272
vibrational	272
vicariously	272
vila	272
vl	272
vms	272
voided	272
volumetric	272
vom	272
vroom	272
wagers	272
walther	272
wapo	272
waterbury	272
wav	272
wean	272
weezer	272
welling	272
wexford	272
whisked	272
wilfrid	272
wimp	272
wir	272
workhorse	272
wristbands	272
yachting	272
yeovil	272
yeung	272
zeroes	272
zooms	272
aaah	271
aang	271
abrahams	271
absorber	271
accenture	271
adjourn	271
airliners	271
aku	271
alabaster	271
allegro	271
allergens	271
allianz	271
anaesthesia	271
andros	271
approximations	271
aquifers	271
arching	271
arf	271
arrhythmia	271
arsed	271
backlinks	271
baddest	271
bahraini	271
bandaged	271
barak	271
barium	271
bauxite	271
befall	271
behead	271
bellied	271
beretta	271
bergeron	271
bestsellers	271
beyonce's	271
biofuel	271
biometrics	271
bladed	271
blenheim	271
blindsided	271
bloodlines	271
blowback	271
boat's	271
boathouse	271
bogut	271
bonfires	271
brickwork	271
britten	271
brooms	271
buchan	271
burnaby	271
calumet	271
cana	271
cardamom	271
cargill	271
carrion	271
casks	271
catherine's	271
cellist	271
cham	271
chard	271
charmer	271
chewbacca	271
choctaw	271
chrissie	271
churchill's	271
cif	271
clickbait	271
closings	271
cmt	271
cobwebs	271
cogent	271
collaborates	271
collages	271
colonels	271
comprehensible	271
compressing	271
condense	271
condescension	271
corkscrew	271
corporates	271
counsels	271
cour	271
creamer	271
creases	271
cribs	271
croissants	271
cse	271
curveball	271
custodians	271
cyan	271
danica	271
dante's	271
dbz	271
delves	271
derozan	271
deserter	271
dewar	271
dhawan	271
dictation	271
diction	271
dink	271
disbursement	271
disguising	271
dishonour	271
dissociative	271
diverging	271
dodds	271
dodson	271
don's	271
dorn	271
dua	271
dunstan	271
durations	271
earpiece	271
edf	271
edwina	271
eee	271
elegy	271
elia	271
emf	271
encircling	271
ene	271
entitle	271
entomologist	271
ephesus	271
epidermis	271
epinephrine	271
erections	271
escalators	271
ethiopians	271
evacuees	271
evens	271
evs	271
faeces	271
faltering	271
femmes	271
fictions	271
finalizing	271
fisher's	271
fiver	271
flabby	271
floodgates	271
floorboards	271
fluctuated	271
fluctuates	271
folic	271
fornication	271
fortuna	271
frailty	271
freiburg	271
fricking	271
frieda	271
friendliest	271
frowning	271
ful	271
futsal	271
gaggle	271
gauging	271
gazebo	271
geary	271
gees	271
germaine	271
girder	271
gol	271
golly	271
gonorrhea	271
gopal	271
gots	271
gouge	271
goulburn	271
greenock	271
gregarious	271
grenville	271
gretel	271
grosse	271
grunting	271
haden	271
halibut	271
halley	271
halloran	271
hama	271
hanford	271
hawaii's	271
hein	271
hemispheres	271
herder	271
herefordshire	271
hillsboro	271
himachal	271
himalaya	271
histone	271
hmong	271
hocking	271
holi	271
holiest	271
holograms	271
holotype	271
hospitalised	271
hudson's	271
hydrant	271
icao	271
ignites	271
ii's	271
immortalized	271
immunodeficiency	271
incidences	271
inconveniences	271
incrementally	271
incubators	271
indiegogo	271
inefficiencies	271
infusions	271
injunctions	271
inlaid	271
institution's	271
invents	271
jaundice	271
jayson	271
jeff's	271
jeon	271
jewelers	271
jihadis	271
journal's	271
joyfully	271
judeo	271
kap	271
kasper	271
kibbutz	271
kiefer	271
kilns	271
klm	271
knightley	271
kowalski	271
kya	271
larynx	271
lassie	271
laurens	271
lavigne	271
lawrence's	271
lewis's	271
lewiston	271
lifter	271
lightbulb	271
lithography	271
loathsome	271
lode	271
loggers	271
loins	271
madonna's	271
magnitudes	271
maharaja	271
management's	271
manipulates	271
martell	271
marwan	271
maryland's	271
masterson	271
matriarch	271
mauve	271
mccaskill	271
mcclelland	271
mcdavid	271
mcewen	271
meir	271
mellor	271
mera	271
messi's	271
microfilm	271
mitts	271
modems	271
modicum	271
monster's	271
montagu	271
montclair	271
moreton	271
motorbikes	271
mouthwash	271
mowbray	271
mrc	271
mrsa	271
mss	271
mujahideen	271
multipliers	271
murat	271
nathan's	271
nationalization	271
nauseating	271
neff	271
negan	271
nettle	271
newry	271
newtonian	271
normans	271
oakes	271
oldman	271
oli	271
olin	271
omits	271
omniscient	271
ona	271
opengl	271
oreal	271
oren	271
origination	271
ossetia	271
overdosed	271
overpopulation	271
overran	271
overshadow	271
p's	271
pacer	271
pancras	271
paroled	271
partaking	271
parvati	271
patriarchs	271
paulsen	271
pavilions	271
pcm	271
peacocks	271
pedicure	271
pheromone	271
philistines	271
phish	271
placard	271
plutarch	271
polyps	271
postgame	271
postmodernism	271
pothole	271
potting	271
preconceptions	271
presides	271
primeval	271
procrastinate	271
promiscuity	271
provisioning	271
puddings	271
purplish	271
ra's	271
rabbinic	271
rabin	271
rakes	271
ranching	271
raqqa	271
rationalization	271
ravel	271
reachable	271
reaffirms	271
reappears	271
reardon	271
rebelling	271
recede	271
reciprocating	271
reductase	271
reestablish	271
reintroduce	271
reintroduction	271
rekindle	271
relapsed	271
relented	271
reposition	271
reproduces	271
reverts	271
revulsion	271
rhs	271
richelieu	271
rico's	271
rinsing	271
rly	271
rock'n'roll	271
rosenstein	271
roxbury	271
rtl	271
rubicon	271
safeties	271
samaritans	271
sanctified	271
sandalwood	271
sandberg	271
sanding	271
savant	271
scape	271
schoolgirls	271
sco	271
scrawny	271
seabirds	271
sear	271
sequins	271
seri	271
shabab	271
shackled	271
shoreditch	271
slop	271
smothering	271
smp	271
solvency	271
sommer	271
sophie's	271
spyware	271
stade	271
stamens	271
stepmom	271
stevenage	271
stewie	271
stockbridge	271
stocky	271
stoll	271
straus	271
strutting	271
subsidence	271
subtracted	271
sullen	271
sump	271
superconducting	271
supervises	271
swirls	271
symbiosis	271
sympathise	271
synchronize	271
taffy	271
tantalizing	271
taos	271
tarek	271
targaryen	271
taster	271
teacup	271
tech's	271
technicalities	271
tectonics	271
teo	271
tepid	271
terrifies	271
testes	271
thatch	271
thawed	271
theatre's	271
thicken	271
thornhill	271
throated	271
thumbnails	271
ticketmaster	271
tko	271
tmc	271
tmi	271
toa	271
tol	271
towson	271
tripe	271
trippin	271
tristram	271
trotted	271
troughs	271
tweeter	271
twinning	271
typewriters	271
unabated	271
unafraid	271
unambiguously	271
underpinnings	271
unearned	271
unenforceable	271
uninhabitable	271
unread	271
unsaturated	271
unsurpassed	271
urns	271
vadim	271
validates	271
valparaiso	271
vancouver's	271
vats	271
vaulting	271
vcs	271
venerated	271
vere	271
waisted	271
waiving	271
waldron	271
wandsworth	271
waring	271
waxy	271
wests	271
whimper	271
whoopi	271
wiles	271
windermere	271
winkle	271
wistful	271
wizarding	271
wolfram	271
workaround	271
wpa	271
yeezus	271
yeezy	271
yeoman	271
you's	271
yuk	271
yule	271
abounds	270
accumulator	270
aerosols	270
airfields	270
airpods	270
ajit	270
alaska's	270
allman	270
allude	270
amina	270
anas	270
anda	270
androgynous	270
animus	270
anion	270
antipathy	270
anubis	270
apd	270
archdeacon	270
arginine	270
armadillo	270
armband	270
arp	270
artefact	270
aslan	270
augustin	270
awning	270
awol	270
bacillus	270
balmy	270
bandmates	270
barbeque	270
bards	270
bayside	270
bento	270
berber	270
bicycling	270
binomial	270
blackie	270
blinders	270
bloodhound	270
booger	270
bowes	270
brandishing	270
bratislava	270
bridger	270
bromide	270
brookline	270
cabana	270
cadaver	270
caked	270
carnation	270
carson's	270
censuses	270
centauri	270
chand	270
chesterton	270
chickpeas	270
chipset	270
chitty	270
choppers	270
christian's	270
chromebook	270
chronicler	270
chub	270
chuffed	270
chutes	270
citric	270
clawing	270
cls	270
cobblestone	270
communique	270
compacted	270
complementing	270
condiment	270
confederations	270
conservationist	270
corroboration	270
cortana	270
cots	270
cowen	270
crim	270
cristian	270
croquet	270
crosshairs	270
cruz's	270
crystallized	270
cska	270
cuddled	270
cuppa	270
curzon	270
dancefloor	270
dancin	270
degenerated	270
degrades	270
delectable	270
demotion	270
denizens	270
derailment	270
descriptors	270
dif	270
discoverer	270
dislodged	270
dmca	270
doubters	270
dragoons	270
dreadfully	270
dredged	270
duarte	270
durst	270
duvall	270
echelons	270
eec	270
elation	270
elly	270
elucidate	270
emitters	270
engraver	270
enlarging	270
envisage	270
eon	270
etcetera	270
evictions	270
excavator	270
exclusionary	270
excommunication	270
fads	270
fafsa	270
fairing	270
farnborough	270
fatwa	270
fawkes	270
fisherman's	270
flamingos	270
flippers	270
flog	270
flogged	270
fluorine	270
flushes	270
flynn's	270
forehand	270
fortescue	270
founder's	270
foursquare	270
fuego	270
gcses	270
gillard	270
giroux	270
givens	270
gleeson	270
glencoe	270
glimpsed	270
glyph	270
gob	270
gohan	270
gollum	270
gordy	270
gotti	270
grammatically	270
gramophone	270
gratefully	270
grindr	270
gtr	270
gumbo	270
gwynedd	270
hadrian	270
halliwell	270
hansel	270
hardman	270
harrier	270
harshest	270
hartlepool	270
haymarket	270
heeded	270
helmand	270
herrmann	270
heyward	270
hibernate	270
hipaa	270
holborn	270
hollering	270
hollingsworth	270
hollyoaks	270
homeownership	270
homeward	270
hotdogs	270
hounded	270
iac	270
ibd	270
icann	270
igg	270
imitations	270
immanuel	270
impediments	270
implode	270
inane	270
industrialisation	270
ineptitude	270
inshore	270
instigating	270
instituto	270
intelligentsia	270
intensities	270
interagency	270
interconnect	270
interrelated	270
interviewee	270
irritant	270
ite	270
itis	270
jacqui	270
jak	270
jalan	270
jardine	270
jelena	270
jetpack	270
joao	270
jquery	270
juicing	270
jurist	270
kelowna	270
kenton	270
khamenei	270
kickbacks	270
kickin	270
kik	270
kisser	270
kwang	270
kyle's	270
kyushu	270
labia	270
lakeshore	270
lakota	270
land's	270
lawnmower	270
lazer	270
leaved	270
leeks	270
leibniz	270
leninist	270
lennie	270
leonidas	270
lik	270
litecoin	270
livia	270
longfellow	270
lop	270
lupita	270
lynch's	270
lysine	270
machiavelli	270
maier	270
majorly	270
malian	270
manicured	270
manolo	270
marais	270
marbella	270
mariam	270
marquise	270
mastectomy	270
maybelline	270
mcrae	270
mears	270
medellin	270
meiji	270
meteoric	270
midair	270
militaries	270
militiamen	270
milli	270
miscommunication	270
mohr	270
molester	270
monomer	270
moreland	270
moynihan	270
muff	270
muffler	270
multitudes	270
narrowest	270
necessitating	270
neckline	270
neuroscientist	270
neutralizing	270
ney	270
niels	270
nightmarish	270
nitty	270
noc	270
noire	270
northfield	270
northwards	270
nudged	270
obliquely	270
operationally	270
ophthalmologist	270
outermost	270
overheat	270
overlords	270
overthink	270
overzealous	270
ovid	270
pala	270
palgrave	270
paola	270
paperbacks	270
passcode	270
pbr	270
peasantry	270
persisting	270
photocopy	270
pig's	270
pitman	270
plying	270
pmo	270
police's	270
pop's	270
porosity	270
pouting	270
powell's	270
prefixes	270
prejudicial	270
preliminaries	270
preponderance	270
presbyterians	270
preyed	270
probiotics	270
procrastinating	270
property's	270
prot	270
protege	270
pulsar	270
putrid	270
pylons	270
quinn's	270
racquet	270
ramped	270
ransomware	270
rapped	270
rawalpindi	270
rayner	270
rda	270
reactivated	270
recessions	270
redfern	270
regalia	270
remaster	270
repainted	270
reposting	270
reproducible	270
retrial	270
ricciardo	270
rippling	270
ris	270
ritualistic	270
rko	270
roethlisberger	270
rogen	270
rolfe	270
rollback	270
rorschach	270
rosenfeld	270
rota	270
royally	270
rube	270
rubik's	270
rucker	270
rusk	270
saggy	270
salvadoran	270
sanitizer	270
scanlon	270
schematics	270
schreiber	270
scoliosis	270
seiko	270
separatism	270
septa	270
serfs	270
shacks	270
shari	270
shibuya	270
shockwave	270
showrooms	270
shuttered	270
silurian	270
singling	270
sinning	270
skeet	270
skrillex	270
slouch	270
snapdragon	270
sneer	270
sola	270
somaliland	270
somalis	270
sorcerers	270
sorensen	270
sorrowful	270
spewed	270
splat	270
spokesmen	270
stabilise	270
stopover	270
suga	270
technicolor	270
thwarting	270
tidbits	270
tightens	270
tintin	270
tous	270
touts	270
tracksuit	270
transduction	270
triads	270
trinket	270
triplet	270
trolleys	270
troublemaker	270
truely	270
trumpeter	270
trusses	270
tshirt	270
tufted	270
tumult	270
typhoons	270
umi	270
uninitiated	270
uninspired	270
unrestrained	270
unsanitary	270
untoward	270
uppermost	270
ushers	270
usman	270
usurp	270
utah's	270
utero	270
utes	270
uu	270
vag	270
valeria	270
valverde	270
vasectomy	270
vd	270
verdant	270
vicarage	270
videotaped	270
vilified	270
waistline	270
weatherman	270
wf	270
whopper	270
wiretapping	270
womans	270
woolen	270
worldnews	270
wringing	270
wristwatch	270
xeon	270
yangtze	270
yerevan	270
yonge	270
youssef	270
youtube's	270
aberrant	269
absinthe	269
absolved	269
abstaining	269
acetaminophen	269
adamantly	269
adder	269
administratively	269
advisories	269
adwords	269
affinities	269
agamemnon	269
ageless	269
agitators	269
agonists	269
ahab	269
airframe	269
akp	269
alegre	269
alessandra	269
algal	269
alisa	269
allay	269
anachronistic	269
anarcho	269
anatomically	269
ancelotti	269
andorra	269
annoyingly	269
answerable	269
april's	269
apropos	269
archimedes	269
arran	269
asad	269
assembler	269
asymptotic	269
aviators	269
axelrod	269
ayesha	269
azul	269
bachchan	269
backfires	269
bailiffs	269
ballgame	269
barcelona's	269
barricaded	269
batmobile	269
bday	269
bedlam	269
beeping	269
beluga	269
bernie's	269
beveridge	269
bhatt	269
bibliographic	269
biel	269
biopsies	269
blackest	269
blakely	269
bloodless	269
boateng	269
bookshelves	269
boreal	269
brackish	269
bream	269
brough	269
buckling	269
buries	269
burlap	269
byproducts	269
cackling	269
cadiz	269
caicos	269
calabria	269
capitalise	269
capstone	269
carpeting	269
carvalho	269
cassel	269
catalysis	269
cdm	269
cen	269
centralization	269
changeover	269
chins	269
chiseled	269
chromecast	269
chrono	269
cistern	269
citigroup	269
classifieds	269
cleverness	269
coagulation	269
coder	269
coldly	269
colloquially	269
congruent	269
contributory	269
convective	269
counterintuitive	269
coursing	269
crowdsourcing	269
crucify	269
cryptocurrencies	269
csiro	269
cuticle	269
cyberbullying	269
dalrymple	269
darwinian	269
dateline	269
dauntless	269
davids	269
degas	269
denning	269
denver's	269
depleting	269
despatch	269
devotions	269
dialectic	269
diego's	269
dietitian	269
differentials	269
dijk	269
dinka	269
dismissals	269
disobeyed	269
disobeying	269
disorientation	269
dispositions	269
diurnal	269
divisible	269
domineering	269
dominos	269
downes	269
dredd	269
dunking	269
dura	269
dwarfed	269
dwyane	269
electrics	269
emancipated	269
embellishment	269
emblazoned	269
encodes	269
environmentalism	269
equalization	269
erupting	269
etchings	269
ethno	269
eto	269
eugenia	269
exclaiming	269
fabulously	269
faithless	269
falsetto	269
feliz	269
festering	269
fibonacci	269
finland's	269
firecracker	269
firecrackers	269
flabbergasted	269
flanker	269
flathead	269
forges	269
fortran	269
frontrunner	269
frowns	269
frs	269
frustrates	269
fuchsia	269
fukuoka	269
gant	269
gary's	269
geraldo	269
geschichte	269
ghana's	269
ghazi	269
giancarlo	269
gillies	269
glittery	269
globular	269
glutathione	269
glyphosate	269
goddam	269
gow	269
grandmas	269
grandpa's	269
gro	269
groaned	269
groom's	269
guildhall	269
haldane	269
hanuman	269
harvard's	269
haulage	269
headland	269
headstrong	269
hedgehogs	269
hefner	269
heinemann	269
herbivores	269
hildebrand	269
hn	269
holcomb	269
hollander	269
holley	269
hooligan	269
horizonte	269
howland	269
huffman	269
humongous	269
hunchback	269
hydrothermal	269
hydroxyl	269
hyperspace	269
hypo	269
ibid	269
ife	269
igf	269
impurity	269
inactivated	269
inalienable	269
incisions	269
incongruous	269
indio	269
indonesians	269
infographics	269
informations	269
inge	269
innkeeper	269
insufficiency	269
interdependence	269
interleukin	269
intifada	269
intracranial	269
intruding	269
irreducible	269
iwo	269
jiangsu	269
jiggle	269
jingles	269
jumbled	269
keeler	269
keita	269
kell	269
kellie	269
ketones	269
kitsch	269
klamath	269
kleenex	269
knick	269
kubo	269
labours	269
lakeview	269
lazily	269
leadoff	269
lebowski	269
leger	269
leprechaun	269
lethargy	269
lettered	269
lic	269
liddell	269
lifeblood	269
lilo	269
lindley	269
linguistically	269
litt	269
littoral	269
lowes	269
lua	269
lumbering	269
macular	269
madhouse	269
madigan	269
maelstrom	269
mahan	269
makati	269
maligned	269
marchers	269
marianna	269
mariota	269
marylebone	269
mazes	269
mcavoy	269
meander	269
menon	269
mercier	269
meshes	269
mhc	269
microscopes	269
mideast	269
midseason	269
miku	269
milkshakes	269
mimosa	269
minty	269
misbehaving	269
misusing	269
moldy	269
moll	269
molloy	269
mommy's	269
monahan	269
monorail	269
moraine	269
morehouse	269
morpheus	269
morphing	269
mothership	269
munchkin	269
museo	269
musharraf	269
nach	269
nanking	269
nationalised	269
navas	269
nicklaus	269
noida	269
nonviolence	269
noo	269
npd	269
nueva	269
nwo	269
oboe	269
ochre	269
ogle	269
oligarch	269
onesie	269
oot	269
oppo	269
opulence	269
orang	269
oshkosh	269
overeating	269
overheads	269
overlays	269
overreacted	269
oxidase	269
paget	269
paleozoic	269
pali	269
palpitations	269
pancho	269
pancreatitis	269
pandemonium	269
parlors	269
patronising	269
pattaya	269
payoffs	269
peacemaker	269
penske	269
permeates	269
perpetuates	269
personable	269
personalize	269
perturbed	269
phenotypes	269
philanthropists	269
phoenician	269
phoney	269
pickens	269
platypus	269
ple	269
plows	269
polanski	269
pollutant	269
polypropylene	269
prankster	269
prentiss	269
priestley	269
profitably	269
proliferate	269
propagandist	269
publically	269
publix	269
punting	269
pyre	269
quibble	269
quinton	269
raison	269
ralf	269
rasheed	269
ravishing	269
readout	269
reapply	269
recidivism	269
recollect	269
reid's	269
reis	269
reiterates	269
relievers	269
reo	269
repeatable	269
replicates	269
report's	269
requisition	269
resettled	269
resistances	269
resp	269
restarts	269
retrace	269
reusing	269
rfa	269
ridin	269
rivet	269
roa	269
roadhouse	269
roger's	269
romney's	269
romulus	269
roughing	269
rrp	269
ruffles	269
ruinous	269
sadat	269
saintly	269
saks	269
scalability	269
schindler	269
scuttle	269
secretary's	269
seein	269
seeley	269
selkirk	269
seltzer	269
senate's	269
shakur	269
sharjah	269
sherwin	269
skippy	269
skyward	269
slings	269
sobre	269
solihull	269
solomons	269
speedo	269
spinster	269
spliced	269
sprinted	269
spud	269
squalor	269
stabilisation	269
startle	269
staunchly	269
steadfastly	269
straying	269
streaking	269
stubby	269
subjugated	269
subplot	269
subsidizing	269
subterfuge	269
sullivan's	269
sunnyvale	269
supercharger	269
superfast	269
supersport	269
surfactants	269
surreptitiously	269
symonds	269
tablecloth	269
tacitly	269
tailing	269
tailings	269
tami	269
tapper	269
tardy	269
tassel	269
thicket	269
threefold	269
thruster	269
ths	269
tidying	269
tinned	269
toasting	269
torchwood	269
torrens	269
townhouses	269
transcribe	269
trapeze	269
triangulation	269
trifling	269
tsm	269
twirl	269
unconsciousness	269
unconvincing	269
uncooked	269
undaunted	269
underlining	269
underpinned	269
undeserved	269
unearth	269
unsaid	269
unsurprising	269
uppers	269
urquhart	269
uta	269
uttering	269
vardy	269
velvety	269
vim	269
wagga	269
walid	269
wallabies	269
wallace's	269
waukesha	269
webcomic	269
wheelie	269
wildflower	269
winemaker	269
wiretap	269
wirral	269
woeful	269
wolfson	269
wouldve	269
wsu	269
wvu	269
xhosa	269
xps	269
yada	269
yardstick	269
zh	269
zhen	269
abate	268
abra	268
accesses	268
adenosine	268
adios	268
adjuster	268
adsense	268
affaires	268
aftertaste	268
airtel	268
ald	268
alleviated	268
amadeus	268
ambiance	268
analgesic	268
angkor	268
anh	268
antonin	268
apec	268
approximated	268
arlo	268
armstrong's	268
arnold's	268
ascends	268
aspirants	268
assisi	268
atwater	268
authentically	268
automaton	268
avalanches	268
axl	268
baboons	268
backflip	268
bade	268
baluchistan	268
baptize	268
batgirl	268
bathrobe	268
bef	268
beresford	268
berliner	268
biathlon	268
bir	268
blocs	268
bmp	268
bodyweight	268
bolo	268
bookie	268
bookmakers	268
bothersome	268
bou	268
bowe	268
brained	268
brantley	268
bsd	268
bundling	268
burleigh	268
busby	268
caching	268
calamities	268
campgrounds	268
canfield	268
cantina	268
carnivore	268
casement	268
catalans	268
cataloging	268
catnip	268
causative	268
cda	268
cdp	268
cesspool	268
chalky	268
chipmunks	268
churned	268
clio	268
collaboratively	268
commissar	268
conformed	268
congestive	268
consulates	268
corfu	268
corrupts	268
cupola	268
dabble	268
daesh	268
darting	268
dass	268
debunk	268
decays	268
decking	268
decrypt	268
deerfield	268
defectors	268
degenerates	268
depositions	268
despondent	268
despot	268
detachments	268
dialectical	268
digestible	268
disassembled	268
disembark	268
disgusts	268
dishonorable	268
disraeli	268
dogging	268
dopey	268
dubrovnik	268
ducky	268
duncan's	268
dutt	268
easel	268
eastwards	268
ecs	268
edmondson	268
eek	268
eldorado	268
eliminations	268
ellipse	268
elysium	268
encoder	268
enormity	268
eons	268
espouse	268
exemplar	268
extender	268
extramarital	268
fandango	268
farber	268
farc	268
farina	268
fearlessly	268
fete	268
feynman	268
fiorentina	268
firewalls	268
fmri	268
foi	268
foie	268
foles	268
formalism	268
fortuitous	268
framingham	268
franchisee	268
franky	268
fredrik	268
freestanding	268
frenetic	268
fridges	268
frolic	268
funneled	268
fussing	268
gaff	268
galleys	268
ganesha	268
gangrene	268
gatekeepers	268
gilgamesh	268
gillingham	268
gini	268
glides	268
glosses	268
gluttony	268
goalkeeping	268
goaltending	268
goatee	268
gordo	268
gottfried	268
graceland	268
granddad	268
greyhounds	268
grieved	268
grist	268
grope	268
gto	268
guardsmen	268
gutenberg	268
gx	268
hadron	268
hammerhead	268
hampers	268
hangman	268
harvick	268
haughty	268
headmistress	268
headteacher	268
heavyweights	268
hela	268
hervey	268
hobbits	268
hogging	268
hoisting	268
horseradish	268
hotshot	268
householders	268
hus	268
hyland	268
hypoglycemia	268
hypothyroidism	268
ihs	268
immeasurably	268
imprecise	268
indigent	268
ingham	268
ings	268
inlay	268
intramural	268
invulnerable	268
irreconcilable	268
janitors	268
jawbone	268
jittery	268
joyner	268
judicious	268
kaka	268
kegs	268
kerri	268
kesha	268
khanna	268
kickass	268
kickback	268
kinsman	268
kirin	268
kowloon	268
krauss	268
kristine	268
kuroda	268
kyi	268
labor's	268
laboured	268
lanka's	268
laudable	268
lbc	268
ldp	268
lessens	268
lessing	268
liberalisation	268
liftoff	268
lightfoot	268
linnaeus	268
liszt	268
logarithmic	268
loudness	268
lowery	268
ltte	268
lucasfilm	268
luxor	268
macroeconomics	268
majlis	268
majorca	268
manchin	268
mandi	268
mannheim	268
manors	268
mantras	268
marist	268
marysville	268
mathers	268
mchale	268
mclachlan	268
mec	268
megawatt	268
meri	268
mesozoic	268
metroid	268
midlothian	268
militarized	268
misinterpretation	268
mobbed	268
mobilised	268
moneys	268
moorland	268
morristown	268
mourinho's	268
naively	268
nappies	268
narcissus	268
nau	268
neighbour's	268
neurodegenerative	268
neva	268
nightwing	268
nitrates	268
nlrb	268
northumbria	268
nouvelle	268
npa	268
npcs	268
obv	268
occipital	268
ophthalmic	268
ordinating	268
ostentatious	268
osteopathic	268
osx	268
oversize	268
padlock	268
palau	268
paltrow	268
panini	268
paras	268
pasco	268
patina	268
pauly	268
pcos	268
perf	268
permeated	268
perspiration	268
phenotypic	268
philippians	268
pina	268
pirelli	268
plagiarized	268
plasmid	268
playthrough	268
pleaser	268
pliocene	268
plummeting	268
poach	268
polices	268
policyholders	268
pontifical	268
postcolonial	268
precluded	268
prez	268
price's	268
prosecco	268
prostrate	268
pubes	268
publicised	268
pushover	268
pythagoras	268
quicksand	268
quilting	268
raincoat	268
raine	268
randal	268
rasputin	268
ratcliffe	268
reconnected	268
reconsidering	268
redeveloped	268
refreshingly	268
refrigerate	268
refutes	268
reichstag	268
reiss	268
relativism	268
renata	268
renato	268
renditions	268
repelling	268
representational	268
republicanism	268
restaurateur	268
ribeiro	268
rickety	268
ricotta	268
riddick	268
ridership	268
rina	268
rox	268
rps	268
rsl	268
ruger	268
sacra	268
saddens	268
salinger	268
sappy	268
sark	268
sasquatch	268
saturn's	268
saucers	268
saviors	268
scofield	268
semite	268
separations	268
sepulchre	268
sfo	268
shallots	268
shifters	268
shill	268
shins	268
shorted	268
sich	268
singh's	268
sipped	268
siting	268
sixpence	268
sjw	268
skank	268
skateboards	268
skinhead	268
slats	268
sligo	268
sneezed	268
snorkel	268
solenoid	268
songbird	268
sorties	268
spaulding	268
speer	268
spinoza	268
splendidly	268
sprawled	268
spyder	268
squaw	268
stabilised	268
starz	268
staunton	268
stiller	268
storehouse	268
stormont	268
straighter	268
striptease	268
suki	268
sumerian	268
supersede	268
sustainably	268
svt	268
swimsuits	268
swooped	268
synergistic	268
tanganyika	268
tantric	268
taoist	268
tats	268
taz	268
tbc	268
telegrams	268
telekom	268
television's	268
thais	268
thar	268
theatrics	268
theodor	268
thermally	268
throb	268
tht	268
ticketed	268
timon	268
tipperary	268
toda	268
tormenting	268
touche	268
tov	268
toyed	268
trachea	268
transitory	268
transparently	268
treasonous	268
tribalism	268
trig	268
truckload	268
tss	268
tua	268
tyneside	268
tyrol	268
unattached	268
underlie	268
underlies	268
unger	268
unmanageable	268
unmoved	268
unt	268
uplifted	268
upshot	268
upsurge	268
uribe	268
valery	268
vasco	268
vcu	268
virginian	268
vivacious	268
vowing	268
voyeur	268
warlike	268
warmup	268
watercolors	268
watermelons	268
watersheds	268
weaned	268
wid	268
willi	268
winnebago	268
wisp	268
wold	268
woolworths	268
xena	268
xerxes	268
xue	268
yearling	268
zahra	268
zamora	268
zapata	268
zeiss	268
zhong	268
zimmermann	268
abbott's	267
abductions	267
ably	267
abortive	267
acr	267
afghanistan's	267
agitating	267
aikido	267
aileen	267
akshay	267
alcoa	267
alkaloids	267
allahu	267
alm	267
alternated	267
amato	267
anagram	267
apaches	267
apologises	267
apostate	267
arabia's	267
archway	267
arcy	267
ariane	267
artfully	267
artistes	267
asada	267
ashwin	267
axon	267
azam	267
azores	267
backpackers	267
bahn	267
ballooning	267
baptismal	267
basses	267
bauman	267
bca	267
beauregard	267
bede	267
beeswax	267
bentham	267
benthic	267
berated	267
bernal	267
bhd	267
bight	267
bilge	267
biohazard	267
bischoff	267
bissau	267
blouses	267
bonne	267
bozeman	267
breaststroke	267
breeches	267
bronzes	267
buttress	267
cabling	267
camber	267
canelo	267
capital's	267
cartography	267
cataclysmic	267
catharsis	267
cerebellum	267
chancellor's	267
chau	267
chesney	267
chiral	267
choy	267
civilisations	267
codec	267
cohabitation	267
collapsible	267
conga	267
conjures	267
consumables	267
contractually	267
contravention	267
copier	267
corden	267
corticosteroids	267
courtyards	267
coyne	267
creamery	267
critiquing	267
crunchyroll	267
ctc	267
cytokine	267
daffy	267
dany	267
danzig	267
darko	267
defrauded	267
depose	267
deprecated	267
dic	267
dicey	267
dimmer	267
disconnecting	267
disinfection	267
disobedient	267
distantly	267
divestment	267
divya	267
dizzying	267
donbass	267
downtrodden	267
drowsiness	267
dulce	267
dumpling	267
dupree	267
dutifully	267
dysplasia	267
ecologist	267
edicts	267
eeoc	267
effluent	267
egress	267
eights	267
embodying	267
encapsulates	267
encephalopathy	267
endangerment	267
enrol	267
evangeline	267
eventuality	267
evermore	267
evolutions	267
excretion	267
exegesis	267
exhibitor	267
exhumed	267
expunged	267
extrajudicial	267
extrapolate	267
fal	267
faring	267
fingertip	267
finnegan	267
flavorful	267
floyd's	267
forecasted	267
freemasons	267
ftl	267
fts	267
future's	267
galena	267
gamecocks	267
georgians	267
ggg	267
ghee	267
girolamo	267
glyphs	267
gor	267
gott	267
gouging	267
gpus	267
grammer	267
gravitation	267
griff	267
grr	267
gyllenhaal	267
gyn	267
halen	267
harmonize	267
haskins	267
haworth	267
hazzard	267
hcg	267
headwaters	267
hennessey	267
herbarium	267
hewn	267
hinata	267
honeysuckle	267
hoppers	267
hoshi	267
houseboat	267
houthi	267
houthis	267
human's	267
hypothalamus	267
iea	267
ila	267
imaged	267
immobilized	267
imparting	267
imperium	267
indenture	267
inhumans	267
inimitable	267
instilling	267
international's	267
inversions	267
iom	267
iplayer	267
jada	267
jealously	267
jervis	267
jetta	267
jogger	267
jumpy	267
justinian	267
kampf	267
kandi	267
karlsruhe	267
kenmore	267
keogh	267
kierkegaard	267
kildare	267
kingman	267
knockouts	267
kroner	267
lacerations	267
lacs	267
ladybug	267
latif	267
lauer	267
layover	267
leathers	267
leveson	267
lichfield	267
liens	267
littlest	267
loath	267
longhorn	267
loopy	267
lun	267
maeve	267
magdalen	267
maidan	267
mair	267
mang	267
manifestly	267
manmohan	267
masa	267
matcha	267
matchbox	267
mathilde	267
mdr	267
mercia	267
mercies	267
mervyn	267
metamorphic	267
methuen	267
mews	267
minimums	267
modded	267
mongoose	267
monza	267
motility	267
moz	267
mucosa	267
munroe	267
mused	267
napoleon's	267
nashua	267
natalya	267
naysayers	267
netizens	267
neuromuscular	267
nme	267
noblemen	267
nobu	267
nolan's	267
nome	267
north's	267
northridge	267
nta	267
nunez	267
obeys	267
obsolescence	267
obstetrician	267
occ	267
oceanside	267
ogilvy	267
ordinal	267
oscar's	267
outgrow	267
outsmart	267
overcooked	267
overrides	267
overstate	267
oxnard	267
parables	267
particulates	267
pashtun	267
pat's	267
pcbs	267
penile	267
perfusion	267
pessimist	267
physiotherapist	267
piecing	267
placards	267
plaguing	267
plantain	267
podcasting	267
poms	267
porky	267
poser	267
ppt	267
preschoolers	267
priest's	267
pronounces	267
pullin	267
pyeongchang	267
pylon	267
quantifying	267
quip	267
radishes	267
rayburn	267
recife	267
recyclable	267
redirecting	267
reenactment	267
refit	267
reiterating	267
rejuvenate	267
relaunched	267
renard	267
renderings	267
renton	267
repaying	267
rereading	267
resellers	267
respirator	267
resplendent	267
restated	267
revitalized	267
rhythmically	267
rigour	267
riley's	267
romani	267
roomy	267
rowena	267
rsc	267
rtc	267
rti	267
rulebook	267
salvia	267
saps	267
scm	267
seaton	267
seduces	267
seeps	267
segregate	267
seminaries	267
sfc	267
shaftesbury	267
shhhh	267
signer	267
signet	267
silicate	267
singlet	267
sirs	267
skewer	267
sloths	267
slugging	267
snares	267
soldered	267
spammers	267
spastic	267
specks	267
spina	267
squall	267
sst	267
stabilizers	267
staff's	267
starlet	267
stayin	267
steinbeck	267
stinson	267
stockpiles	267
stoners	267
stranding	267
strangeness	267
stratum	267
strenuously	267
strove	267
surmise	267
susana	267
swindle	267
swirled	267
swordfish	267
swot	267
takings	267
talkers	267
tcs	267
tegan	267
tempore	267
tentacle	267
terse	267
thackeray	267
thales	267
thawing	267
thermonuclear	267
thinnest	267
thrace	267
timeliness	267
tincture	267
tio	267
tivoli	267
tmp	267
tombstones	267
tonto	267
tooting	267
topps	267
tora	267
torments	267
traitorous	267
transact	267
trawler	267
triumphantly	267
trustworthiness	267
tsx	267
tuan	267
tuc	267
tunbridge	267
turkic	267
turnips	267
tuskegee	267
uber's	267
ultras	267
unadulterated	267
unbelievers	267
undeclared	267
undercurrent	267
undergrowth	267
underpin	267
unseemly	267
unsympathetic	267
unyielding	267
upheavals	267
urbanized	267
usages	267
vacuuming	267
vergara	267
vers	267
vesuvius	267
videography	267
viejo	267
wale	267
wallowing	267
wavered	267
wench	267
westin	267
wexler	267
wheres	267
whoever's	267
wiggles	267
wilberforce	267
wilfully	267
wirelessly	267
witch's	267
woking	267
woodhead	267
worsens	267
xxii	267
yeshiva	267
zany	267
zedd	267
zeno	267
zucker	267
aau	266
abalone	266
abdicate	266
accosted	266
adjournment	266
admonished	266
affable	266
aficionados	266
aggressors	266
airbrush	266
airsoft	266
alarmingly	266
algonquin	266
alon	266
alopecia	266
alzheimer	266
ander	266
anja	266
annika	266
apocryphal	266
arguable	266
arianna	266
aru	266
asghar	266
ashworth	266
assembles	266
avowed	266
bahama	266
baldness	266
bamford	266
bathhouse	266
bayonne	266
beekeeping	266
beltran	266
bennington	266
berk	266
bide	266
biotic	266
bisexuality	266
bismuth	266
bitters	266
biweekly	266
bizarrely	266
blacker	266
blemishes	266
bloomed	266
bloomer	266
bmo	266
boleyn	266
bolshoi	266
boulevards	266
bp's	266
brags	266
brainwash	266
breadwinner	266
bridgend	266
bridgestone	266
bulbous	266
bunbury	266
butternut	266
butting	266
cambria	266
capa	266
capillaries	266
carcinogens	266
cardiomyopathy	266
caregiving	266
carpeted	266
casas	266
cea	266
cerro	266
chaka	266
charly	266
chastised	266
cie	266
cin	266
circuses	266
clank	266
classifier	266
cliques	266
clp	266
combinatorial	266
compensates	266
constitutive	266
coolly	266
copping	266
cormier	266
cornering	266
coronal	266
counterweight	266
coupler	266
courtesan	266
cristobal	266
cuck	266
curable	266
curative	266
cushy	266
cysteine	266
dalmatian	266
danilo	266
darin	266
darkroom	266
davis's	266
decentralised	266
deciphering	266
defibrillator	266
designer's	266
desirability	266
deuterium	266
dietz	266
diluting	266
diplo	266
disconnection	266
disenchanted	266
distillers	266
dodgeball	266
dodges	266
donald's	266
downwind	266
drago	266
dri	266
dropouts	266
duckling	266
dunked	266
eac	266
ectopic	266
educates	266
elbert	266
elmira	266
endoscopic	266
engulf	266
enrollees	266
enrollments	266
enthralling	266
epping	266
equaled	266
equivalency	266
erc	266
essayist	266
excavate	266
exceptionalism	266
exchangers	266
excreted	266
fallback	266
faris	266
faroe	266
farsi	266
fess	266
feu	266
fib	266
fico	266
filename	266
finsbury	266
firebird	266
flings	266
foreheads	266
forgeries	266
forsythe	266
fossilized	266
fournier	266
franca	266
franchised	266
fraudsters	266
freddy's	266
fromm	266
fsc	266
fte	266
gaffe	266
gallatin	266
gard	266
gargantuan	266
gavel	266
geometries	266
ghosted	266
glens	266
glitz	266
goalies	266
godhead	266
godlike	266
goofing	266
goverment	266
goya	266
grates	266
gravestone	266
gridiron	266
grohl	266
grp	266
grupo	266
haggis	266
hainan	266
hamad	266
hangings	266
headdress	266
heli	266
hemmed	266
hgh	266
higuain	266
hoarder	266
hoarse	266
holyoke	266
homebrew	266
homebuyers	266
hoppy	266
howells	266
hts	266
hydrographic	266
iago	266
icebergs	266
iceland's	266
illegality	266
imperious	266
implored	266
indore	266
industrialised	266
infanticide	266
infestations	266
ingraham	266
injectors	266
injects	266
ino	266
inoculation	266
inordinate	266
inquires	266
insensitivity	266
insincere	266
instigator	266
insubordination	266
intercity	266
iras	266
isc	266
isotopic	266
iver	266
ivey	266
jal	266
jeopardizing	266
joakim	266
joggers	266
joh	266
johnstown	266
josep	266
junior's	266
k's	266
karel	266
kebabs	266
khomeini	266
klinger	266
koalas	266
kodiak	266
kook	266
kronos	266
kunming	266
ladle	266
launchpad	266
laundered	266
laundromat	266
lavinia	266
lavrov	266
laxative	266
laxatives	266
leeward	266
lentil	266
lepage	266
lewisham	266
liaisons	266
lifeguards	266
lionsgate	266
liston	266
litters	266
lma	266
loca	266
lolo	266
lusaka	266
lustful	266
lustrous	266
macintyre	266
macroscopic	266
mahindra	266
maine's	266
malden	266
marbled	266
margery	266
marten	266
materia	266
maxime	266
mbeki	266
mccollum	266
mcconaughey	266
mcmurray	266
meaner	266
medway	266
meetups	266
mensa	266
mignon	266
millicent	266
milt	266
mlg	266
moda	266
modric	266
moores	266
morsi	266
morten	266
mosby	266
mosh	266
mosses	266
mozart's	266
mueller's	266
mumbles	266
nabil	266
nationalisation	266
ncs	266
ndtv	266
newscast	266
nex	266
nfs	266
nicu	266
nighter	266
nir	266
nonverbal	266
nui	266
oakville	266
observatories	266
ooc	266
orchestrate	266
ordovician	266
otaku	266
ovechkin	266
overprotective	266
panache	266
panelist	266
paracetamol	266
paralyzing	266
parkin	266
parthenon	266
participle	266
pastimes	266
pathetically	266
pathophysiology	266
pauli	266
pdfs	266
pedantic	266
peered	266
pegging	266
peo	266
perthshire	266
perturbation	266
pha	266
phage	266
phallic	266
phobias	266
phonology	266
pickings	266
pima	266
pimping	266
pino	266
plateaus	266
pml	266
pocketbook	266
polymeric	266
portugal's	266
ppr	266
precludes	266
prescient	266
procurator	266
prophesy	266
prouder	266
puffin	266
pumas	266
punts	266
purebred	266
purists	266
putney	266
qaida	266
rafferty	266
rar	266
ratepayers	266
recep	266
redline	266
rednecks	266
reefer	266
refilled	266
refrigerant	266
remarry	266
resiliency	266
retorted	266
revivals	266
revving	266
rhone	266
rhp	266
ridding	266
riddler	266
riordan	266
ripon	266
rit	266
rizal	266
rockabilly	266
rodin	266
roshan	266
salivary	266
saloons	266
sandford	266
sandor	266
sanitarium	266
sardine	266
sauerkraut	266
saville	266
sawn	266
scheer	266
schoolboys	266
scotts	266
seafloor	266
sedimentation	266
sequestered	266
sharpton	266
shavings	266
shek	266
shing	266
shirk	266
shitless	266
shoves	266
shrieks	266
shriver	266
skewers	266
slav	266
sleepwalking	266
slinky	266
slipknot	266
smirking	266
snd	266
snorkeling	266
snuggled	266
soames	266
softens	266
solon	266
speedster	266
spellbound	266
spiel	266
splint	266
spunk	266
squinting	266
squirming	266
statham	266
stc	266
stepan	266
stethoscope	266
stoops	266
strident	266
superstore	266
sutcliffe	266
svg	266
swank	266
swerving	266
swipes	266
syfy	266
syriac	266
tacks	266
takumi	266
tans	266
techcrunch	266
tendering	266
tenses	266
thay	266
thicc	266
thinkpad	266
thor's	266
tilbury	266
tilda	266
toasts	266
tobey	266
tolkien's	266
tolling	266
tomi	266
torts	266
tradeoff	266
train's	266
trapp	266
treadwell	266
tritium	266
tsn	266
tsu	266
tubby	266
tubers	266
tutti	266
twill	266
twinks	266
uavs	266
ubiquity	266
udall	266
unaccountable	266
unaffordable	266
underfoot	266
undrafted	266
unevenly	266
ung	266
unknowable	266
unreachable	266
unsealed	266
upc	266
upswing	266
urbanisation	266
uxbridge	266
valdes	266
varun	266
vastness	266
veganism	266
velasquez	266
verdun	266
vickie	266
village's	266
vincennes	266
vogt	266
vou	266
waddell	266
wags	266
waikiki	266
waistcoat	266
wald	266
wankers	266
warburg	266
weeknd	266
wheelbarrow	266
whipple	266
wic	266
wrangling	266
yara	266
yawns	266
yellen	266
yost	266
yousef	266
yuna	266
zn	266
abacus	265
abbotsford	265
abkhazia	265
abolitionists	265
absorbers	265
acct	265
acetic	265
aed	265
affidavits	265
afr	265
agape	265
agh	265
ailes	265
aimless	265
akhtar	265
alasdair	265
aldous	265
aldrin	265
aliexpress	265
allegiances	265
allstate	265
alo	265
altho	265
ambrosia	265
americano	265
amitabh	265
amoral	265
anise	265
ansar	265
aragorn	265
argonne	265
argumentation	265
asphyxiation	265
assessors	265
astaire	265
attn	265
auden	265
austria's	265
avs	265
babyface	265
backstroke	265
baits	265
balsam	265
balzac	265
barbecues	265
barbell	265
barbican	265
baskin	265
bastions	265
bellator	265
benzodiazepines	265
bilingualism	265
biodiesel	265
blogosphere	265
bmt	265
bobble	265
bobsleigh	265
bohr	265
bola	265
boniface	265
boxy	265
boynton	265
brahmins	265
breakwater	265
breckenridge	265
broiler	265
brookhaven	265
buckner	265
buoyed	265
bushnell	265
bypasses	265
caliper	265
canopies	265
card's	265
cargoes	265
caron	265
carted	265
cazorla	265
cbr	265
celluloid	265
chae	265
chantilly	265
chen's	265
chimed	265
cilia	265
cinch	265
cirrus	265
clarksville	265
clatter	265
clench	265
clos	265
closeted	265
coinbase	265
colic	265
collectable	265
combats	265
commonsense	265
conceals	265
cond	265
confirmations	265
confound	265
conjugal	265
contouring	265
conyers	265
cornwallis	265
corr	265
couplings	265
courageously	265
covalent	265
crackhead	265
crawfish	265
crispr	265
cruciate	265
cudi	265
cufflinks	265
cussing	265
dandruff	265
darmstadt	265
dawson's	265
deductive	265
defile	265
defiled	265
dela	265
deletions	265
delved	265
depeche	265
deplete	265
deteriorates	265
devalue	265
devel	265
dido	265
dingle	265
diphtheria	265
disconnects	265
dispelled	265
dispensers	265
disturbingly	265
dob	265
doer	265
doorknob	265
doormat	265
downsize	265
dpr	265
dragoon	265
dsa	265
dwelt	265
eagle's	265
easygoing	265
eben	265
elway	265
envisioning	265
envisions	265
epcot	265
epidermal	265
erratically	265
esperanza	265
essences	265
etna	265
etruscan	265
excusing	265
extraordinaire	265
facials	265
fallujah	265
farcical	265
fattest	265
fawning	265
featherweight	265
feigned	265
feinberg	265
ferraris	265
fetishes	265
filip	265
filippo	265
fiske	265
flasks	265
folate	265
folkestone	265
forthwith	265
frampton	265
frankfurter	265
fre	265
frets	265
frome	265
fulani	265
gassing	265
gautam	265
gbs	265
geri	265
gestalt	265
gfs	265
gigabyte	265
gilda	265
gipsy	265
giulio	265
glint	265
gloating	265
gnc	265
goad	265
goddamnit	265
grammars	265
greenlight	265
greig	265
greyish	265
grog	265
groupie	265
gruden	265
guardia	265
haggle	265
halcyon	265
halos	265
handicaps	265
handicraft	265
harshness	265
hashim	265
hea	265
headscarf	265
headshots	265
heaping	265
heartbeats	265
hed	265
hedwig	265
heine	265
helios	265
hilo	265
hons	265
hope's	265
hotbed	265
hotness	265
hoya	265
hungary's	265
ian's	265
ifrs	265
immunoglobulin	265
imperatives	265
incinerated	265
indented	265
inking	265
insolence	265
instigation	265
irresponsibility	265
islamism	265
jacinto	265
jafar	265
jamboree	265
jeanie	265
jeeves	265
jeopardized	265
jesus's	265
jeweller	265
jima	265
jorgensen	265
juilliard	265
jumpin	265
kao	265
kardashian's	265
karp	265
kasey	265
kass	265
katerina	265
kemal	265
kigali	265
kyra	265
la's	265
lanyard	265
leavitt	265
lebron's	265
leesburg	265
left's	265
letdown	265
lewinsky	265
libretto	265
lidar	265
lipoprotein	265
lod	265
lopes	265
lotions	265
lox	265
luckier	265
lundy	265
lycra	265
macclesfield	265
machina	265
maddow	265
madmen	265
mahon	265
malignancy	265
mamie	265
mandel	265
margaret's	265
marginalization	265
marshy	265
masai	265
massing	265
matriculation	265
mcclintock	265
mclennan	265
mecklenburg	265
medallions	265
meister	265
mercifully	265
mersey	265
mev	265
michelle's	265
microbiome	265
midgets	265
mindsets	265
ministry's	265
minutiae	265
misrepresent	265
misrepresenting	265
mitra	265
miyagi	265
mmmmm	265
mongrel	265
morin	265
moscow's	265
mrp	265
mtv's	265
mulling	265
mundy	265
munn	265
musgrave	265
nairn	265
nak	265
nancy's	265
nanoscale	265
napolitano	265
neely	265
neha	265
neiman	265
ner	265
nibbling	265
nisha	265
nita	265
nob	265
nother	265
nuys	265
oas	265
oberon	265
objectors	265
octagonal	265
ofcom	265
oldie	265
operable	265
organises	265
orgasmic	265
oui	265
outclassed	265
overflows	265
overhear	265
oyo	265
pacifism	265
padma	265
pampering	265
paralyze	265
parra	265
pascoe	265
pasquale	265
pelts	265
perennials	265
perp	265
perugia	265
pham	265
phu	265
pillsbury	265
pineda	265
pinewood	265
pio	265
pjs	265
platters	265
policymaking	265
porting	265
postnatal	265
powertrain	265
predefined	265
preferentially	265
prelate	265
premonition	265
presets	265
pretenders	265
primitives	265
propagandists	265
proportionality	265
proportionately	265
provident	265
pubescent	265
pyro	265
q's	265
qingdao	265
quantifiable	265
raffaele	265
rajah	265
ramallah	265
randwick	265
rata	265
ravenna	265
rcd	265
reaffirming	265
recaps	265
recharging	265
reconsideration	265
recur	265
recursion	265
redheads	265
redirects	265
redundancies	265
registrars	265
rehman	265
rejoiced	265
religiosity	265
relished	265
reportage	265
reporter's	265
resents	265
resets	265
reviled	265
ricks	265
rifled	265
riva	265
robison	265
roebuck	265
rossetti	265
rotator	265
rta	265
rubbers	265
sadist	265
sais	265
salamanca	265
salas	265
samara	265
sanaa	265
sault	265
sbi	265
scheduler	265
schott	265
screamer	265
scrumptious	265
sectioned	265
sendai	265
shackleton	265
shakedown	265
shamefully	265
shams	265
shariah	265
shimmy	265
shoestring	265
shucks	265
sired	265
sitka	265
sleaze	265
smg	265
smithers	265
smoothest	265
snags	265
snark	265
spartanburg	265
speculates	265
sperry	265
spurned	265
squamous	265
stagnated	265
staphylococcus	265
stator	265
steelhead	265
stewed	265
stews	265
stockman	265
stoppages	265
straights	265
stravinsky	265
stuntman	265
stylistically	265
subjectively	265
subpar	265
subsumed	265
suffixes	265
sunbeam	265
swanky	265
swaths	265
symbolizing	265
synchrotron	265
synthase	265
teixeira	265
tendulkar	265
teton	265
thereabouts	265
thermos	265
thrasher	265
timo	265
tine	265
tinsel	265
toppling	265
tortuous	265
toughen	265
trawl	265
triglycerides	265
triumphal	265
trust's	265
tuk	265
tulsi	265
typology	265
tywin	265
ultralight	265
uncooperative	265
underappreciated	265
undisciplined	265
uninjured	265
unlv	265
unobstructed	265
unobtrusive	265
unwitting	265
upholstered	265
upturned	265
usl	265
vandenberg	265
vaporized	265
variances	265
vaz	265
vela	265
vignette	265
visitor's	265
vulgarity	265
wakanda	265
wanderlust	265
wardrobes	265
waterside	265
wattage	265
waxes	265
webster's	265
wedgwood	265
weightless	265
wheelhouse	265
whiteley	265
whitworth	265
williamstown	265
withstanding	265
wizard's	265
yucca	265
zaha	265
zappa	265
zx	265
abhor	264
abreu	264
absentia	264
accursed	264
adaptor	264
adj	264
aegon	264
aeon	264
aest	264
afterglow	264
aghast	264
agitate	264
ags	264
aight	264
alban	264
alberta's	264
alderson	264
alls	264
amador	264
amoeba	264
andalusia	264
annuals	264
anselm	264
antimatter	264
apologetics	264
append	264
appraisers	264
arie	264
arnett	264
aspirational	264
asr	264
atmos	264
australis	264
authority's	264
automaker	264
autonomously	264
auxiliaries	264
awp	264
ayrton	264
azur	264
backpacker	264
baidu	264
baka	264
banbury	264
bani	264
bankstown	264
bared	264
bariatric	264
basu	264
baywatch	264
bcg	264
bedbugs	264
bedded	264
bedridden	264
berners	264
bild	264
billboard's	264
binance	264
birding	264
bleh	264
blige	264
blushed	264
bms	264
bombarding	264
borgia	264
boulogne	264
bowie's	264
brecon	264
broadcasted	264
bronzer	264
bukhari	264
burnet	264
burton's	264
buts	264
bx	264
caen	264
caldera	264
calvinist	264
capitan	264
carpe	264
carrollton	264
casey's	264
cataclysm	264
catapulted	264
cavani	264
cdma	264
censured	264
centrepiece	264
chairing	264
chaise	264
chakras	264
characterise	264
chautauqua	264
chiba	264
childers	264
chloe's	264
choc	264
choco	264
chronograph	264
chul	264
clairvoyant	264
clarita	264
clarks	264
clc	264
coldness	264
coleslaw	264
collard	264
columbia's	264
commercialized	264
committal	264
communicators	264
conceptualized	264
condensing	264
condoned	264
connaught	264
conniving	264
contemptuous	264
corroded	264
corvallis	264
cosmetology	264
cotswolds	264
counterintelligence	264
countertop	264
courtier	264
crag	264
cranium	264
crystallization	264
csl	264
cultivar	264
curtiss	264
dachshund	264
dagenham	264
damm	264
dampened	264
dastardly	264
dawns	264
deadpan	264
dealer's	264
decibels	264
decried	264
deeming	264
delinquents	264
delorean	264
desecrated	264
deserting	264
detonating	264
detours	264
dewy	264
dilly	264
dimitrov	264
dings	264
dionysus	264
discontinuous	264
docklands	264
dolomite	264
dominatrix	264
dou	264
dov	264
doze	264
dreamcast	264
dwi	264
eamon	264
eckhart	264
eichmann	264
elaborates	264
elongation	264
embiid	264
emmerdale	264
enlists	264
enthused	264
erases	264
escapism	264
euripides	264
exasperation	264
excelling	264
exoskeleton	264
expropriation	264
extinguishers	264
extruded	264
falafel	264
fallacious	264
falstaff	264
famines	264
fanboys	264
fasted	264
fastidious	264
fealty	264
federalists	264
fibroblasts	264
fido	264
filial	264
fingerprinting	264
fisting	264
flaccid	264
flagpole	264
flamethrower	264
florists	264
fogg	264
footpaths	264
forays	264
franchise's	264
franco's	264
freda	264
freelancing	264
freeland	264
freezers	264
fut	264
fv	264
gameday	264
garnished	264
gastronomy	264
gauls	264
gazprom	264
generalised	264
generics	264
genteel	264
geographers	264
geotechnical	264
gesturing	264
ghani	264
glenwood	264
glib	264
glorification	264
goshen	264
govan	264
grands	264
gratuity	264
grayling	264
groningen	264
growled	264
gumball	264
haggling	264
hairdressing	264
handshakes	264
hardens	264
hardwoods	264
harker	264
harkness	264
harv	264
haye	264
hcv	264
headstones	264
heartbreaker	264
hemorrhoids	264
henshaw	264
herbalife	264
herders	264
hertford	264
hiphop	264
histamine	264
hitchhiking	264
hobbyists	264
holocene	264
hoosier	264
hrm	264
hsa	264
hst	264
humanely	264
hustled	264
huw	264
hynes	264
hyphen	264
id's	264
ides	264
igloo	264
imessage	264
impregnable	264
impressionism	264
incredibles	264
indecency	264
indentation	264
inebriated	264
inexorably	264
insipid	264
intercollegiate	264
interdependent	264
itineraries	264
jamaicans	264
jessup	264
jewellers	264
jiffy	264
jor	264
jpl	264
jpn	264
kamara	264
kanpur	264
karting	264
karzai	264
keir	264
kemper	264
kenwood	264
ketone	264
kf	264
kiko	264
kimber	264
kingsbury	264
knackered	264
komodo	264
ktm	264
kunis	264
lagi	264
lah	264
lancers	264
lapland	264
lauren's	264
leaded	264
lhasa	264
lhc	264
lightroom	264
lily's	264
lingard	264
livy	264
loaning	264
lofts	264
loi	264
lomond	264
lorena	264
lossless	264
lucan	264
lugs	264
lyceum	264
machinists	264
macrae	264
madera	264
madoff	264
maim	264
mamba	264
mammography	264
manchu	264
maneuverability	264
mangroves	264
mankind's	264
maples	264
marg	264
marooned	264
martians	264
mcallen	264
mcelroy	264
medias	264
meena	264
merrier	264
mesmerising	264
mfs	264
milliken	264
mistrial	264
miyamoto	264
moffett	264
moh	264
monica's	264
montero	264
moorings	264
moretti	264
mortgaged	264
mossy	264
murad	264
muslin	264
myopic	264
nabi	264
nagel	264
naka	264
nape	264
natively	264
nato's	264
naturals	264
nco	264
neel	264
nehemiah	264
nematodes	264
netscape	264
nida	264
nikkei	264
nipped	264
noncommercial	264
nondescript	264
norad	264
notables	264
objectification	264
officiate	264
ohms	264
ope	264
optimised	264
oracles	264
orbitals	264
origen	264
ornamented	264
oso	264
ots	264
outbid	264
outgrowth	264
outhouse	264
outlawing	264
overhanging	264
overreach	264
pacifier	264
pander	264
paralleled	264
pasts	264
patrician	264
pederson	264
pediatricians	264
peeked	264
pennsylvania's	264
perfumed	264
permutation	264
phan	264
phenol	264
philadelphia's	264
phytoplankton	264
pirlo	264
plan's	264
plantar	264
plato's	264
pliable	264
polemic	264
ponderosa	264
poppin	264
positron	264
praia	264
prewar	264
principal's	264
prodding	264
prognostic	264
proviso	264
prunes	264
pubg	264
puffer	264
purport	264
quarts	264
quattro	264
ques	264
queueing	264
quint	264
radicalization	264
radiologist	264
ragnarok	264
rashford	264
raspy	264
receivables	264
recites	264
recuperation	264
red's	264
rediscovering	264
redshirt	264
referential	264
refinements	264
reflectors	264
regrowth	264
reimagined	264
reinvention	264
reit	264
relinquishing	264
renunciation	264
reparation	264
repute	264
retardant	264
reunites	264
revamping	264
reversals	264
rez	264
rhiannon	264
ricketts	264
ripen	264
romaine	264
roseville	264
ross's	264
rounders	264
rucksack	264
rvs	264
sacrilege	264
sadr	264
safekeeping	264
sahel	264
sallie	264
samaria	264
schoolyard	264
screenwriters	264
scruples	264
seafront	264
sedatives	264
seguin	264
selfishly	264
serif	264
serine	264
sexualized	264
shaheen	264
shallows	264
shawshank	264
shortfalls	264
showrunner	264
sickest	264
simcoe	264
sincerest	264
sistine	264
snazzy	264
snider	264
snipes	264
sorbet	264
soriano	264
specialities	264
spiny	264
spm	264
spreader	264
squarepants	264
ssb	264
stanley's	264
steepest	264
straightaway	264
strainer	264
sturt	264
subsides	264
subverted	264
sudoku	264
suis	264
surefire	264
surmised	264
swabs	264
sweetwater	264
symantec	264
tacitus	264
tambourine	264
tangy	264
tarik	264
tch	264
tensed	264
tft	264
throttling	264
tics	264
tilapia	264
timbre	264
tiptoe	264
tithes	264
tongued	264
tonkin	264
toppers	264
torrid	264
traumatised	264
trawling	264
tree's	264
trestle	264
troublemakers	264
tsunamis	264
tuber	264
tugged	264
ulcerative	264
unabridged	264
unbearably	264
underwriter	264
undeserving	264
unfunny	264
unkempt	264
unmitigated	264
unneeded	264
unsc	264
upmarket	264
upriver	264
uric	264
utley	264
utterances	264
venezuelans	264
virat	264
vit	264
vladivostok	264
vole	264
volker	264
vuelta	264
wagner's	264
wallaby	264
warfarin	264
warplanes	264
warzone	264
welds	264
westphalia	264
whorls	264
widow's	264
wilders	264
wildwood	264
wilkerson	264
winder	264
wintering	264
workaholic	264
worthiness	264
wrt	264
yeager	264
yore	264
zedong	264
zeit	264
aamir	263
abdi	263
aberrations	263
addon	263
aeg	263
aerials	263
affix	263
afoul	263
ahmadinejad	263
airlock	263
alcatel	263
alicante	263
allergen	263
alleviation	263
alphabets	263
amara	263
ambrosio	263
analogs	263
anchorman	263
angolan	263
aphids	263
appendices	263
applesauce	263
aqsa	263
aromas	263
assuage	263
asthmatic	263
autopsies	263
awed	263
bachman	263
bailouts	263
ballets	263
balmoral	263
bana	263
barreled	263
battlegrounds	263
bazooka	263
beatle	263
beckoning	263
beckwith	263
beebe	263
belfort	263
bewilderment	263
beyer	263
bighorn	263
biloxi	263
biomarker	263
bitchin	263
bitrate	263
bittorrent	263
blankly	263
bletchley	263
blyth	263
boho	263
bombastic	263
bond's	263
braved	263
brienne	263
brocade	263
brt	263
btu	263
buddha's	263
bulldozers	263
bunks	263
butchering	263
cameroonian	263
capacitive	263
capaldi	263
carapace	263
carew	263
castle's	263
cecile	263
cecily	263
cell's	263
century's	263
chancellors	263
changi	263
chapelle	263
charlatan	263
chatterjee	263
checkbook	263
chhattisgarh	263
chile's	263
chillies	263
chim	263
chomping	263
christen	263
christiane	263
chucks	263
circulates	263
cityscape	263
clang	263
clergymen	263
closeup	263
clowning	263
cmp	263
coalesce	263
coldwater	263
competently	263
compresses	263
concacaf	263
conman	263
conning	263
constricted	263
contrarian	263
coped	263
cordially	263
cormac	263
corned	263
cornice	263
cornwell	263
corporeal	263
cowering	263
creeds	263
crepes	263
crispin	263
criticises	263
croats	263
crosswalk	263
crow's	263
crud	263
curation	263
curley	263
cushman	263
cybernetic	263
cygnus	263
cyndi	263
cyrillic	263
d'souza	263
dampening	263
darned	263
decaf	263
decapitation	263
deciphered	263
declarative	263
dede	263
demonstrable	263
demonstrative	263
despairing	263
deviates	263
device's	263
digi	263
dillinger	263
dinky	263
disapproves	263
discontinuation	263
disliking	263
dismemberment	263
djing	263
dlr	263
dmx	263
dobby	263
doon	263
dorman	263
downplaying	263
doyle's	263
drawstring	263
drunkenly	263
dumbbell	263
dutiful	263
earhart	263
earplugs	263
earshot	263
ecw	263
edn	263
efi	263
eke	263
electorates	263
elitism	263
elven	263
emigrant	263
enders	263
engender	263
entente	263
enveloping	263
escherichia	263
etudes	263
excavators	263
exhausts	263
exxonmobil	263
factional	263
fahey	263
felice	263
fermenting	263
fibromyalgia	263
fiftieth	263
fire's	263
flacco	263
flatbed	263
fms	263
foals	263
footbridge	263
forceps	263
forecasters	263
fos	263
frothy	263
fucken	263
fujitsu	263
fume	263
gallium	263
gantry	263
gargoyle	263
gaslight	263
gastro	263
gastroenterology	263
gcs	263
generalist	263
georgi	263
germinate	263
gershwin	263
ghg	263
girardi	263
gitmo	263
glades	263
glebe	263
glowed	263
goat's	263
godard	263
goh	263
gramps	263
granddaughters	263
grannies	263
gremlin	263
grrr	263
grudgingly	263
gryffindor	263
guadeloupe	263
gws	263
haddad	263
hallett	263
harbored	263
harmonized	263
headroom	263
hedley	263
henan	263
heparin	263
herded	263
hernando	263
hgtv	263
hikaru	263
hilal	263
hillel	263
hodgkin	263
hodor	263
holland's	263
homily	263
hor	263
hornby	263
humana	263
hummingbirds	263
humpty	263
hustlers	263
ibanez	263
icbm	263
ideation	263
iff	263
impeccably	263
impulsively	263
inedible	263
inequities	263
infinitesimal	263
informers	263
integrals	263
ipods	263
isolationist	263
iucn	263
jailhouse	263
jeanine	263
jeannette	263
jellies	263
jetblue	263
jubilant	263
kain	263
kamen	263
karat	263
karen's	263
karmic	263
keefe	263
keener	263
keepsake	263
kerber	263
kilpatrick	263
kobo	263
kohl's	263
kono	263
krill	263
krispy	263
krug	263
kruse	263
laceration	263
laplace	263
leonard's	263
libor	263
lightened	263
liposuction	263
literatures	263
liven	263
lombardo	263
longo	263
loudon	263
lowdown	263
loy	263
ltr	263
lubricated	263
lucca	263
luk	263
lul	263
lyricism	263
madi	263
mages	263
maghreb	263
mahjong	263
maja	263
malabar	263
malala	263
mammary	263
maximized	263
meer	263
menendez	263
menopausal	263
mers	263
metered	263
mfg	263
mfw	263
michonne	263
mickey's	263
microbe	263
midline	263
millstone	263
mimicry	263
mission's	263
mitre	263
moonlit	263
morningstar	263
morphs	263
mortis	263
mote	263
moyer	263
multiracial	263
munoz	263
murchison	263
musashi	263
mutate	263
myeloid	263
naik	263
naira	263
nand	263
neglects	263
nep	263
nervosa	263
newsom	263
nez	263
nickelback	263
nimrod	263
njpw	263
nooooo	263
novelties	263
novi	263
nubian	263
nutt	263
oakwood	263
oblast	263
oeuvres	263
offhand	263
okra	263
olney	263
omelet	263
oozes	263
opi	263
optometry	263
orchestrating	263
orwellian	263
oscillators	263
otp	263
outtakes	263
pacifica	263
paella	263
pager	263
panicky	263
papier	263
parasol	263
parenthesis	263
parser	263
partick	263
pattison	263
pc's	263
peachtree	263
peele	263
pensive	263
performative	263
permeate	263
persevered	263
petticoat	263
pheasants	263
phenom	263
photosynthetic	263
pinging	263
pinion	263
pinter	263
pivots	263
plenipotentiary	263
plotters	263
pocono	263
poet's	263
pons	263
poppers	263
posses	263
precondition	263
preconditions	263
premierships	263
preppy	263
pretensions	263
priebus	263
pro's	263
professing	263
prospector	263
psychos	263
purvis	263
qian	263
qual	263
quantitatively	263
radiative	263
rambler	263
rance	263
rattan	263
reactivate	263
reapers	263
reassembled	263
rebalance	263
rebooting	263
recreates	263
refuting	263
regress	263
reintegration	263
rejoining	263
renegotiation	263
repositioning	263
reshaped	263
resurface	263
retails	263
retinue	263
rickey	263
rnas	263
roberson	263
rockaway	263
rockhampton	263
romanesque	263
roubles	263
rumba	263
saatchi	263
sally's	263
salvaging	263
sandi	263
saree	263
satirist	263
schrader	263
screenplays	263
segundo	263
sga	263
shaka	263
sharpshooter	263
shiner	263
shop's	263
shrugging	263
shrunken	263
sidetracked	263
silesia	263
singlehandedly	263
skiff	263
skittish	263
skopje	263
skynet	263
slattery	263
sleuth	263
slocum	263
sluice	263
smokeless	263
solidity	263
sorrento	263
speciation	263
splatoon	263
sportsnet	263
squaring	263
squeamish	263
stark's	263
stockade	263
stoicism	263
stoughton	263
straddles	263
strasburg	263
strontium	263
sturm	263
sunbury	263
superfund	263
supposition	263
suprised	263
svu	263
synchronised	263
tabasco	263
tagore	263
tantra	263
tarsus	263
tasker	263
teatro	263
theorizing	263
thermoplastic	263
thessaloniki	263
thickly	263
thro	263
timbuktu	263
timeshare	263
tino	263
tinto	263
tipper	263
titanfall	263
todd's	263
toiling	263
toothbrushes	263
townshend	263
trailhead	263
transvestite	263
trask	263
trodden	263
tsang	263
tucks	263
turismo	263
tussle	263
twp	263
typist	263
tyr	263
uhhhh	263
uhuru	263
unaided	263
unbecoming	263
universalist	263
unmistakably	263
unrealized	263
unworkable	263
uppercut	263
uproot	263
usenet	263
valiantly	263
verandah	263
vermeer	263
villeneuve	263
virology	263
vivek	263
voir	263
voor	263
vulgaris	263
wastage	263
waterline	263
waxman	263
weariness	263
weblog	263
whalers	263
wheelbase	263
wholeness	263
williston	263
wilmer	263
wingate	263
woolley	263
woot	263
wrest	263
yannick	263
zillion	263
zona	263
zte	263
zynga	263
aar	262
acceptability	262
aceh	262
adjudged	262
adriano	262
ahaha	262
airbender	262
aire	262
alb	262
alcove	262
alger	262
alrighty	262
amira	262
ane	262
anesthesiologist	262
annualized	262
arcana	262
architecturally	262
ase	262
asimov	262
aspirant	262
assertiveness	262
assyrians	262
astride	262
astrophysicist	262
asx	262
ateneo	262
auerbach	262
aut	262
autocracy	262
autosomal	262
awwww	262
balloting	262
bandar	262
baratheon	262
basset	262
baynes	262
beaton	262
bestiality	262
biracial	262
bitcoin's	262
bixby	262
ble	262
blk	262
blue's	262
bluray	262
blurs	262
blurted	262
bodice	262
bogdan	262
bozo	262
brac	262
brainy	262
braithwaite	262
bren	262
broach	262
broadbent	262
bromance	262
butane	262
bynum	262
cabbie	262
calcite	262
callan	262
candied	262
cantons	262
carbondale	262
castiel	262
celta	262
centrality	262
chamomile	262
childbearing	262
chippy	262
chives	262
chris's	262
chua	262
citroen	262
clamor	262
classless	262
clink	262
cloaking	262
coastlines	262
coelho	262
cognate	262
coking	262
colombians	262
configuring	262
conifers	262
connoisseurs	262
consoling	262
contaminant	262
contrition	262
converges	262
correlating	262
cosa	262
counterclockwise	262
crevice	262
crewman	262
crockery	262
croke	262
crusts	262
cums	262
cusack	262
cushioned	262
cvd	262
dais	262
dalhousie	262
defector	262
deferring	262
degeneracy	262
delphine	262
demoralized	262
denali	262
devastate	262
diesels	262
dimming	262
disciplining	262
disloyalty	262
divested	262
dll	262
dmz	262
doers	262
dollop	262
donatello	262
dongle	262
donohue	262
dosed	262
doused	262
drapery	262
drawdown	262
dreadlocks	262
dreadnought	262
dregs	262
driveways	262
earl's	262
edgerton	262
elissa	262
emptive	262
enablers	262
engendered	262
engined	262
entranced	262
escapades	262
escarpment	262
esperanto	262
eval	262
expedia	262
expos	262
extrinsic	262
fabrizio	262
facie	262
falcone	262
fantasizing	262
farid	262
farthing	262
fascinates	262
favs	262
feigning	262
fells	262
fenty	262
fett	262
fie	262
finality	262
flatbush	262
foldable	262
forebears	262
forestall	262
furthered	262
garlands	262
gatehouse	262
generalizing	262
gentlemanly	262
gesellschaft	262
gillett	262
giordano	262
gloat	262
glossed	262
glycerin	262
gog	262
goldeneye	262
goldilocks	262
goldmine	262
goodfellas	262
gorgon	262
gorillaz	262
grace's	262
grayish	262
griezmann	262
gris	262
gros	262
groupies	262
gurl	262
gymnastic	262
hahahah	262
handcuff	262
harbin	262
hardwired	262
harland	262
harpsichord	262
harris's	262
hashish	262
hawaiians	262
hematology	262
heroically	262
highgate	262
hindenburg	262
hinkley	262
histogram	262
hmo	262
hokey	262
husain	262
hutu	262
hydrochloric	262
hydrochloride	262
iata	262
ibsen	262
iep	262
ies	262
impolite	262
inbetween	262
infringements	262
insomniac	262
installers	262
interlock	262
interventionist	262
ionian	262
ionized	262
irrelevance	262
italiano	262
itemized	262
ivanovic	262
jabba	262
javanese	262
jawline	262
jaylen	262
jell	262
jit	262
joann	262
kaiju	262
kaminsky	262
kanan	262
karts	262
kerouac	262
kilgore	262
kitt	262
koji	262
kyoko	262
lacroix	262
lake's	262
langton	262
languishing	262
lauryn	262
laymen	262
layne	262
leandro	262
leathery	262
leclerc	262
libertarianism	262
lisle	262
lll	262
loam	262
lodi	262
lollipops	262
luger	262
lunges	262
lys	262
lytton	262
machu	262
maggie's	262
maidenhead	262
malagasy	262
malfoy	262
malin	262
mammy	262
manning's	262
manuela	262
marlo	262
marshalls	262
masque	262
masseuse	262
masson	262
matti	262
maulana	262
mayes	262
mcauliffe	262
mello	262
meltzer	262
mendocino	262
messer	262
meteorologists	262
metronome	262
metzger	262
mha	262
midrange	262
militaristic	262
mimicked	262
minimising	262
minnow	262
mirth	262
mitosis	262
mnemonic	262
mobilise	262
mofo	262
moonstone	262
morel	262
morey	262
moria	262
morningside	262
mothering	262
motorcyclists	262
natsu	262
naz	262
ndc	262
ned's	262
neet	262
negotiates	262
nimbus	262
nog	262
notations	262
noyes	262
obscures	262
odis	262
ogilvie	262
oomph	262
ostracized	262
overvalued	262
overwork	262
pacman	262
paintbrush	262
passaic	262
patil	262
pcie	262
persecutions	262
pestering	262
pilkington	262
pivoting	262
pizzagate	262
plausibly	262
plebs	262
plucky	262
pocock	262
preposition	262
pretenses	262
privatised	262
proclamations	262
product's	262
prohibitively	262
prost	262
proximate	262
puller	262
punctures	262
py	262
quadrupled	262
queasy	262
quiche	262
quips	262
qureshi	262
radley	262
rainstorm	262
rangel	262
rapprochement	262
rayleigh	262
reappearance	262
recompense	262
recuperating	262
redesigning	262
redlands	262
redraw	262
redrawn	262
refutation	262
remiss	262
remittance	262
renfrewshire	262
repudiated	262
resuscitate	262
reticent	262
reverie	262
revisionism	262
rewrites	262
rheumatism	262
rickman	262
rightwing	262
roused	262
ruble	262
ryerson	262
safeguarded	262
sakurai	262
santorini	262
sasaki	262
saya	262
schaeffer	262
schweinsteiger	262
scintillating	262
scribbling	262
scuttled	262
sectoral	262
see's	262
selflessness	262
seong	262
sharapova	262
sharps	262
shauna	262
shimano	262
shinto	262
shrooms	262
shuddering	262
silken	262
slayers	262
slippage	262
slowness	262
slurred	262
smattering	262
snarl	262
snuggling	262
solvers	262
sook	262
sorbonne	262
soul's	262
spawns	262
spongy	262
spx	262
sterilize	262
stewardess	262
stockholder	262
storefronts	262
storyboard	262
stragglers	262
stratigraphy	262
striding	262
strom	262
stunting	262
surcharges	262
surest	262
suriname	262
swe	262
sweety	262
taiga	262
tangier	262
tapioca	262
taskforce	262
telemedicine	262
tendrils	262
teng	262
texarkana	262
tfc	262
thani	262
thickest	262
three's	262
ticklish	262
timestamp	262
tivo	262
tolerates	262
tomo	262
tradesman	262
traditionalists	262
trappers	262
tulle	262
turtleneck	262
tutsi	262
twats	262
uab	262
ugc	262
ula	262
ulm	262
umberto	262
unconvinced	262
underclass	262
underhill	262
undertone	262
undressing	262
unpopularity	262
unquestionable	262
unreadable	262
unwinding	262
urchins	262
ursa	262
vanquish	262
variegated	262
vedanta	262
vehement	262
vel	262
velma	262
videotapes	262
viewer's	262
vikas	262
vinaigrette	262
walkman	262
wallop	262
walter's	262
wcs	262
wea	262
weeknight	262
weenie	262
whet	262
whitehaven	262
wile	262
wilmot	262
wim	262
witten	262
wobbling	262
wowed	262
wps	262
wwe's	262
xoxo	262
yamaguchi	262
yesteryear	262
ziggler	262
zipping	262
aced	261
act's	261
advantaged	261
afm	261
agarwal	261
agl	261
airspeed	261
ake	261
albus	261
allocates	261
alphas	261
altoona	261
amplifies	261
amply	261
anglophone	261
annealing	261
annexing	261
antecedents	261
antiretroviral	261
antithetical	261
antler	261
aoa	261
aoi	261
app's	261
applegate	261
apprenticed	261
arb	261
aris	261
arma	261
arn	261
aromatherapy	261
arranger	261
asb	261
aspirated	261
atchison	261
atr	261
attestation	261
aways	261
aylesbury	261
ayurveda	261
babar	261
baptisms	261
bar's	261
baraka	261
barbary	261
baudelaire	261
beached	261
beavis	261
beefing	261
belittling	261
bellini	261
bevel	261
birdsong	261
bizarro	261
blatt	261
blesses	261
blockaded	261
bly	261
bodhi	261
bookmaker	261
bradman	261
brava	261
brawling	261
breakouts	261
brezhnev	261
brin	261
brogan	261
bunyan	261
businesspeople	261
buzzword	261
cabbages	261
cacophony	261
caligula	261
capitalistic	261
caresses	261
carlsen	261
carnations	261
carruthers	261
carswell	261
cartoonists	261
castaway	261
catharine	261
cavanaugh	261
ccg	261
cenotaph	261
chafing	261
chairman's	261
chambered	261
chibi	261
chibok	261
chink	261
chl	261
cip	261
circumscribed	261
cking	261
clack	261
clicker	261
collation	261
colombia's	261
comings	261
commandeered	261
commemorations	261
commentating	261
competition's	261
comprehending	261
confidentially	261
confining	261
confucianism	261
connectedness	261
conscripts	261
conservator	261
cooperates	261
cooperatively	261
copperfield	261
cou	261
counseled	261
covey	261
crewmen	261
crimp	261
cruces	261
cryo	261
curbed	261
customarily	261
dagestan	261
dartford	261
ddd	261
deactivation	261
debby	261
deductibles	261
deflate	261
demonize	261
dena	261
denunciation	261
dft	261
diazepam	261
discrediting	261
dished	261
dismount	261
diuretic	261
dnb	261
domini	261
doppelganger	261
dpa	261
drawbridge	261
drivin	261
drudge	261
drugging	261
duquesne	261
dwindle	261
eckert	261
eddie's	261
edp	261
effector	261
ellery	261
encapsulation	261
enchantress	261
encircle	261
env	261
eoin	261
epa's	261
epistemological	261
etiology	261
evangelion	261
exonerate	261
expediency	261
exudes	261
eyesore	261
faceoff	261
facile	261
facilitators	261
fatherless	261
featherstone	261
feely	261
fertilize	261
field's	261
fiennes	261
fittingly	261
flossing	261
fluted	261
fogarty	261
foreshore	261
foyle	261
fred's	261
frederik	261
frightens	261
fruiting	261
fuk	261
gangbang	261
gascoigne	261
gasses	261
gawain	261
gazes	261
geneticist	261
genotypes	261
gert	261
gilly	261
gizmo	261
glycine	261
godot	261
goop	261
gorsuch	261
gregson	261
griffin's	261
grimace	261
groggy	261
grt	261
guano	261
guava	261
guinean	261
gwinnett	261
gwyn	261
gwynn	261
hab	261
habsburg	261
haller	261
halliburton	261
halstead	261
hammocks	261
hamstrings	261
handbooks	261
hanzo	261
harford	261
haslam	261
hematoma	261
hew	261
hhh	261
hideo	261
histology	261
hitching	261
homewood	261
homogeneity	261
hoss	261
hossein	261
hotties	261
hoyle	261
huerta	261
huma	261
humanists	261
humbert	261
hummel	261
huntress	261
husks	261
ichigo	261
icrc	261
idiopathic	261
ige	261
ij	261
illini	261
immigrate	261
imparts	261
implacable	261
implicating	261
imprisoning	261
inclusiveness	261
indemnify	261
indiscretion	261
indulgences	261
infirm	261
inga	261
intermodal	261
intraday	261
ishikawa	261
itd	261
iwc	261
jackals	261
jaclyn	261
jailer	261
jamaat	261
jefferson's	261
jharkhand	261
jin's	261
joists	261
joke's	261
jon's	261
kanto	261
kanye's	261
karabakh	261
keiko	261
keith's	261
kenner	261
kennett	261
kerb	261
kiara	261
kidnaps	261
klingons	261
knott	261
kondo	261
kot	261
kwok	261
lacing	261
laidlaw	261
lambo	261
lanham	261
latches	261
ldr	261
lengthwise	261
lennon's	261
lenore	261
leopoldo	261
linoleum	261
listeria	261
lockett	261
longview	261
lutherans	261
luxemburg	261
lyre	261
maas	261
maasai	261
magnanimous	261
magus	261
mammoths	261
manchurian	261
maniacal	261
manish	261
marie's	261
marshawn	261
martel	261
materialist	261
matsumoto	261
maximizes	261
mccarthy's	261
mccarty	261
mccauley	261
medica	261
meeker	261
metabolized	261
mewtwo	261
mfc	261
mickelson	261
micrograms	261
micronesia	261
mie	261
mikes	261
miniscule	261
ministering	261
miramar	261
miri	261
miro	261
miscalculation	261
misdirection	261
mlc	261
moc	261
modernised	261
modulating	261
monger	261
montpelier	261
montreal's	261
mookie	261
morrell	261
mua	261
multicolored	261
multifamily	261
musing	261
mystified	261
narc	261
nat'l	261
natchez	261
natwest	261
naya	261
necromancer	261
neh	261
neurobiology	261
newman's	261
nics	261
nitride	261
noa	261
nobodies	261
norepinephrine	261
notional	261
nsaids	261
nuff	261
nuffield	261
obliging	261
observances	261
obverse	261
ocala	261
offing	261
offstage	261
oka	261
oooo	261
outkast	261
overlying	261
overridden	261
overruns	261
pacts	261
palatial	261
pappas	261
parley	261
parris	261
paucity	261
pauls	261
pavlov	261
peculiarly	261
peddler	261
pelagic	261
peppa	261
pepsico	261
persecuting	261
persephone	261
phds	261
phenomenally	261
philosopher's	261
phonics	261
phs	261
physiologically	261
pilgrimages	261
pithy	261
pittance	261
placental	261
plastering	261
plex	261
plop	261
poe's	261
portobello	261
prancing	261
preclinical	261
primark	261
prisms	261
prowling	261
puccini	261
pujols	261
pulleys	261
pullover	261
pye	261
rafi	261
rapp	261
rarities	261
raster	261
rau	261
razak	261
reassessment	261
recharged	261
reconfigured	261
reeled	261
registrant	261
rehabilitating	261
reimer	261
rekindled	261
renouncing	261
repaint	261
reprocessing	261
repulsion	261
resistive	261
resurgent	261
rfp	261
rihanna's	261
rika	261
rma	261
rob's	261
romania's	261
ronaldo's	261
ronson	261
roosevelt's	261
rosita	261
rothman	261
roxas	261
rubbery	261
ruby's	261
ruth's	261
sagas	261
salamanders	261
sameer	261
sandia	261
sashimi	261
sauber	261
sayed	261
scalding	261
sceptre	261
schmitz	261
scoundrels	261
scrambles	261
seacrest	261
seasonings	261
seditious	261
segway	261
selangor	261
senor	261
serviceman	261
seti	261
sfr	261
shinjuku	261
shopify	261
shorting	261
shortsighted	261
shunning	261
silverstein	261
simona	261
sinker	261
skyfall	261
slates	261
smartass	261
snodgrass	261
sono	261
sophocles	261
soren	261
sortie	261
sotomayor	261
standish	261
starburst	261
statist	261
statuette	261
steppes	261
steven's	261
storeroom	261
strumming	261
sua	261
subban	261
sucky	261
suiting	261
supersedes	261
swamy	261
swig	261
takeovers	261
tangles	261
tash	261
tass	261
taxidermy	261
taylors	261
tenner	261
texaco	261
thankless	261
thorin	261
thos	261
throwers	261
tightest	261
tillerson	261
tisdale	261
titian	261
todos	261
toiled	261
tomes	261
toots	261
trainor	261
triceps	261
tropez	261
tsui	261
ttp	261
tts	261
unapologetically	261
unappealing	261
uncivilized	261
underwritten	261
undoubted	261
unpatriotic	261
unrepentant	261
unsee	261
untidy	261
ural	261
useable	261
ushering	261
vassar	261
veep	261
velodrome	261
vevo	261
viewable	261
visionaries	261
vitals	261
waaaay	261
warrior's	261
washable	261
washy	261
waterproofing	261
watters	261
waveguide	261
weaponized	261
wearers	261
weill	261
welders	261
werk	261
wetness	261
wheelers	261
wierd	261
wiggling	261
wilfried	261
wince	261
winemaking	261
wn	261
wnt	261
womanizer	261
woodbine	261
wreaking	261
wrecker	261
wrenches	261
xa	261
yulia	261
zayed	261
zealander	261
zuckerman	261
aachen	260
abn	260
abrasions	260
acetylcholine	260
aco	260
actives	260
adherent	260
adulation	260
adverbs	260
aforesaid	260
afridi	260
agr	260
ahmadi	260
airlifted	260
alan's	260
aleksandar	260
ambassador's	260
amines	260
amniotic	260
amulets	260
amusements	260
antecedent	260
antiwar	260
aphasia	260
aphrodisiac	260
apm	260
aristotelian	260
arsenals	260
arteta	260
astley	260
astrophysical	260
asunder	260
aum	260
automating	260
ayy	260
backstabbing	260
backstop	260
bauhaus	260
bee's	260
begets	260
belgium's	260
bernanke	260
bevin	260
bharti	260
bibliographies	260
bimonthly	260
binocular	260
bioethics	260
birdy	260
birkenhead	260
birkin	260
biter	260
blatter	260
bldg	260
bloat	260
boden	260
boers	260
bolus	260
botanists	260
breakin	260
bretton	260
breyer	260
brightens	260
briskly	260
bruiser	260
brunel	260
brutes	260
bubonic	260
buggers	260
bulger	260
burgos	260
burj	260
bursa	260
bushels	260
busta	260
bylaw	260
cabello	260
cached	260
caddie	260
caplan	260
carrillo	260
carroll's	260
castro's	260
caterers	260
cations	260
cellophane	260
cept	260
cera	260
chaining	260
channelled	260
chiara	260
chiron	260
choker	260
chrysalis	260
chums	260
cialis	260
clamour	260
clarice	260
claudette	260
clenching	260
clumsily	260
cmv	260
codename	260
cofounder	260
collectives	260
colonizing	260
compressive	260
condoning	260
convalescent	260
costal	260
couscous	260
crassus	260
cristal	260
critiqued	260
croker	260
crompton	260
crone	260
crystallography	260
cupping	260
dabbling	260
dabs	260
dampers	260
dayz	260
decoys	260
decry	260
deferral	260
delisted	260
desc	260
desoto	260
deviantart	260
dirtbag	260
dirtier	260
disavow	260
discordant	260
dismounted	260
distrustful	260
dmg	260
doll's	260
downy	260
dragonball	260
dru	260
dsi	260
dualism	260
duplicating	260
durante	260
dwp	260
eazy	260
ecr	260
egon	260
elegans	260
embittered	260
emissaries	260
encyclopedias	260
endangers	260
enugu	260
epithets	260
esse	260
estimations	260
eunuchs	260
eve's	260
evidentiary	260
ewen	260
exalt	260
executors	260
exoplanets	260
fairground	260
fairytales	260
fancier	260
fatherly	260
faultless	260
feedstock	260
fending	260
fistula	260
fjords	260
flemming	260
foxtrot	260
frith	260
frizzy	260
gabriel's	260
garbled	260
garfunkel	260
gaskets	260
geert	260
generale	260
get's	260
ginn	260
gla	260
godin	260
gpo	260
grimshaw	260
gronk	260
gsw	260
gulfstream	260
gyu	260
hachette	260
hadoop	260
hallucinogenic	260
halve	260
hamer	260
handfuls	260
harlot	260
harpers	260
headbutt	260
heathcote	260
hebei	260
hecht	260
heckler	260
heifer	260
henderson's	260
hendrickson	260
hezekiah	260
hmas	260
hoards	260
holger	260
homer's	260
hoosiers	260
hsi	260
hued	260
humbug	260
hydrological	260
icf	260
icm	260
imc	260
ime	260
impetuous	260
inadequately	260
inconvenienced	260
indignity	260
indisputably	260
indoctrinated	260
inflorescence	260
infowars	260
injectable	260
inky	260
inlets	260
innsbruck	260
interactivity	260
interdiction	260
intros	260
isl	260
jarred	260
jasmin	260
jaunt	260
jawaharlal	260
job's	260
jointed	260
joker's	260
joong	260
jutting	260
kawaii	260
kayaks	260
keeley	260
keisha	260
kerry's	260
khans	260
kindergartens	260
kneels	260
knits	260
kph	260
kyo	260
ladbrokes	260
lane's	260
laszlo	260
laud	260
leavin	260
legation	260
leh	260
letterhead	260
levis	260
levity	260
lichtenstein	260
lidl	260
likud	260
limped	260
liquors	260
loh	260
lombardy	260
lorentz	260
louse	260
lsat	260
lucha	260
luciana	260
lucked	260
lugo	260
luhansk	260
maarten	260
mab	260
magick	260
malayan	260
malfeasance	260
mandeville	260
markey	260
markle	260
martinis	260
massaged	260
massif	260
mattingly	260
mccracken	260
mechanistic	260
meijer	260
mementos	260
mercado	260
mezzo	260
mightiest	260
mii	260
millenium	260
millimetre	260
minnows	260
mino	260
misappropriation	260
mishandling	260
misinterpret	260
misstep	260
mitsui	260
mmc	260
moguls	260
mohamad	260
montauk	260
moorhead	260
morello	260
motherfuckin	260
mowers	260
multichannel	260
mummified	260
musik	260
nacl	260
nagano	260
narcissists	260
narrators	260
natura	260
nawab	260
nct	260
nederland	260
neu	260
newington	260
newness	260
newsreader	260
nipping	260
nona	260
nontraditional	260
nori	260
o'brien's	260
octavian	260
oddest	260
olmsted	260
olympiad	260
optimise	260
oration	260
ordinates	260
orrin	260
ousting	260
overseers	260
oxidizing	260
paneling	260
panelled	260
pangs	260
pape	260
paribas	260
paschal	260
passivity	260
paterno	260
pcl	260
pec	260
peeks	260
percussive	260
perdue	260
phosphatase	260
pickets	260
piezoelectric	260
piglets	260
pinches	260
pir	260
pittsfield	260
plessis	260
plies	260
plinth	260
plos	260
pmc	260
polishes	260
polypeptide	260
postulate	260
presidio	260
priors	260
probiotic	260
productively	260
propylene	260
prosaic	260
proscribed	260
prosecutorial	260
pyrotechnics	260
qos	260
quacks	260
quandary	260
quietest	260
quipped	260
rabat	260
radisson	260
rajya	260
rationalism	260
rears	260
rebut	260
reclassified	260
reconnecting	260
redondo	260
refiners	260
reheat	260
reinhard	260
reinhart	260
reinvest	260
remorseful	260
repackaged	260
repented	260
reprogramming	260
restocking	260
reticence	260
reversion	260
rey's	260
rhinestone	260
riemann	260
rittenhouse	260
roundabouts	260
rspca	260
rubinstein	260
rutter	260
saipan	260
saladin	260
saleem	260
sandown	260
sapphires	260
saran	260
scrip	260
scruff	260
scurrying	260
seafaring	260
sepp	260
sexiness	260
shania	260
shaquille	260
sheaf	260
shipwrecks	260
shooter's	260
siesta	260
sikkim	260
sinhalese	260
skoda	260
slp	260
sniffer	260
snobs	260
snyder's	260
socialise	260
sociopathic	260
sociopaths	260
sof	260
speedometer	260
splints	260
spoofing	260
squad's	260
squalid	260
staves	260
stillman	260
stockwell	260
stringed	260
strollers	260
strolls	260
styx	260
submerge	260
subordination	260
summarise	260
sunnah	260
surfactant	260
surry	260
survivability	260
sweltering	260
swooping	260
sz	260
tahrir	260
tannins	260
tanto	260
tarn	260
tater	260
taxicab	260
tdp	260
tedx	260
telluride	260
telus	260
tenements	260
thanet	260
themself	260
theyve	260
thule	260
thunk	260
tiber	260
tigger	260
tints	260
tokugawa	260
tonk	260
trevelyan	260
ttt	260
tupelo	260
ulta	260
unabashed	260
unencumbered	260
unfilled	260
unionization	260
unjustifiable	260
unnaturally	260
uttarakhand	260
uwu	260
vann	260
vazquez	260
vegetarianism	260
verstappen	260
vey	260
vicarious	260
villainy	260
virtuosity	260
virulence	260
vishal	260
vix	260
vizier	260
vries	260
waa	260
wali	260
walkable	260
walling	260
warmers	260
westbury	260
whimsy	260
whitcomb	260
wicca	260
willett	260
wilted	260
winging	260
wolfpack	260
worf	260
workpiece	260
wormwood	260
wrangle	260
youngblood	260
yucatan	260
zander	260
zeller	260
zhi	260
zircon	260
zora	260
aaaa	259
abated	259
abernathy	259
accrediting	259
aci	259
acoustical	259
advil	259
afflictions	259
afterall	259
aggregating	259
agitator	259
albedo	259
alcott	259
alisha	259
allyson	259
alun	259
alway	259
amateurish	259
anaphylaxis	259
ando	259
angelus	259
angora	259
anyplace	259
aos	259
appetizing	259
applicator	259
arby's	259
arsonist	259
artichokes	259
ashlee	259
aslam	259
asmr	259
asquith	259
assemblages	259
augmenting	259
axons	259
babbitt	259
bach's	259
ballin	259
baltimore's	259
banc	259
barnacles	259
bast	259
beekeepers	259
benteke	259
berta	259
bests	259
beulah	259
biafra	259
biologic	259
bjj	259
blackfish	259
bleacher	259
blizzards	259
bloodiest	259
bloodshot	259
bnb	259
boku	259
bolognese	259
bolstering	259
brawls	259
bronchial	259
brownstone	259
buffered	259
burgoyne	259
burka	259
butterscotch	259
byung	259
caballero	259
caboose	259
caesarean	259
cair	259
calcareous	259
callus	259
cally	259
capella	259
capote	259
carmarthenshire	259
carotene	259
carpark	259
cartoonish	259
cassell	259
cesarean	259
chaim	259
chalets	259
champion's	259
characterizations	259
cherub	259
chiswick	259
chula	259
clearinghouse	259
cleve	259
coaxed	259
colloidal	259
colville	259
commited	259
conceptualize	259
concurrency	259
confidante	259
conifer	259
consumable	259
convener	259
coogan	259
corker	259
corroborating	259
corsa	259
cours	259
courtenay	259
courtly	259
cupertino	259
cutlass	259
cutouts	259
cvt	259
cybernetics	259
cymbal	259
dabbing	259
dachau	259
dalits	259
darjeeling	259
daydreams	259
deccan	259
decriminalization	259
dejan	259
delmar	259
demar	259
demarcus	259
demon's	259
demoralizing	259
denigrate	259
dennison	259
derrida	259
despatches	259
detonator	259
developer's	259
devereux	259
diametrically	259
dian	259
dirac	259
dissing	259
disuse	259
dmt	259
donal	259
dore	259
dorks	259
douse	259
downgrading	259
dozing	259
dramatized	259
drinkable	259
drooping	259
ecologists	259
edin	259
edson	259
elam	259
eller	259
embarassing	259
embellishments	259
emg	259
emigrating	259
empathic	259
energizing	259
engl	259
enumeration	259
epo	259
epson	259
esme	259
evocation	259
excepted	259
existentialism	259
exterminator	259
extinguishing	259
extradite	259
extrapolated	259
extricate	259
falsifying	259
farmville	259
faro	259
fassbender	259
fastener	259
fatale	259
fedor	259
fibula	259
fidget	259
filesystem	259
flexion	259
flippant	259
floater	259
fondue	259
forerunners	259
fretted	259
fuelling	259
gallardo	259
galt	259
galvin	259
ganglia	259
ganglion	259
gare	259
geeta	259
geographies	259
geospatial	259
geranium	259
geun	259
ghanaians	259
gilberto	259
gingerly	259
glared	259
glick	259
goalposts	259
godaddy	259
goer	259
goldsmiths	259
gowdy	259
gpm	259
gratified	259
groucho	259
grouchy	259
grownup	259
guaranty	259
guardian's	259
gusty	259
haber	259
hagar	259
hagerstown	259
harmonizing	259
heaviness	259
hedonism	259
heirlooms	259
hereof	259
heretofore	259
hillsdale	259
hopewell	259
horoscopes	259
hospitalizations	259
hov	259
huntington's	259
ichiro	259
immemorial	259
inequity	259
ines	259
inflected	259
infotainment	259
ingalls	259
ingersoll	259
inna	259
insinuate	259
inspects	259
interludes	259
iodide	259
irishmen	259
iva	259
ivana	259
iwatch	259
jacobite	259
jeffers	259
jesse's	259
jindal	259
jodhpur	259
johnsons	259
johor	259
jolene	259
joyce's	259
juana	259
juiced	259
jumpstart	259
kabuki	259
karol	259
kellogg's	259
kennedys	259
kindling	259
knell	259
koehler	259
kroll	259
laboring	259
ladakh	259
lannisters	259
laparoscopic	259
laurier	259
leer	259
legume	259
lemurs	259
linesman	259
lipa	259
ljubljana	259
locum	259
logie	259
long's	259
lpc	259
lum	259
lunged	259
madder	259
mailboxes	259
malign	259
maliki	259
maltreatment	259
mandrake	259
mao's	259
marburg	259
marinate	259
marque	259
marx's	259
mashable	259
maurer	259
mcghee	259
mcloughlin	259
mcnabb	259
mcveigh	259
meltdowns	259
memorization	259
mems	259
merida	259
merthyr	259
middlebury	259
millisecond	259
misdirected	259
missteps	259
mockingjay	259
moiety	259
moline	259
molly's	259
montreux	259
montserrat	259
mornington	259
morsel	259
mq	259
mucho	259
mugshot	259
mukesh	259
muncie	259
mundi	259
murillo	259
murthy	259
mythbusters	259
nabokov	259
naia	259
naperville	259
nary	259
nasi	259
nasr	259
nastiest	259
nei	259
newburgh	259
newsflash	259
nilly	259
nlp	259
nocturne	259
nongovernmental	259
nooks	259
nostra	259
nudging	259
oems	259
oma	259
ombre	259
operator's	259
optimizations	259
oran	259
ors	259
osc	259
oxycodone	259
pacheco	259
page's	259
paleolithic	259
paraphrased	259
parisians	259
passageways	259
passersby	259
patrolman	259
peacekeeper	259
peake	259
penzance	259
perlman	259
perot	259
pert	259
petco	259
petraeus	259
picchu	259
pillaging	259
plaintiff's	259
platoons	259
playmates	259
pma	259
pollsters	259
populists	259
portland's	259
practises	259
prat	259
pratchett	259
predate	259
predominate	259
prelims	259
presumes	259
principalities	259
printout	259
prodded	259
profiler	259
proofread	259
prophylactic	259
prophylaxis	259
pseudomonas	259
psh	259
ptv	259
pullout	259
puppeteer	259
purist	259
purposed	259
radiography	259
rajput	259
raven's	259
readied	259
recherche	259
reiki	259
reimbursements	259
reopens	259
repairman	259
rescuer	259
resurrecting	259
revolutionizing	259
rialto	259
ridgeway	259
ringleader	259
riverview	259
road's	259
rococo	259
rodolfo	259
rong	259
rottweiler	259
rq	259
ruhr	259
rukh	259
rumblings	259
runescape	259
sandbags	259
sandeep	259
sapporo	259
sauer	259
scalping	259
scantily	259
scarlets	259
schmid	259
scsi	259
scurry	259
sebastien	259
secessionist	259
sedona	259
semites	259
sepals	259
serengeti	259
serialized	259
shader	259
shakin	259
shaper	259
sharkey	259
shaykh	259
sheamus	259
shekhar	259
sidestep	259
sieges	259
sinbad	259
slaw	259
smirked	259
smokescreen	259
snide	259
snohomish	259
snowballs	259
societe	259
solider	259
sov	259
sowed	259
sows	259
sprocket	259
squabble	259
squabbling	259
squeaking	259
sra	259
stapled	259
starbuck	259
starkey	259
startin	259
statins	259
steeplechase	259
steffen	259
sternly	259
stopwatch	259
stranglehold	259
stratospheric	259
streetwear	259
subcultures	259
subfamily	259
succulents	259
sulphate	259
superposition	259
suprise	259
sylvain	259
sympathizer	259
symposia	259
synchro	259
tachycardia	259
tactful	259
tafe	259
takeshi	259
tamarind	259
tapers	259
tarte	259
teared	259
telco	259
tete	259
theism	259
theocracy	259
theoretic	259
thun	259
tilley	259
tobi	259
toenail	259
toh	259
toussaint	259
tpc	259
tracers	259
trafficker	259
transducers	259
transfiguration	259
transphobia	259
trellis	259
tropicana	259
truthfulness	259
tryptophan	259
twd	259
typescript	259
tyrannosaurus	259
ulf	259
ullman	259
unblocked	259
undersized	259
understaffed	259
unexplainable	259
unflinching	259
uninhibited	259
universe's	259
unmodified	259
unpretentious	259
unprocessed	259
unseat	259
urbanism	259
uriel	259
usurper	259
vagaries	259
vamps	259
vermouth	259
verna	259
vespa	259
vesta	259
victor's	259
videographer	259
viewfinder	259
vonnegut	259
waikato	259
wanking	259
watchdogs	259
watchmaker	259
wawrinka	259
whe	259
whitefish	259
whittington	259
whoring	259
wiccan	259
wishy	259
wojciech	259
workbench	259
worksheets	259
wriggle	259
wrs	259
yama	259
yardley	259
yat	259
yearns	259
yemen's	259
yoyo	259
yumi	259
aaliyah	258
aarhus	258
abdicated	258
abm	258
acceded	258
accruing	258
acquit	258
adjuvant	258
admixture	258
adopter	258
afa	258
aftershock	258
agence	258
airshow	258
albumin	258
algernon	258
aline	258
amaya	258
ambiguities	258
amirite	258
amuses	258
anchovy	258
anguished	258
antagonize	258
antalya	258
anthracite	258
appa	258
apparitions	258
applebee's	258
appt	258
ariadne	258
arjuna	258
artifice	258
aryans	258
ashburn	258
asides	258
aspergillus	258
assistive	258
audibly	258
ayurvedic	258
baldy	258
balthazar	258
bartley	258
batons	258
batshit	258
beardsley	258
beck's	258
begining	258
beni	258
betcha	258
bidet	258
bingley	258
biophysics	258
biscayne	258
blacksmiths	258
blobs	258
bluster	258
boc	258
bodes	258
bodie	258
bookworm	258
bowyer	258
braga	258
bratton	258
brut	258
bruyne	258
bsn	258
buell	258
bung	258
bungie	258
burke's	258
burqa	258
bursary	258
butted	258
cae	258
caffeinated	258
calvinism	258
cannery	258
canvassed	258
capra	258
captioning	258
carcinogen	258
carey's	258
carters	258
cased	258
catamaran	258
cates	258
catheters	258
caucasians	258
cavill	258
cdna	258
ceding	258
celled	258
changeling	258
chargeable	258
chastain	258
chatroom	258
cheadle	258
checkin	258
checklists	258
cheri	258
chieftains	258
chil	258
choreographers	258
christo	258
clasped	258
clerk's	258
clo	258
cmb	258
coauthor	258
cocos	258
colson	258
comming	258
constantin	258
cookware	258
cooperstown	258
copacabana	258
cordell	258
corduroy	258
corky	258
corleone	258
coroners	258
corsets	258
cortland	258
counterculture	258
crandall	258
criminalize	258
crocheted	258
crummy	258
crusading	258
curating	258
curries	258
customizing	258
cyrano	258
dandenong	258
daniele	258
darla	258
darted	258
datacenter	258
decryption	258
degrasse	258
dembele	258
demean	258
deming	258
dempster	258
depaul	258
deterring	258
detoxification	258
deutschen	258
diatribe	258
dinar	258
dionne	258
diplomatically	258
disassemble	258
discards	258
discontinuing	258
disparage	258
disqualifying	258
ditty	258
dockers	258
dogfight	258
dordrecht	258
downers	258
downfield	258
downsized	258
dramatists	258
droll	258
drudgery	258
drupal	258
ducats	258
dulwich	258
dumbasses	258
durian	258
edinburgh's	258
edl	258
edvard	258
egerton	258
electrocution	258
elkhart	258
emoluments	258
endometrial	258
energy's	258
enright	258
erg	258
eucharistic	258
eusebius	258
excised	258
executioners	258
exhortation	258
exoplanet	258
exteriors	258
fader	258
fallopian	258
federation's	258
feign	258
fermanagh	258
fistful	258
fj	258
flamed	258
flatulence	258
flavia	258
flowchart	258
foetal	258
forgetfulness	258
fou	258
freshers	258
freud's	258
fujian	258
gaithersburg	258
garish	258
gba	258
gdi	258
geodetic	258
gian	258
gib	258
gilding	258
globalism	258
gluing	258
googly	258
gorham	258
greenbrier	258
gremlins	258
gringo	258
gunslinger	258
haan	258
hampering	258
hansard	258
harps	258
hashing	258
hayman	258
hayne	258
headspace	258
healthily	258
hedonistic	258
hegemonic	258
hehehe	258
hellboy	258
hemming	258
hesitates	258
hina	258
histological	258
hoaxes	258
hobbled	258
hodder	258
hooch	258
hsiao	258
hysterics	258
ibf	258
incas	258
incriminate	258
infill	258
inflame	258
injurious	258
integrator	258
interminable	258
interrogator	258
inthe	258
irks	258
irrigate	258
itty	258
januzaj	258
jigs	258
jinn	258
jura	258
kanawha	258
keratin	258
keurig	258
key's	258
kidder	258
kinases	258
koichi	258
kom	258
kooky	258
lab's	258
lances	258
lansbury	258
larue	258
lauda	258
laureates	258
leaker	258
ledgers	258
leery	258
legislating	258
lepers	258
lessee	258
lethbridge	258
lettres	258
levees	258
li's	258
lif	258
lobed	258
lodger	258
loew	258
lolol	258
lora	258
loveland	258
lubricating	258
lumley	258
magnetized	258
manon	258
marcella	258
mario's	258
marple	258
massie	258
mastiff	258
mcewan	258
mcp	258
mediates	258
megadeth	258
mehr	258
melodious	258
microfinance	258
middleware	258
midori	258
midshipman	258
miffed	258
miho	258
minna	258
minot	258
mismanaged	258
mistral	258
mockingly	258
monkey's	258
mook	258
morbidly	258
moresby	258
mucking	258
mudd	258
murano	258
muskegon	258
mvps	258
naan	258
naivety	258
nama	258
nanda	258
nastiness	258
nazarene	258
nem	258
newcomb	258
newsstand	258
nhl's	258
nibbles	258
nonchalantly	258
normals	258
northwood	258
novartis	258
novgorod	258
nya	258
occasioned	258
occupier	258
odette	258
oki	258
oklahoma's	258
omo	258
onetime	258
onondaga	258
orthography	258
ould	258
ovate	258
overflowed	258
overtakes	258
pageantry	258
parallelism	258
pba	258
peasy	258
pecans	258
penitent	258
pentagram	258
pettigrew	258
phe	258
philistine	258
phlegm	258
photonic	258
pianists	258
picketing	258
pka	258
poacher	258
poco	258
pomeranian	258
poon	258
possessor	258
precept	258
precipitous	258
previewed	258
prioritization	258
profiteering	258
proofreading	258
prospectors	258
prosser	258
prude	258
purifier	258
qiu	258
quartets	258
queers	258
quenching	258
racecar	258
radioed	258
raglan	258
ramone	258
rampaging	258
randomised	258
rapier	258
ravage	258
readjust	258
realizations	258
reams	258
redirection	258
reese's	258
reinvested	258
repeaters	258
reputedly	258
residencies	258
ridiculing	258
rifling	258
right's	258
riverbed	258
robespierre	258
ron's	258
rood	258
roundly	258
roz	258
rummaging	258
ryde	258
sacramental	258
sainsbury	258
sanctimonious	258
sardonic	258
sate	258
scabs	258
schafer	258
scunthorpe	258
sda	258
sdr	258
seabrook	258
sequencer	258
shittiest	258
shultz	258
siddiqui	258
sieg	258
siem	258
signers	258
sinead	258
singed	258
skin's	258
sle	258
sledding	258
snowboarders	258
snowdon	258
soaks	258
socialising	258
solidifying	258
solvable	258
sonatas	258
sone	258
sororities	258
sorrel	258
southwards	258
spanner	258
speakeasy	258
specialisation	258
spenser	258
spiritualism	258
srinivasan	258
sry	258
staccato	258
staid	258
steadman	258
steyn	258
stilettos	258
stormtrooper	258
strang	258
stubhub	258
subatomic	258
subclasses	258
subscribes	258
suharto	258
sulking	258
sunnyside	258
tallulah	258
tannehill	258
tastings	258
tatters	258
tayyip	258
tenderloin	258
thoroughfares	258
thunders	258
thymus	258
tidewater	258
timberland	258
tomcat	258
tomkins	258
tornados	258
tramps	258
transcribing	258
transcriptions	258
ttl	258
uml	258
unappreciated	258
uncaring	258
uncharacteristic	258
uncommonly	258
undercooked	258
unplayable	258
usefully	258
uts	258
vagueness	258
valerian	258
vexing	258
virginians	258
vivaldi	258
vivi	258
vocab	258
voicemails	258
wac	258
waddle	258
wade's	258
waded	258
watchable	258
wayyy	258
wherewithal	258
whined	258
wirth	258
wombat	258
woolsey	258
workweek	258
yang's	258
yanking	258
yearned	258
zain	258
zooey	258
zuko	258
aaaah	257
abominations	257
absenteeism	257
acrylics	257
adventuring	257
aew	257
aficionado	257
ajar	257
albury	257
alene	257
allegra	257
anguilla	257
anjou	257
annalise	257
anova	257
antipsychotic	257
apl	257
apogee	257
aquatics	257
arora	257
arrayed	257
articulates	257
ashy	257
auc	257
backboard	257
bancorp	257
bandstand	257
banyan	257
bara	257
barnyard	257
basf	257
batt	257
bau	257
bazar	257
bbm	257
bcm	257
beaulieu	257
begrudge	257
belatedly	257
benadryl	257
bernd	257
biggar	257
bioavailability	257
biogas	257
biosciences	257
bisexuals	257
bishopric	257
blackhawk	257
blacking	257
blimey	257
blitzer	257
bolting	257
bookish	257
bookshops	257
bosphorus	257
brainiac	257
brasilia	257
brevard	257
brioche	257
brutish	257
buddhas	257
bui	257
bukit	257
buller	257
bushing	257
busily	257
butlers	257
byline	257
calamari	257
cami	257
cannabinoids	257
captor	257
carlotta	257
carpenter's	257
carr's	257
carsten	257
cashman	257
caterina	257
caw	257
cci	257
ceaseless	257
charli	257
charmingly	257
childhoods	257
chinchilla	257
chrysanthemum	257
cobham	257
codenamed	257
cognitively	257
coining	257
collette	257
coms	257
concertos	257
concubines	257
conflagration	257
congenial	257
consoled	257
constriction	257
cookers	257
coppers	257
corks	257
coutts	257
coverup	257
cox's	257
creampie	257
credibly	257
cringed	257
crozier	257
crunched	257
cso	257
csv	257
csx	257
cumulus	257
cytotoxic	257
daedalus	257
dcc	257
debussy	257
decathlon	257
deflections	257
defrauding	257
depressant	257
derangement	257
derp	257
despotic	257
devito	257
disallow	257
discriminates	257
disgustingly	257
disulfide	257
dnp	257
doctorates	257
doghouse	257
dottie	257
doubleheader	257
drakes	257
drg	257
drivetrain	257
dropper	257
druze	257
dvorak	257
dysphoria	257
eclipsing	257
educations	257
einar	257
elks	257
emin	257
employability	257
enchant	257
engineer's	257
engle	257
entanglements	257
equalize	257
esau	257
eschew	257
etude	257
exhaled	257
expanses	257
expansionist	257
expressionism	257
externalities	257
extractive	257
extrovert	257
fabius	257
faints	257
fata	257
feeney	257
fendi	257
fics	257
figment	257
finn's	257
firmament	257
fleck	257
flipside	257
floodwaters	257
floundering	257
fondant	257
foolhardy	257
fortaleza	257
fossa	257
fredo	257
freeware	257
furrow	257
gaffer	257
gaiety	257
galleon	257
gama	257
garnier	257
gauguin	257
geico	257
geist	257
generically	257
genitive	257
geoscience	257
girders	257
giveth	257
glenelg	257
globalized	257
glycerol	257
glycoprotein	257
godolphin	257
gooding	257
granary	257
graveyards	257
gravitas	257
greenback	257
greg's	257
grenfell	257
grieves	257
grimly	257
grooved	257
grosses	257
grownups	257
gutless	257
hak	257
hanes	257
harrods	257
hayashi	257
haywire	257
heaney	257
hendrik	257
heredity	257
hermosa	257
hibernating	257
highbury	257
hing	257
ho's	257
hobbyist	257
hocus	257
hollins	257
horvath	257
hosea	257
hsien	257
hymen	257
ices	257
idgaf	257
impairs	257
inaccurately	257
inadequacies	257
inaugurate	257
inching	257
inexhaustible	257
inexorable	257
inferring	257
infinitive	257
ingots	257
inoculated	257
inoue	257
instinctual	257
intangibles	257
intersected	257
iowa's	257
irena	257
irfan	257
irregularity	257
irv	257
isco	257
islam's	257
issac	257
janeway	257
jaye	257
jepsen	257
jessi	257
jogged	257
juli	257
kamloops	257
kandy	257
kaoru	257
kazuo	257
kempton	257
ken's	257
kenilworth	257
khun	257
knead	257
kno	257
kop	257
landmines	257
laney	257
lanza	257
larry's	257
latinas	257
latour	257
lav	257
leapfrog	257
lemur	257
leyton	257
lieut	257
liken	257
linker	257
lismore	257
littlefield	257
loons	257
lovemaking	257
lovren	257
lugging	257
lululemon	257
lumens	257
lurked	257
magnetically	257
magnetite	257
malcom	257
malfunctioned	257
malo	257
mance	257
maneuvered	257
mappings	257
marauder	257
maribor	257
marksmanship	257
masood	257
masterfully	257
maurizio	257
mawr	257
maximising	257
mcenroe	257
mcmurdo	257
meath	257
merv	257
metalcore	257
metastases	257
meu	257
militarization	257
minimization	257
missa	257
mitchel	257
mitral	257
monk's	257
montmartre	257
morata	257
moribund	257
mortensen	257
mose	257
muda	257
mulatto	257
multicast	257
mumbo	257
musicianship	257
napster	257
narco	257
nci	257
needlework	257
nematode	257
neurosis	257
nevins	257
newhouse	257
newlywed	257
nicolson	257
nicosia	257
nominative	257
nono	257
northland	257
nougat	257
novel's	257
npt	257
nss	257
nullification	257
numeracy	257
nuptial	257
oban	257
obligate	257
obstetric	257
octaves	257
odeon	257
okanagan	257
oldfield	257
olsson	257
oppressing	257
order's	257
outerwear	257
outflows	257
overdoing	257
overhauling	257
overwhelms	257
ows	257
oxon	257
pacification	257
palme	257
palos	257
paradis	257
parlay	257
penalised	257
peony	257
perceptible	257
perches	257
perinatal	257
permanente	257
personalization	257
persson	257
perusing	257
pester	257
petey	257
phonetics	257
piet	257
pika	257
pittsburgh's	257
plodding	257
pluralistic	257
pocus	257
poetical	257
poltergeist	257
ponders	257
poops	257
potro	257
pounced	257
powerplant	257
preorders	257
printmaking	257
producer's	257
promissory	257
pruned	257
publ	257
pushers	257
pyke	257
pythagorean	257
qualitatively	257
quant	257
quinnipiac	257
ragtime	257
rat's	257
rawlins	257
rba	257
reassures	257
rebar	257
recliner	257
reconfigure	257
recreations	257
redemptive	257
redevelop	257
redwoods	257
refuelling	257
refurbish	257
reimagining	257
remodelling	257
remoteness	257
resonances	257
resonating	257
retold	257
retry	257
rhesus	257
rickard	257
ricoh	257
ridgway	257
riesling	257
rikki	257
rosenbaum	257
royalists	257
rudyard	257
s'mores	257
sacco	257
sadism	257
sagar	257
saki	257
salicylic	257
sandringham	257
sanitized	257
sarandon	257
saturate	257
schatz	257
scipio	257
scrupulous	257
seagate	257
sealer	257
sectarianism	257
semicircular	257
sez	257
shana	257
shashi	257
sheri	257
shootin	257
shortcoming	257
showmanship	257
sids	257
sifted	257
skydive	257
sleds	257
smock	257
smudged	257
sna	257
sniffs	257
snuffed	257
soca	257
socratic	257
solute	257
sombrero	257
sommers	257
south's	257
southerner	257
southpaw	257
specializations	257
sprayer	257
squirts	257
stags	257
stansted	257
staph	257
starchy	257
statuary	257
stereoscopic	257
stil	257
stoneware	257
stover	257
subreddit	257
suffused	257
surgeon's	257
svalbard	257
symbiote	257
symons	257
synthesizing	257
systematics	257
tactician	257
tah	257
tasers	257
tassels	257
tavistock	257
tdi	257
testaments	257
theon	257
theyll	257
thicknesses	257
thins	257
tiago	257
tidbit	257
tik	257
tobe	257
toma	257
torpedoed	257
torturous	257
torus	257
toth	257
touristy	257
transceiver	257
transcending	257
transmutation	257
traveler's	257
ttip	257
turntables	257
twitchy	257
tyrrell	257
ufa	257
uhd	257
ultimo	257
unassisted	257
undercutting	257
undergarments	257
undertale	257
unranked	257
unsatisfying	257
unsophisticated	257
unspoiled	257
up's	257
uriah	257
usm	257
vaca	257
veneto	257
verifies	257
vermillion	257
vh	257
vibrators	257
vinod	257
vitriolic	257
voight	257
volleys	257
wahoo	257
watercraft	257
waterlogged	257
whacking	257
whalen	257
whiteman	257
winemakers	257
wiretaps	257
wisteria	257
wordless	257
wyeth	257
wyo	257
yalta	257
yazidi	257
yiu	257
youngs	257
yp	257
yuh	257
zillow	257
zimbabwe's	257
zippers	257
zoya	257
abetted	256
abit	256
abstracting	256
acb	256
actuated	256
addled	256
adil	256
aeneas	256
afs	256
aftershave	256
aiko	256
airdrop	256
akram	256
alarmist	256
althea	256
amari	256
ameliorate	256
americanism	256
anak	256
anderlecht	256
anemone	256
angell	256
antifreeze	256
arco	256
artem	256
artis	256
asinine	256
astrologers	256
authorising	256
autocad	256
babysitters	256
backyards	256
bails	256
bamba	256
bankrupted	256
barksdale	256
barrios	256
baumann	256
bawdy	256
beaut	256
becuase	256
befriending	256
begum	256
beijing's	256
belfry	256
beloit	256
bemused	256
berating	256
berkowitz	256
betty's	256
bgs	256
bhagat	256
bianco	256
bicker	256
bicyclists	256
blackbeard	256
blitzkrieg	256
boozer	256
bossing	256
brabham	256
bradley's	256
bramble	256
bremer	256
bric	256
brics	256
bruni	256
bryan's	256
bsb	256
burnished	256
bursaries	256
butchery	256
cala	256
calloway	256
candlesticks	256
carbonyl	256
cardenas	256
cardigans	256
catty	256
cavalli	256
ccl	256
cfd	256
charlize	256
chewie	256
chittagong	256
cinque	256
claustrophobia	256
cleaved	256
coleraine	256
computationally	256
concurrence	256
conscripted	256
conspiratorial	256
consumer's	256
cookin	256
cornucopia	256
corvettes	256
cotswold	256
covariance	256
cowper	256
crabb	256
creepiest	256
crustacean	256
ctf	256
cuny	256
curia	256
curry's	256
curtailing	256
cybermen	256
cyborgs	256
da's	256
daffodil	256
dangled	256
darrin	256
debriefing	256
debutant	256
decorators	256
delineate	256
demure	256
depresses	256
descendents	256
detested	256
dethroned	256
dionysius	256
disavowed	256
discerned	256
disembarked	256
disinterest	256
dissented	256
dissuaded	256
dogwood	256
domiciled	256
dornan	256
dripped	256
dustbin	256
dutchess	256
edgewood	256
eevee	256
efe	256
eisner	256
electrophoresis	256
eliciting	256
elicits	256
ello	256
embalming	256
embezzled	256
encyclopedic	256
enos	256
entrees	256
epistemic	256
epub	256
estrangement	256
ethnology	256
eto'o	256
evaporating	256
extenuating	256
facility's	256
fallible	256
fandoms	256
farhan	256
fars	256
fenner	256
fides	256
filigree	256
fincher	256
firings	256
fissile	256
flagg	256
flaunts	256
fleischer	256
forking	256
freefall	256
frigging	256
fujifilm	256
furtherance	256
futon	256
gabor	256
gabriele	256
gangland	256
gating	256
gauthier	256
gaynor	256
geffen	256
geographer	256
georgette	256
gerda	256
gippsland	256
gisele	256
giuliano	256
glabrous	256
globo	256
gloved	256
gnaw	256
godson	256
grahame	256
grasse	256
gravelly	256
grazia	256
grenadines	256
grizzled	256
grosser	256
guetta	256
gusting	256
gwendolyn	256
haaretz	256
hagrid	256
halfpenny	256
hammam	256
harlequins	256
harmoniously	256
hasta	256
hayat	256
hazrat	256
headlamps	256
heartening	256
hebdo	256
hedged	256
hemi	256
hemmings	256
henny	256
hermetic	256
hessian	256
hic	256
hijacker	256
hippopotamus	256
hod	256
holder's	256
holla	256
homophobe	256
honda's	256
honeybees	256
honorees	256
hoopla	256
hora	256
hornsby	256
hrw	256
huffpost	256
hulme	256
humps	256
hurtling	256
hyperinflation	256
icj	256
identifications	256
ideologues	256
idiosyncrasies	256
imelda	256
immigrating	256
imperialists	256
imploded	256
incantation	256
infielder	256
infrastructural	256
inhumanity	256
inigo	256
initialization	256
inoffensive	256
inscrutable	256
intercede	256
internals	256
internationalization	256
irrationally	256
irrepressible	256
isha	256
ishida	256
isr	256
ith	256
ivar	256
jalapeno	256
joinery	256
jove	256
kaboom	256
katie's	256
kaylee	256
kenny's	256
kent's	256
keswick	256
kettles	256
kilburn	256
knitwear	256
knowledgable	256
kompany	256
koscielny	256
kundalini	256
l's	256
lally	256
laporte	256
latching	256
laver	256
lebanon's	256
lel	256
leninism	256
liam's	256
lichens	256
light's	256
lithograph	256
lockup	256
lope	256
lorain	256
loring	256
lotr	256
louboutin	256
lovebirds	256
lsc	256
lucent	256
ludacris	256
lyell	256
macomb	256
madurai	256
margherita	256
marl	256
marne	256
marveled	256
matias	256
maxillary	256
mccluskey	256
mcmullen	256
meiosis	256
mela	256
mensch	256
menzel	256
merkel's	256
messin	256
metacritic	256
meted	256
mgs	256
miroslav	256
misadventures	256
misconstrued	256
miser	256
mises	256
misreading	256
mizzou	256
mln	256
mmp	256
mockup	256
modena	256
monogatari	256
montaigne	256
montana's	256
moog	256
morison	256
moslem	256
mpaa	256
mpi	256
myopia	256
myrrh	256
naidu	256
nakedness	256
nash's	256
nazir	256
negates	256
negros	256
neurologic	256
newsday	256
newsreel	256
nikos	256
nitrite	256
nominates	256
npl	256
nrs	256
obfuscation	256
ome	256
omi	256
osceola	256
ozawa	256
pallas	256
pappy	256
parsonage	256
pecs	256
peebles	256
pees	256
peeta	256
pelle	256
pentax	256
perfectionism	256
perforation	256
periodicity	256
personals	256
pettis	256
phenolic	256
phosphor	256
photonics	256
pierrot	256
pigtails	256
pistachios	256
platformer	256
plied	256
pll	256
ponta	256
pooper	256
poppa	256
porpoise	256
portmanteau	256
postural	256
ppa	256
prednisone	256
preordered	256
professes	256
prosecution's	256
prototypical	256
pseudoscience	256
puritanical	256
pushups	256
pyrite	256
quadrants	256
quayle	256
quitter	256
rafter	256
raisers	256
rationalist	256
rcc	256
redknapp	256
reedy	256
refreshes	256
refurbishing	256
registrants	256
relapsing	256
repudiation	256
reselling	256
retaken	256
retaking	256
revis	256
rhee	256
rheumatic	256
ridiculousness	256
rinks	256
roadkill	256
romana	256
rooks	256
rooney's	256
roque	256
rostrum	256
rothstein	256
rua	256
runner's	256
sa's	256
sagebrush	256
saheb	256
sajid	256
sakho	256
sanctification	256
sandhurst	256
sandstones	256
sanfl	256
sau	256
savin	256
scalloped	256
scalps	256
schuylkill	256
scudder	256
sdp	256
seager	256
sealant	256
seeped	256
segue	256
sequin	256
sevenfold	256
sforza	256
shackle	256
shapely	256
shellac	256
shoelaces	256
shutdowns	256
sidi	256
sif	256
skirted	256
sleepiness	256
slurp	256
solomon's	256
soothes	256
soundness	256
spammed	256
spca	256
spotters	256
springbok	256
springboks	256
squealed	256
srinivas	256
starkly	256
stealthily	256
stilted	256
stooped	256
stuyvesant	256
suds	256
sumitomo	256
sunburst	256
supplant	256
sura	256
sweatshop	256
synthetics	256
tada	256
taf	256
talkies	256
tamales	256
tastefully	256
tbe	256
technica	256
technology's	256
teetering	256
telegraphed	256
timezone	256
tohoku	256
townsfolk	256
traci	256
trav	256
treasurers	256
trt	256
truck's	256
tryst	256
tubal	256
tuft	256
turpentine	256
twang	256
typesetting	256
uas	256
ucs	256
udaipur	256
uganda's	256
underpass	256
undeterred	256
unhappily	256
unoriginal	256
unpalatable	256
unwillingly	256
unwrap	256
unzipped	256
upwardly	256
usr	256
uwe	256
uyghur	256
vanadium	256
varian	256
verdes	256
verlander	256
vernal	256
vibrato	256
viewings	256
waifu	256
waitrose	256
wakeup	256
walleye	256
wallingford	256
warnock	256
watchlist	256
wawa	256
westerner	256
whimpering	256
whisker	256
whorl	256
wickedly	256
wilhelmina	256
willey	256
williams's	256
wordy	256
wove	256
wozniak	256
wraparound	256
yasser	256
yau	256
yesterdays	256
yul	256
zainab	256
zenit	256
abducting	255
abides	255
aboriginals	255
accelerometer	255
acrimonious	255
adelphi	255
adorning	255
adverb	255
afrika	255
agt	255
alc	255
algo	255
allardyce	255
almaty	255
amb	255
anarchic	255
arkady	255
arras	255
ashdown	255
ashoka	255
asta	255
attache	255
aurelia	255
avondale	255
backtracking	255
bahamian	255
bamako	255
bandy	255
barbosa	255
barnacle	255
barometric	255
barstow	255
bby	255
beamer	255
beguiling	255
bendy	255
benigno	255
berets	255
berry's	255
bestie	255
bevy	255
bfi	255
bfs	255
bidirectional	255
biltmore	255
bioengineering	255
blanked	255
blowin	255
bmg	255
bogan	255
bpi	255
braveheart	255
breastfed	255
brodsky	255
brompton	255
bronzed	255
brooklyn's	255
brunettes	255
bunched	255
bureaucracies	255
burney	255
burwell	255
bushings	255
buzzards	255
calipers	255
cantwell	255
carboxylic	255
carrasco	255
cataloguing	255
cathcart	255
causa	255
centimetre	255
certifies	255
cgt	255
chambre	255
chaparral	255
chivalrous	255
christiana	255
christos	255
ciel	255
clarifications	255
clasps	255
clouding	255
cmu	255
cobbles	255
cobras	255
combatting	255
computerised	255
conference's	255
confiscating	255
conformal	255
conformist	255
contemptible	255
contorted	255
cop's	255
costanza	255
courant	255
cower	255
crackpot	255
crewed	255
crist	255
croat	255
crowther	255
crusted	255
cubby	255
culture's	255
culvert	255
cumshot	255
cutscenes	255
dalia	255
dav	255
daya	255
decibel	255
deconstructed	255
defensemen	255
dependability	255
deregulated	255
dereliction	255
diario	255
dikes	255
dimer	255
disables	255
disinfect	255
disregards	255
dissension	255
distributive	255
dlp	255
dominus	255
dotcom	255
dour	255
downie	255
dox	255
dozier	255
dragonflies	255
dumpsters	255
dundalk	255
duo's	255
earthworms	255
echr	255
efficacious	255
eft	255
ehhh	255
ejaculate	255
elec	255
electromechanical	255
elephant's	255
embellish	255
endeared	255
entrails	255
equalised	255
equalling	255
eri	255
eroticism	255
eshop	255
espinoza	255
exacerbating	255
exaggerates	255
exhilaration	255
exon	255
exotics	255
extensible	255
extrapolation	255
falsify	255
farris	255
faulting	255
fco	255
fea	255
febrile	255
fenn	255
fim	255
flail	255
flaked	255
foh	255
fomo	255
fondling	255
fpl	255
franciscans	255
freakish	255
fredrick	255
freeform	255
freeman's	255
fronds	255
fyodor	255
gadsden	255
gainsborough	255
galvanised	255
gameboy	255
garbo	255
gbr	255
gere	255
gerson	255
gestured	255
geysers	255
giovanna	255
glazer	255
goalscoring	255
gogol	255
goldschmidt	255
goldwyn	255
gossips	255
grandstanding	255
graphing	255
greenhill	255
grissom	255
groton	255
guadalcanal	255
guardsman	255
gunship	255
guttural	255
gyroscope	255
hackathon	255
hammy	255
handedness	255
handkerchiefs	255
handley	255
hangars	255
hardy's	255
hartwell	255
heartstrings	255
hellcat	255
hellhole	255
hellman	255
helmholtz	255
herat	255
hiddleston	255
hiit	255
hillcrest	255
hoare	255
hofmann	255
hogan's	255
hoke	255
hokies	255
holdin	255
holier	255
holtby	255
holton	255
hoodoo	255
horsham	255
hrh	255
hubbell	255
hummels	255
hygienist	255
hypertext	255
idolized	255
ilan	255
illegible	255
immunities	255
immunological	255
impertinent	255
incised	255
indefatigable	255
individualist	255
ingles	255
insinuated	255
instrumentalist	255
interbank	255
intravenously	255
investigational	255
iri	255
irrationality	255
jamil	255
janes	255
jawed	255
jemma	255
jenks	255
jesu	255
jojo's	255
jonson	255
juggler	255
kabbalah	255
kanter	255
kenai	255
kendricks	255
ket	255
kitkat	255
kovacs	255
krazy	255
kreme	255
ksa	255
labouring	255
ladyship	255
lagrangian	255
languish	255
larch	255
lathrop	255
lavished	255
leamington	255
leander	255
leggett	255
lemieux	255
li'l	255
likens	255
liliana	255
limiter	255
limousines	255
linearity	255
lineker	255
lita	255
lockyer	255
looker	255
lsa	255
madison's	255
magyar	255
mahone	255
malady	255
mame	255
mantua	255
marche	255
mastodon	255
matlock	255
mav	255
mccown	255
meditated	255
meritocracy	255
merriman	255
metformin	255
midler	255
midshipmen	255
midsize	255
milks	255
minima	255
miscellany	255
misdiagnosed	255
mish	255
moderne	255
monson	255
moravian	255
morell	255
morrisons	255
mota	255
moxie	255
mpn	255
mra	255
multiplies	255
mur	255
murine	255
mvs	255
nala	255
natl	255
nbcuniversal	255
ncp	255
necktie	255
necrotic	255
negating	255
negev	255
neighborhood's	255
neko	255
neoprene	255
neuroscientists	255
neves	255
newham	255
newlands	255
newsome	255
nhc	255
nightcrawler	255
nightgown	255
nightshade	255
nizam	255
nodal	255
nonzero	255
noriega	255
normalised	255
norman's	255
nosey	255
nott	255
nub	255
nuer	255
nutritionally	255
o'callaghan	255
o'dell	255
obstetricians	255
ocho	255
okafor	255
oleksandr	255
op's	255
oper	255
orwell's	255
oughta	255
outlooks	255
outmoded	255
overfishing	255
oxo	255
oxygenated	255
paddled	255
paneled	255
pantera	255
paraplegic	255
passerby	255
pastor's	255
paulette	255
paulus	255
pecos	255
peds	255
pertussis	255
pettiness	255
peyote	255
pff	255
pgp	255
physiologist	255
pillowcase	255
pincus	255
plausibility	255
playfulness	255
playroom	255
pleural	255
pmqs	255
pratap	255
predominance	255
prefixed	255
prepayment	255
pringles	255
privatize	255
prolapse	255
publics	255
pubmed	255
puebla	255
pura	255
pursuers	255
purveyor	255
quebec's	255
quinta	255
rabbitohs	255
racehorses	255
radii	255
raikkonen	255
rasmus	255
rathbone	255
ravines	255
readying	255
recalcitrant	255
recs	255
rectification	255
reddick	255
regretful	255
regrouped	255
reminiscence	255
reorganizing	255
repossessed	255
repulse	255
rerouted	255
resourcefulness	255
resto	255
rice's	255
richman	255
rie	255
rigors	255
riptide	255
rivas	255
rocca	255
rolando	255
romancing	255
roti	255
rungs	255
rushdie	255
sah	255
salafi	255
sani	255
satanism	255
schell	255
screensaver	255
sdgs	255
seder	255
sek	255
selectable	255
selig	255
selwyn	255
semaphore	255
shae	255
shaheed	255
shailene	255
shames	255
shel	255
sherman's	255
shiba	255
shipbuilders	255
shitter	255
shoebox	255
sicko	255
sima	255
siriusxm	255
skinheads	255
skinning	255
slighted	255
slumping	255
smithy	255
sneering	255
snooty	255
snotty	255
songbook	255
spake	255
sportscenter	255
squatter	255
ssm	255
stabilizes	255
stickler	255
stott	255
study's	255
subjunctive	255
subsist	255
subverting	255
sulk	255
sunspot	255
superboy	255
supercell	255
supermodels	255
susan's	255
swathes	255
swinburne	255
taiji	255
taki	255
tali	255
talladega	255
tastic	255
tedium	255
theodora	255
thoughtfulness	255
thousandth	255
tilden	255
timeouts	255
tittle	255
toddy	255
tokyo's	255
toleration	255
topsoil	255
tradeoffs	255
transposed	255
trawlers	255
trembled	255
tremont	255
triumvirate	255
troubleshoot	255
trudeau's	255
tubman	255
turds	255
twc	255
tweeters	255
undercard	255
underwrite	255
undesired	255
unfurled	255
unimpressive	255
uninspiring	255
unraveled	255
unscripted	255
unser	255
unwrapped	255
unzip	255
upham	255
vallarta	255
vander	255
veering	255
vellum	255
ves	255
visualise	255
vlogs	255
voce	255
voorhees	255
votive	255
wannabes	255
warner's	255
wenger's	255
wetsuit	255
whiskies	255
whitten	255
wicklow	255
wilding	255
winslet	255
wolcott	255
writs	255
wyn	255
xiaoping	255
yarmouk	255
zorn	255
abdallah	254
abut	254
accumulations	254
adeline	254
adjudicated	254
adulterous	254
aerodrome	254
aftercare	254
agni	254
agrippa	254
ahhhhh	254
al's	254
alliteration	254
allyn	254
altos	254
amanda's	254
ambushes	254
amie	254
amiens	254
anheuser	254
anker	254
antimony	254
antonio's	254
appraise	254
archbishops	254
arians	254
armature	254
attests	254
autobots	254
axa	254
axiomatic	254
backlit	254
ballantyne	254
ballsy	254
barbarous	254
bardot	254
baroda	254
baru	254
bashful	254
basildon	254
batik	254
battlements	254
bayless	254
beekeeper	254
befell	254
bettered	254
bettina	254
bewitching	254
bhushan	254
bibby	254
biographers	254
biomechanics	254
blanch	254
blindside	254
bloor	254
blotting	254
blunted	254
bookmarked	254
borat	254
borehole	254
bosque	254
bouillon	254
bourdain	254
bpl	254
bracts	254
bridgette	254
brockton	254
bryant's	254
btr	254
bubbled	254
buggies	254
burnie	254
burnin	254
cahoots	254
cait	254
caius	254
calender	254
capitulated	254
caputo	254
casein	254
caskets	254
casted	254
categorizing	254
cftc	254
chandler's	254
chartres	254
chiller	254
chlorinated	254
clubbed	254
clyne	254
cmo	254
co's	254
coachman	254
cocking	254
collides	254
collieries	254
colloquium	254
colossians	254
conger	254
coniferous	254
consciences	254
copulation	254
coq	254
coronet	254
cort	254
cortisone	254
coun	254
councilors	254
cradled	254
craggy	254
creatinine	254
creator's	254
cressida	254
cripples	254
cronyism	254
crp	254
cubicles	254
curlers	254
cwa	254
cynically	254
darden	254
darley	254
deadlift	254
delineation	254
demolitions	254
denture	254
deon	254
dera	254
desirous	254
deviating	254
dinars	254
disheveled	254
dispatchers	254
dissapointed	254
dissipates	254
diverts	254
divi	254
docu	254
domo	254
dovey	254
down's	254
draftsman	254
dribbles	254
drinkwater	254
ducklings	254
dugdale	254
dusseldorf	254
eads	254
earthbound	254
education's	254
eigenvalues	254
einer	254
emea	254
emmons	254
emoticons	254
enda	254
escapist	254
esso	254
eula	254
evert	254
ewa	254
exc	254
expletive	254
eye's	254
fain	254
fairtrade	254
fashionista	254
faucets	254
favela	254
ferried	254
ferrying	254
fertilisation	254
festivity	254
ffp	254
fining	254
flatmate	254
fondest	254
foodservice	254
foto	254
foxtel	254
framers	254
freedmen	254
freehand	254
freighters	254
fullbacks	254
funder	254
fussed	254
gainer	254
gallery's	254
gannett	254
ganz	254
gape	254
gdc	254
geraint	254
gigabytes	254
giorno	254
glitters	254
gmb	254
gobi	254
golovkin	254
goodison	254
grabber	254
granulated	254
gravesend	254
grenadier	254
grisham	254
grosjean	254
grouper	254
gustavus	254
gyrus	254
hacksaw	254
hager	254
haile	254
halide	254
handbrake	254
haphazardly	254
harte	254
hashem	254
hau	254
hawkeyes	254
headfirst	254
headley	254
headquarter	254
hec	254
heists	254
helpfully	254
hennepin	254
herons	254
herron	254
hetty	254
hilfiger	254
hillbillies	254
hmp	254
homeroom	254
homeschooled	254
honeybee	254
hosmer	254
hosp	254
hounding	254
hovercraft	254
howarth	254
huffing	254
hunks	254
hyperventilating	254
hypnotize	254
ick	254
ido	254
iirc	254
immersing	254
impresario	254
imps	254
incineration	254
incipient	254
infest	254
inhales	254
innards	254
interfacing	254
internalize	254
intimated	254
intranet	254
intubation	254
inventiveness	254
iphone's	254
irises	254
isaf	254
islami	254
isolationism	254
isuzu	254
jailing	254
jamaal	254
jamaica's	254
jettison	254
jha	254
jio	254
joey's	254
joie	254
joseon	254
jsa	254
jut	254
kalman	254
kamehameha	254
karbala	254
kashi	254
kau	254
kea	254
keck	254
killa	254
klara	254
klondike	254
koeman	254
kola	254
labeouf	254
lacoste	254
ladybird	254
landlord's	254
landmass	254
languid	254
leann	254
leche	254
leni	254
leotard	254
lidocaine	254
lionheart	254
lorelai	254
louisiana's	254
loveliness	254
luminance	254
lundqvist	254
magnates	254
mandir	254
manoeuvring	254
marauding	254
marisol	254
martindale	254
masterminded	254
masterminds	254
mcadams	254
mcf	254
medalists	254
melina	254
meowing	254
metalworking	254
miao	254
microprocessors	254
microsd	254
milanese	254
milburn	254
miler	254
minimalistic	254
mirai	254
mise	254
misspelling	254
mizuno	254
modo	254
mollusks	254
mommies	254
monmouthshire	254
mooted	254
motherboards	254
motta	254
msps	254
mtr	254
muggle	254
multilevel	254
multimodal	254
murmured	254
musculature	254
mustapha	254
mwah	254
nal	254
nds	254
needful	254
newswire	254
nihon	254
nike's	254
nikolay	254
noggin	254
norcross	254
nuptials	254
nutritionists	254
odes	254
onn	254
opportunism	254
opry	254
orm	254
ourself	254
oviedo	254
pais	254
pamplona	254
paring	254
pegg	254
persimmon	254
persuades	254
pestle	254
petrochemicals	254
photometric	254
phy	254
pidgin	254
pinker	254
plover	254
pokey	254
policed	254
policewoman	254
polluters	254
polygonal	254
pontius	254
postdoc	254
postulates	254
potluck	254
powerhouses	254
precariously	254
prendergast	254
prepositions	254
pricked	254
privateer	254
procreate	254
progressivism	254
pronouncement	254
prospero	254
prowler	254
prt	254
pse	254
pss	254
psychosomatic	254
psychotropic	254
publicizing	254
python's	254
qm	254
quantization	254
queenie	254
raa	254
rabbinical	254
rach	254
raga	254
raggedy	254
rawhide	254
reacher	254
reassemble	254
reauthorization	254
reconvene	254
recuse	254
redoing	254
regrouping	254
reinstalled	254
repressing	254
rhe	254
rhetorically	254
rhodesian	254
rhymed	254
riaa	254
ribosomal	254
richmond's	254
riddell	254
rizzoli	254
romford	254
roping	254
roslyn	254
rulemaking	254
rummage	254
salerno	254
salivating	254
saplings	254
sarge	254
saxe	254
schaffer	254
schopenhauer	254
sdl	254
seafarers	254
seaplane	254
seashells	254
selflessly	254
selfridge	254
sequester	254
shetty	254
shree	254
sidecar	254
silver's	254
simulcast	254
sittings	254
sli	254
smaug	254
snafu	254
snuggles	254
snugly	254
sofie	254
solemnity	254
sondheim	254
sourcebook	254
southwell	254
spg	254
spitz	254
spurts	254
squabbles	254
squished	254
srp	254
statin	254
stefanie	254
stevia	254
stoking	254
studious	254
stymied	254
styrene	254
surah	254
systemically	254
tadpoles	254
talley	254
tappan	254
taupe	254
tcg	254
tecumseh	254
testy	254
thabo	254
thalia	254
theorize	254
thereupon	254
thermometers	254
thermostats	254
thf	254
thievery	254
threesomes	254
thurmond	254
tiffin	254
timepiece	254
tourmaline	254
tourniquet	254
trac	254
transpose	254
transposition	254
trax	254
tresses	254
trinidadian	254
trios	254
trod	254
troubadour	254
tumbleweed	254
turkestan	254
turnkey	254
tva	254
twerk	254
uggs	254
ugo	254
unabashedly	254
unanimity	254
unassailable	254
unavailability	254
unbounded	254
unceremoniously	254
uncredited	254
undercarriage	254
unhindered	254
unimaginative	254
unquestioned	254
unreserved	254
untangle	254
usury	254
vacuous	254
valera	254
vecchio	254
veers	254
venetians	254
venturi	254
vestige	254
vibrancy	254
vicodin	254
vindicate	254
waddington	254
wall's	254
warrick	254
waveforms	254
wcf	254
weds	254
westcott	254
wharves	254
williamsport	254
willson	254
winnable	254
woburn	254
wolsey	254
wooo	254
worldviews	254
worley	254
xf	254
xtra	254
yougov	254
zechariah	254
zeitschrift	254
abl	253
acolytes	253
addo	253
aesop	253
agglomeration	253
alaric	253
alchemists	253
alissa	253
alix	253
alliance's	253
alternation	253
amalfi	253
ambedkar	253
amelie	253
anachronism	253
anacostia	253
angela's	253
anglicans	253
annapurna	253
apostates	253
appel	253
arda	253
arquette	253
artagnan	253
arthropods	253
article's	253
asme	253
ataxia	253
auctioning	253
augments	253
autodesk	253
awesomely	253
babylonia	253
baggies	253
bailly	253
balked	253
ballpoint	253
barney's	253
barratt	253
bassoon	253
batchelor	253
bayliss	253
beachy	253
beefed	253
bellagio	253
belli	253
bellowing	253
belvoir	253
berra	253
bestest	253
betel	253
betfair	253
bethune	253
betis	253
betsey	253
bex	253
bha	253
bhakti	253
bigs	253
billowing	253
biotin	253
bip	253
bish	253
bissell	253
blackfriars	253
blanchett	253
blubber	253
bluebell	253
blume	253
blunts	253
boaters	253
bojack	253
boldest	253
bonaventure	253
borer	253
boyd's	253
bradenton	253
brazenly	253
brazier	253
bre	253
britta	253
broadchurch	253
brony	253
brownfield	253
brun	253
brunson	253
buck's	253
busing	253
caithness	253
cameramen	253
cantaloupe	253
caries	253
carle	253
cavan	253
charity's	253
charizard	253
charlatans	253
chastise	253
chiapas	253
chomp	253
ciaran	253
circumvented	253
clinique	253
cng	253
coffeehouse	253
coincident	253
colfax	253
colonist	253
commendations	253
competences	253
concurring	253
confusingly	253
conjectures	253
connacht	253
cornfield	253
corrine	253
costed	253
counterinsurgency	253
cpg	253
creature's	253
criminalization	253
cropper	253
crowing	253
crushers	253
csg	253
cubed	253
cuddy	253
culpa	253
cuneiform	253
cuttlefish	253
cyl	253
davina	253
deca	253
decanter	253
decimals	253
deconstruct	253
defame	253
deliberative	253
dhcp	253
differentially	253
dimaggio	253
directx	253
discouragement	253
discursive	253
dispassionate	253
displaces	253
disrepute	253
divan	253
dixit	253
doggies	253
donnell	253
doss	253
dozed	253
drifters	253
droning	253
earthlings	253
ecclesiastes	253
econometric	253
econometrics	253
edgewater	253
ejecting	253
elbe	253
elin	253
elspeth	253
eludes	253
emre	253
endicott	253
enfant	253
entomological	253
ephemera	253
erikson	253
eris	253
escapees	253
esi	253
esr	253
eukaryotes	253
everly	253
explainer	253
expressionist	253
extractions	253
fabrications	253
fairways	253
farquhar	253
fasts	253
fatigues	253
female's	253
ferguson's	253
ferrari's	253
feverishly	253
feyenoord	253
fibreglass	253
finches	253
flaking	253
flanges	253
flecks	253
flexor	253
flintshire	253
flipkart	253
flippin	253
francais	253
frc	253
fritters	253
frustratingly	253
funerary	253
furies	253
fusions	253
fwiw	253
g'day	253
galaxy's	253
garuda	253
gauche	253
gdpr	253
gelatinous	253
gennady	253
georgiana	253
glennon	253
gnocchi	253
gobsmacked	253
godliness	253
goldfinger	253
googles	253
gooseberry	253
grappled	253
graz	253
gripes	253
grosso	253
gte	253
gunships	253
habana	253
haj	253
halpern	253
halving	253
handlebar	253
handoff	253
harvesters	253
hassles	253
headlamp	253
heffernan	253
heinlein	253
helmed	253
herts	253
hier	253
hillier	253
hon'ble	253
hosed	253
hutchings	253
hydrostatic	253
hypersonic	253
iaa	253
ibc	253
ibrox	253
icecream	253
ifn	253
iia	253
imploring	253
incisors	253
incredulity	253
inducement	253
infomercial	253
infos	253
insurances	253
interventional	253
investigatory	253
irani	253
ishtar	253
isro	253
itv's	253
jarman	253
jean's	253
joyride	253
jubilation	253
julia's	253
kadri	253
kalyan	253
kante	253
karam	253
ketchum	253
keying	253
kinross	253
kiri	253
kirkman	253
kratom	253
kree	253
kuomintang	253
kwazulu	253
lackawanna	253
lambeau	253
landless	253
langham	253
larder	253
lasagne	253
latrobe	253
legalised	253
leonie	253
letitia	253
letterbox	253
leuven	253
liana	253
libya's	253
linz	253
listless	253
localize	253
logger	253
logics	253
longitudinally	253
lorca	253
macadamia	253
macklin	253
maddison	253
madhu	253
malignancies	253
manet	253
manifestos	253
manitowoc	253
manliness	253
marinara	253
marmite	253
maxwell's	253
mcadoo	253
meekly	253
megumi	253
methionine	253
metros	253
microbiota	253
mids	253
midwinter	253
miko	253
milan's	253
milkman	253
minato	253
minton	253
minutemen	253
mirrorless	253
misbehavior	253
miscarried	253
missouri's	253
miura	253
mkt	253
moir	253
mojito	253
molyneux	253
monteith	253
motorised	253
mouton	253
muggy	253
mulled	253
multiplicative	253
muting	253
mutters	253
mysterio	253
namespace	253
neto	253
newsfeed	253
niceties	253
nicole's	253
nid	253
nier	253
nighthawk	253
niu	253
nmc	253
nogales	253
nota	253
novellas	253
ntt	253
objector	253
obscenities	253
octavius	253
oden	253
offensives	253
ojai	253
opera's	253
optometrist	253
orangutans	253
orestes	253
overstepped	253
oye	253
ozarks	253
paa	253
paducah	253
paladins	253
parodied	253
passe	253
pawan	253
pdc	253
peeves	253
pelted	253
peppy	253
pepys	253
pervades	253
phobic	253
photo's	253
pierces	253
pillaged	253
pinged	253
piotr	253
pirate's	253
pitfall	253
pivoted	253
polenta	253
polygamous	253
powerlessness	253
preteen	253
prided	253
pritchett	253
probst	253
proliferated	253
propels	253
prosciutto	253
psychoanalyst	253
pucks	253
purer	253
purveyors	253
pz	253
qp	253
quays	253
queso	253
quinine	253
quintus	253
rajeev	253
ral	253
rankine	253
rapt	253
reappointed	253
rearguard	253
reasonableness	253
rebalancing	253
rebus	253
redgrave	253
refereed	253
refilling	253
regressed	253
reims	253
rennes	253
revitalizing	253
revlon	253
rhoades	253
rhodium	253
ribbing	253
ricki	253
rida	253
rider's	253
righty	253
rimmer	253
risa	253
ritalin	253
rmt	253
robeson	253
ronaldinho	253
rooming	253
rosin	253
rsv	253
rubella	253
rumbled	253
ruptures	253
sangh	253
schaub	253
scrutinizing	253
seaway	253
semiautomatic	253
sfx	253
shales	253
sharpener	253
shawls	253
shekels	253
sherif	253
shorn	253
shortens	253
sideburns	253
sigurd	253
simian	253
simran	253
sio	253
skinnier	253
slandered	253
slays	253
slither	253
smallish	253
snarled	253
snk	253
snobbery	253
sorenson	253
sorkin	253
spacers	253
spiller	253
spurgeon	253
squidward	253
srsly	253
stabbings	253
staley	253
stapler	253
starlings	253
stef	253
sterility	253
sternberg	253
sterne	253
stg	253
stiffened	253
stonework	253
strahan	253
streptococcus	253
subroutine	253
succubus	253
supervillain	253
sweated	253
switzerland's	253
synch	253
synthesizers	253
taa	253
taman	253
tammany	253
tcl	253
tcr	253
teachable	253
techies	253
telephoto	253
teleported	253
teriyaki	253
tfa	253
theistic	253
theobald	253
thessalonians	253
thimble	253
thorp	253
tikka	253
timur	253
tokio	253
tommaso	253
toomey	253
tootsie	253
transits	253
treks	253
trespassers	253
tribe's	253
trickled	253
triptych	253
trna	253
tro	253
tsarnaev	253
tuareg	253
tugboat	253
tulare	253
twinge	253
u's	253
ucsb	253
uli	253
unbelief	253
uncharacteristically	253
underestimates	253
undid	253
unfocused	253
unimpeded	253
unmotivated	253
unsweetened	253
urals	253
usg	253
vai	253
validly	253
valli	253
varicose	253
vaunted	253
venezia	253
vestibular	253
vestments	253
vil	253
visualisation	253
vocations	253
wala	253
walken	253
wang's	253
warrantless	253
waterpark	253
wayback	253
wayyyy	253
wcc	253
weasels	253
webbed	253
webinars	253
ween	253
welshman	253
westboro	253
whitepaper	253
whitest	253
whooped	253
wishers	253
woodard	253
wrinkly	253
wuthering	253
yarrow	253
yearbooks	253
yesss	253
zaman	253
zeb	253
zinn	253
zirconia	253
zoloft	253
zoo's	253
aan	252
abh	252
acharya	252
actuaries	252
adolfo	252
agha	252
ahsoka	252
aintree	252
airships	252
alanis	252
allard	252
angie's	252
antsy	252
apac	252
apertures	252
apprised	252
arabidopsis	252
arendt	252
argentinean	252
arlen	252
arunachal	252
ashish	252
ashkenazi	252
assailed	252
astern	252
atpase	252
audra	252
autofocus	252
badoo	252
baghdadi	252
baldwin's	252
balenciaga	252
baloney	252
bangin	252
banister	252
banque	252
barbara's	252
beatriz	252
beautification	252
belladonna	252
bellas	252
bexley	252
bhubaneswar	252
biochemist	252
birla	252
birmingham's	252
blt	252
boaz	252
bobbin	252
bogo	252
bolden	252
boll	252
bolsters	252
boogeyman	252
boozy	252
bothwell	252
boyne	252
brackett	252
brainstem	252
brenton	252
brereton	252
bricklayer	252
browsed	252
bruin	252
bundaberg	252
businessweek	252
camacho	252
camel's	252
camellia	252
canonized	252
captivate	252
carling	252
carmarthen	252
carnaval	252
carrier's	252
carvajal	252
cashews	252
catalyze	252
cavalcade	252
cerebrospinal	252
ceredigion	252
chamberlin	252
charles's	252
chequered	252
chine	252
choosy	252
ciphers	252
circumventing	252
clarksburg	252
clay's	252
clostridium	252
coaxing	252
cockatoo	252
collectables	252
colm	252
colonised	252
commends	252
commonalities	252
compressions	252
concisely	252
conditionally	252
connor's	252
consummation	252
convents	252
conveyors	252
coons	252
copolymer	252
cpo	252
crags	252
crain	252
creak	252
creditable	252
cringey	252
cripps	252
curatorial	252
cutesy	252
cydia	252
dann	252
darshan	252
datum	252
davide	252
deathmatch	252
debutante	252
deconstructing	252
deepika	252
deflector	252
dehumanizing	252
delhi's	252
deliberating	252
delos	252
demonizing	252
digitization	252
dinos	252
disassembly	252
displacements	252
dissonant	252
divulged	252
doc's	252
doric	252
doting	252
dra	252
dreamin	252
dreamlike	252
dressers	252
drummed	252
duggar	252
dulled	252
dvi	252
dyin	252
earthenware	252
egalitarianism	252
ehr	252
ekaterina	252
ekg	252
eloped	252
emanates	252
embezzling	252
ents	252
epc	252
epr	252
ert	252
escapade	252
essie	252
expending	252
expounded	252
extinctions	252
exude	252
facepalm	252
factorial	252
famers	252
fanta	252
fazio	252
feint	252
fergusson	252
fireballs	252
firebrand	252
fish's	252
flinched	252
fondle	252
foothill	252
frankston	252
freund	252
frontlines	252
froome	252
frosts	252
frugality	252
fry's	252
funneling	252
furor	252
galling	252
garcia's	252
gargoyles	252
gaslighting	252
gaspar	252
gerhardt	252
ghosting	252
gillan	252
gir	252
glum	252
gobbling	252
goetz	252
goldblum	252
goro	252
goswami	252
gouda	252
gouged	252
gravitated	252
griddle	252
grinnell	252
groundless	252
gsc	252
gunboats	252
gurgling	252
hampson	252
hannan	252
harington	252
haruka	252
haverhill	252
hazelwood	252
headboard	252
hebert	252
helo	252
hematopoietic	252
hercule	252
herculean	252
hereunder	252
heterosexuality	252
heuristics	252
hmv	252
hss	252
hydride	252
hypotension	252
iaaf	252
iap	252
idi	252
idps	252
ieds	252
illus	252
imd	252
imploding	252
improvisational	252
incubus	252
incurs	252
inductees	252
inflicts	252
infosys	252
inkjet	252
interlaced	252
intermarriage	252
inuyasha	252
invalidating	252
irresistibly	252
ismael	252
ivorian	252
ivs	252
iyer	252
jeffreys	252
jennifer's	252
jerzy	252
jez	252
jilted	252
jiro	252
joel's	252
journeying	252
jousting	252
juicer	252
justus	252
kalahari	252
karst	252
kenan	252
kentish	252
kes	252
keyboardist	252
keyser	252
kgs	252
kinnear	252
knightsbridge	252
kunst	252
kylo	252
kym	252
label's	252
laden's	252
languished	252
lanning	252
lcc	252
lecter	252
legate	252
legoland	252
legolas	252
leong	252
lethality	252
levitate	252
levitation	252
lifters	252
lilley	252
linder	252
liquidator	252
lithgow	252
logarithm	252
longoria	252
lordy	252
lorelei	252
louth	252
lugano	252
m'lady	252
maan	252
machiavellian	252
maimonides	252
maladies	252
manchester's	252
mandibular	252
manx	252
maoists	252
marrakesh	252
masochistic	252
mauna	252
mccarron	252
mccloud	252
midsection	252
mightier	252
miner's	252
mmol	252
modernise	252
mongo	252
monomers	252
montes	252
mountbatten	252
mucosal	252
muhammad's	252
murdoch's	252
musk's	252
mustaches	252
myanmar's	252
mykonos	252
mz	252
naloxone	252
nameplate	252
nanaimo	252
nasri	252
nella	252
nen	252
neoplasms	252
nevin	252
newscaster	252
newsprint	252
newyork	252
nha	252
nicolai	252
nikhil	252
noblest	252
nsa's	252
ntc	252
nuri	252
obasanjo	252
oic	252
oliphant	252
olivia's	252
ominously	252
onslow	252
optioned	252
ornithology	252
orthodontist	252
osorio	252
overcharged	252
overgrowth	252
overshoot	252
owo	252
paedophiles	252
paleontologist	252
panelling	252
panera	252
papillon	252
paredes	252
parque	252
pastiche	252
pater	252
pawtucket	252
pecker	252
penner	252
peritoneal	252
persevering	252
pettit	252
phallus	252
phenomenological	252
philip's	252
phonemes	252
phosphates	252
pinellas	252
pitt's	252
plath	252
pld	252
pleasantries	252
polarisation	252
polarised	252
pollinated	252
predilection	252
principe	252
prion	252
profs	252
profusion	252
progenitors	252
protestations	252
pseudonyms	252
pucker	252
pullback	252
punted	252
pusha	252
pyne	252
qasim	252
rakesh	252
ranjit	252
rapper's	252
ratatouille	252
raze	252
rct	252
reestablished	252
relent	252
renfrew	252
requisitioned	252
retest	252
retrain	252
retrofitted	252
rhododendron	252
rian	252
rifleman	252
rino	252
rns	252
roams	252
rosamund	252
rossini	252
roughed	252
roughest	252
rubenstein	252
rumbles	252
rusev	252
rushton	252
ruthlessness	252
sabo	252
sackville	252
sacral	252
samuelson	252
saracen	252
sassoon	252
sawmills	252
scherzer	252
schmuck	252
scrawled	252
scuffed	252
seaford	252
secondaries	252
sensationalism	252
septuagint	252
sheathed	252
shelburne	252
shinobi	252
shipman	252
shortbread	252
shtick	252
shulman	252
sidings	252
sinuous	252
sires	252
sirloin	252
sivan	252
skimp	252
skunks	252
slayed	252
slicer	252
slipstream	252
slumps	252
smit	252
snake's	252
snobby	252
snow's	252
snowboarder	252
sonics	252
spaceport	252
spayed	252
speedboat	252
spider's	252
spouts	252
sprees	252
spry	252
spurring	252
stadium's	252
stalwarts	252
stanislaus	252
stealer	252
strabo	252
stringy	252
struct	252
stuart's	252
subsonic	252
substations	252
summery	252
suplex	252
survivalist	252
syrups	252
tableware	252
talc	252
tallis	252
tapeworm	252
tdm	252
teesside	252
telnet	252
tempering	252
tennessee's	252
terminations	252
ternary	252
therewith	252
thes	252
thither	252
tid	252
tinfoil	252
tish	252
titania	252
tomorrows	252
tongan	252
toons	252
topanga	252
toyota's	252
transfixed	252
trended	252
tripura	252
troika	252
tryon	252
tula	252
tull	252
tunnelling	252
turners	252
turnoff	252
uncouth	252
underutilized	252
unexploded	252
unhurt	252
unleaded	252
unpleasantness	252
unrivaled	252
unsalted	252
unsullied	252
unwed	252
urologist	252
utensil	252
vacuums	252
vanities	252
vaporizer	252
vasily	252
venables	252
venereal	252
vergil	252
vesting	252
virile	252
vitali	252
vittoria	252
vivendi	252
vmas	252
vss	252
wallach	252
washout	252
wattle	252
westpac	252
what'll	252
whither	252
whys	252
wifey	252
wilco	252
wildebeest	252
wilks	252
wintertime	252
woodcut	252
woodlawn	252
wooed	252
wootton	252
xuan	252
yaoi	252
yasir	252
yatra	252
yb	252
yitzhak	252
yl	252
younis	252
zamboanga	252
zaza	252
zippy	252
aadmi	251
abstention	251
accusative	251
acquaint	251
acrobats	251
admonition	251
adolphus	251
ainslie	251
akers	251
alanine	251
albert's	251
allenby	251
allstar	251
amalia	251
amputations	251
anaemia	251
analyzers	251
andie	251
andrus	251
anesthesiology	251
angiography	251
annexe	251
antifungal	251
antigone	251
anything's	251
apos	251
appeasing	251
aquamarine	251
arbitrators	251
arbroath	251
assassinating	251
astringent	251
atalanta	251
athenaeum	251
atropine	251
attentively	251
auvergne	251
azimuth	251
bacardi	251
backdrops	251
bains	251
balaclava	251
bandicoot	251
bangle	251
banishing	251
bayes	251
bch	251
beadle	251
beautify	251
beckoned	251
befriends	251
beheld	251
belies	251
bessemer	251
bffs	251
bhs	251
bifida	251
blanton	251
blocky	251
bluebirds	251
bma	251
bmw's	251
bodhisattva	251
boilerplate	251
boz	251
breakneck	251
bringer	251
broadens	251
brokeback	251
brosnan	251
brotha	251
brussel	251
buk	251
bukowski	251
bulkheads	251
bumgarner	251
business's	251
cag	251
cammy	251
campy	251
cap'n	251
caressed	251
carnivals	251
caseload	251
cassia	251
catapults	251
chang's	251
chattel	251
cheeto	251
chika	251
choe	251
chorale	251
chowdhury	251
chuck's	251
ciro	251
clavicle	251
cleese	251
coalesced	251
coburg	251
cochise	251
coffman	251
colliers	251
colourless	251
commutative	251
compaction	251
composes	251
computes	251
concours	251
conformance	251
constraining	251
copywriter	251
correspondences	251
cosimo	251
cosine	251
cosmonaut	251
costner	251
cottrell	251
countable	251
couplet	251
creationists	251
cricketing	251
criminalized	251
crowd's	251
crowne	251
curitiba	251
curler	251
currant	251
cutaway	251
dari	251
daz	251
decca	251
deducting	251
deejay	251
dees	251
defecation	251
defund	251
denbighshire	251
deprives	251
dern	251
desorption	251
destabilization	251
diamond's	251
diller	251
dimethyl	251
diogenes	251
disbelieve	251
dispenses	251
dissipating	251
dividers	251
dmd	251
dogecoin	251
doggett	251
doobie	251
dori	251
dostoevsky	251
draughts	251
droop	251
duce	251
duplicity	251
dyck	251
eck	251
effervescent	251
eko	251
elearning	251
elliot's	251
emanate	251
eminem's	251
enactments	251
encapsulate	251
enduro	251
ens	251
entryway	251
eod	251
escalade	251
espousing	251
esv	251
ethiopia's	251
eugenio	251
excerpted	251
fabrice	251
facetious	251
falsification	251
farm's	251
farooq	251
fascinate	251
fauci	251
femdom	251
ffxiv	251
fielders	251
finkelstein	251
firmino	251
fluxes	251
flyin	251
fma	251
follicular	251
footloose	251
forde	251
foreclose	251
forecourt	251
forewarned	251
forger	251
foundered	251
fpga	251
frankish	251
frankness	251
fredericton	251
freshener	251
frighteningly	251
frilly	251
furries	251
fusiliers	251
gagnon	251
gammon	251
gangway	251
garvin	251
gchq	251
generality	251
gente	251
georgy	251
giga	251
gli	251
globalists	251
glutes	251
gobbled	251
gordie	251
goring	251
governorate	251
grater	251
grogan	251
gruelling	251
guises	251
gushed	251
haddon	251
haight	251
hair's	251
hallie	251
hankering	251
hannigan	251
harkin	251
harrelson	251
hasidic	251
hattiesburg	251
haut	251
headingley	251
health's	251
helmsman	251
hendon	251
hieroglyphics	251
hindley	251
hippocampal	251
hitchhiker	251
hitomi	251
hoffa	251
holly's	251
homophobes	251
hosiery	251
housemaid	251
howler	251
hubbub	251
huda	251
humorously	251
hussein's	251
hydrogenated	251
hydrophilic	251
i'mma	251
ibo	251
idw	251
ignis	251
igt	251
ihop	251
imitators	251
inclusivity	251
incorrigible	251
insertions	251
insinuation	251
insulators	251
insures	251
interceptors	251
interchanges	251
internationalist	251
intersectional	251
invicta	251
iptv	251
irresponsibly	251
irreversibly	251
islay	251
iterate	251
itf	251
iud	251
iwata	251
jabari	251
jager	251
jakes	251
jerez	251
journaling	251
junius	251
kacey	251
karthik	251
katharina	251
katia	251
keeled	251
kenseth	251
keselowski	251
kilbride	251
kinsella	251
kirill	251
kirk's	251
klee	251
knotty	251
knut	251
kotaku	251
kwai	251
lamas	251
lampert	251
landlines	251
lassen	251
latrine	251
latrines	251
lavine	251
leasehold	251
lech	251
legwork	251
leng	251
lepidoptera	251
leste	251
liaise	251
liaoning	251
libertine	251
libyans	251
lich	251
ligation	251
lightyear	251
limpopo	251
lindo	251
lissa	251
llandudno	251
lockouts	251
loli	251
lombok	251
ltv	251
luminescence	251
lune	251
macedon	251
machi	251
manoj	251
marat	251
masturbates	251
mate's	251
matson	251
mawson	251
mayans	251
maz	251
mcalpine	251
mcdonagh	251
mcginnis	251
mckellar	251
mdm	251
medallists	251
merriment	251
mertens	251
mignolet	251
minigames	251
misa	251
misbehave	251
mischa	251
mishandled	251
misshapen	251
mississippian	251
mittal	251
moccasins	251
mogg	251
moisturiser	251
moisturize	251
mondale	251
monotheistic	251
montezuma	251
mops	251
mtc	251
muggles	251
muhammadu	251
mva	251
myc	251
myelin	251
neil's	251
neocon	251
neocons	251
nepa	251
nephew's	251
newsstands	251
niacin	251
nickerson	251
nigra	251
niqab	251
nms	251
noma	251
nonhuman	251
nosebleed	251
nought	251
nri	251
nussbaum	251
o'keeffe	251
offal	251
offsite	251
oldsmobile	251
omnium	251
oooooh	251
oratorio	251
oryx	251
otr	251
outshine	251
paddocks	251
palisade	251
palmdale	251
paratrooper	251
pardew	251
pardo	251
patrimony	251
perchance	251
peshmerga	251
petrograd	251
phonetically	251
phosphorous	251
pickford	251
pitied	251
pizarro	251
plaything	251
pnr	251
pocketing	251
podiums	251
pof	251
polycarbonate	251
pontificate	251
pou	251
ppb	251
preakness	251
precast	251
predestination	251
prefaced	251
proliferating	251
provocations	251
prussians	251
ptr	251
publican	251
pulverized	251
pumice	251
punk's	251
pupa	251
pyrex	251
race's	251
ramses	251
rancor	251
ranieri	251
rationalized	251
ratner	251
reactivation	251
realists	251
reassert	251
reboots	251
recline	251
rectifier	251
redfield	251
rediscovery	251
rehash	251
reinterpretation	251
rejuvenating	251
replenishing	251
residuals	251
reticulum	251
retook	251
rif	251
righting	251
rikers	251
rio's	251
riotous	251
roasters	251
roca	251
rocketed	251
rolland	251
s's	251
sabra	251
saddam's	251
sambo	251
sangria	251
sano	251
scavenge	251
scg	251
schlegel	251
scowl	251
scribbles	251
seema	251
selden	251
selene	251
senescence	251
separable	251
sheared	251
shied	251
shortwave	251
shrubbery	251
shura	251
sila	251
siro	251
skidded	251
snc	251
snorts	251
softener	251
soledad	251
solidifies	251
sookie	251
sooty	251
spillover	251
spunky	251
squatted	251
squeaks	251
ssds	251
stagg	251
stanford's	251
statically	251
stephane	251
stingrays	251
stowaway	251
streeter	251
stretchers	251
strictures	251
stylised	251
sublimation	251
suboptimal	251
subsea	251
swa	251
swaraj	251
sweepers	251
swenson	251
switcher	251
sympathetically	251
tacking	251
tadpole	251
takei	251
tamir	251
tarred	251
tashkent	251
terns	251
terr	251
terran	251
tfs	251
theologically	251
timeslot	251
tirana	251
titan's	251
tiwari	251
tma	251
tobruk	251
tomar	251
tommie	251
transmembrane	251
travail	251
trophic	251
tsarist	251
tso	251
tubbs	251
tucker's	251
turpin	251
uke	251
unbuttoned	251
underlings	251
underperformed	251
uneasiness	251
unfailing	251
unfavorably	251
uniqlo	251
unknowing	251
unnerved	251
untie	251
untouchables	251
utilitarianism	251
vella	251
veneers	251
venter	251
ventilators	251
veronika	251
vetoes	251
volk	251
walkabout	251
wass	251
waterboarding	251
wbo	251
wearin	251
weaved	251
wellman	251
westwards	251
westworld	251
whitlam	251
wifes	251
windowsill	251
wining	251
wiry	251
wittenberg	251
wobbles	251
womanly	251
wrestles	251
xanadu	251
yancey	251
yano	251
yash	251
yeet	251
yhwh	251
zealot	251
zoologist	251
abattoir	250
abbess	250
abcs	250
abidjan	250
ableton	250
abp	250
abraham's	250
accede	250
accrual	250
achiever	250
actuary	250
adagio	250
agostino	250
aircrew	250
airdrie	250
airmail	250
alchemical	250
aleutian	250
alexia	250
allegri	250
alzheimers	250
amputees	250
anaphylactic	250
anatomic	250
angering	250
angiogenesis	250
annunciation	250
aor	250
appl	250
apra	250
archon	250
arl	250
arrondissement	250
arthurian	250
articular	250
assembly's	250
asylums	250
avarice	250
avenida	250
averting	250
avicii	250
awsome	250
azkaban	250
badr	250
bajaj	250
ballantine	250
bannerman	250
barba	250
bares	250
barged	250
barony	250
barret	250
bashes	250
bata	250
bem	250
bernhardt	250
bhi	250
biding	250
bioscience	250
blackmore	250
blacksburg	250
blogpost	250
boastful	250
boatman	250
bogeyman	250
boney	250
boning	250
bonito	250
bork	250
botnet	250
bracketed	250
brad's	250
braiding	250
brainerd	250
brazos	250
breslin	250
brien	250
brittney	250
brno	250
brokerages	250
bucked	250
bulking	250
bundestag	250
buttercream	250
butyl	250
canonization	250
capitulate	250
caramelized	250
carmody	250
carol's	250
cashless	250
catalunya	250
catskill	250
cavanagh	250
cbs's	250
cbse	250
ccr	250
cdi	250
centerline	250
centurylink	250
charmaine	250
chars	250
chaudhary	250
chaudhry	250
chd	250
chianti	250
chicagoland	250
chickpea	250
chiropractors	250
chocolat	250
christiansen	250
chuan	250
chuckie	250
cim	250
cima	250
conchita	250
concordance	250
congress's	250
conwy	250
coot	250
cornstarch	250
crawford's	250
cruiserweight	250
dairies	250
dammed	250
daugherty	250
dayne	250
decimate	250
decrying	250
deform	250
defrost	250
dele	250
delegating	250
deltas	250
dench	250
denman	250
dentist's	250
deptford	250
derwent	250
detentions	250
dewan	250
dexter's	250
dfa	250
disbarred	250
disbursed	250
discipleship	250
discontinuity	250
disquiet	250
doberman	250
domesday	250
doodling	250
doofus	250
dotty	250
downbeat	250
downforce	250
drillers	250
droit	250
droopy	250
drysdale	250
duchamp	250
dumpty	250
dunce	250
dva	250
eamonn	250
eba	250
effigies	250
egbert	250
ehud	250
ellen's	250
elmhurst	250
elope	250
elucidated	250
elvin	250
encamped	250
encampments	250
encloses	250
endearment	250
endzone	250
enhancers	250
enthroned	250
equalized	250
errata	250
essa	250
estrella	250
evander	250
ewes	250
exacerbates	250
expository	250
farragut	250
farrington	250
fatten	250
fba	250
feliciano	250
fernand	250
filipe	250
fitzsimmons	250
fizzle	250
flac	250
flemington	250
fletcher's	250
fon	250
footman	250
freeview	250
fsm	250
fulfils	250
furthers	250
gamal	250
ganymede	250
garcinia	250
geomagnetic	250
gerontology	250
getup	250
gisborne	250
glaciation	250
glutamine	250
gomorrah	250
goofball	250
gorton	250
gracing	250
gravest	250
gronkowski	250
gustafson	250
hackensack	250
hairstylist	250
hajime	250
haldeman	250
hammond's	250
haney	250
happ	250
hardiness	250
hariri	250
harping	250
harpy	250
hashimoto	250
havelock	250
hazara	250
heckling	250
helipad	250
helmer	250
helter	250
hemorrhaging	250
herrings	250
hie	250
hight	250
hippocrates	250
hissed	250
hite	250
hoarded	250
hodson	250
homeric	250
horseracing	250
hortense	250
hps	250
hulking	250
humanoids	250
hundley	250
hypnotist	250
hypothesize	250
ibaka	250
ifr	250
iheartradio	250
iloilo	250
imbeciles	250
incites	250
infamously	250
infringes	250
infusing	250
intellectualism	250
interferometer	250
inverting	250
invictus	250
ipso	250
ipsos	250
irreparably	250
isaac's	250
islamophobic	250
isotropic	250
itches	250
iti	250
jacquard	250
jaitley	250
jaunty	250
jayhawks	250
jenkinson	250
jobseekers	250
jonesboro	250
jpy	250
jughead	250
julianna	250
jutland	250
kamil	250
karna	250
karo	250
kayleigh	250
khakis	250
kiribati	250
klitschko	250
knave	250
kneecap	250
knowlton	250
knudsen	250
kogan	250
kurosawa	250
kurtis	250
lactating	250
lakefront	250
laminar	250
lamy	250
lanny	250
lans	250
lauds	250
leda	250
legalisation	250
lemmings	250
lemmon	250
lenten	250
leonora	250
litigants	250
logbook	250
logistically	250
lolz	250
loneliest	250
longford	250
looper	250
lsi	250
lullabies	250
lumumba	250
maf	250
magruder	250
major's	250
malick	250
malkovich	250
malmo	250
mange	250
mansell	250
marca	250
marika	250
mariposa	250
marksmen	250
mashing	250
matey	250
mathematica	250
mato	250
mch	250
merrimack	250
methodism	250
metrology	250
mirna	250
miscalculated	250
miseries	250
mitcham	250
mobo	250
modding	250
moller	250
molluscs	250
mond	250
monopolistic	250
monotheism	250
monti	250
moonlighting	250
moravia	250
morelli	250
morphologically	250
moshi	250
motorboat	250
motte	250
mtl	250
multitask	250
mummy's	250
murfreesboro	250
murs	250
nanna	250
nanoparticle	250
narcolepsy	250
nasl	250
netherland	250
neverending	250
nfa	250
ngs	250
niamh	250
niantic	250
nihilistic	250
niven	250
noll	250
nollywood	250
northstar	250
nostradamus	250
nowitzki	250
ntr	250
numero	250
numismatic	250
nunnery	250
offroad	250
omnia	250
orchestra's	250
oregonian	250
originators	250
ostensible	250
overactive	250
pan's	250
pareto	250
pathologies	250
paves	250
pbl	250
pde	250
peculiarity	250
pedaling	250
peridot	250
petrus	250
phaser	250
phylogeny	250
physic	250
pica	250
pickin	250
pickpocket	250
pineal	250
planking	250
playmaking	250
poirier	250
poopy	250
popovich	250
postmenopausal	250
poutine	250
praeger	250
preet	250
preform	250
prelim	250
premier's	250
prenup	250
preys	250
prnewswire	250
prongs	250
pronunciations	250
prospering	250
ptt	250
puta	250
qd	250
quarto	250
questioner	250
quintessentially	250
quora	250
qwerty	250
radiometric	250
rasta	250
raved	250
raynor	250
rdf	250
reconfiguration	250
reforestation	250
refunding	250
regretfully	250
reinstating	250
rejoices	250
relishing	250
remarriage	250
renaud	250
renshaw	250
resort's	250
retrieves	250
returner	250
revelry	250
riba	250
rime	250
rotisserie	250
rrna	250
sakai	250
samira	250
sanded	250
sapp	250
sara's	250
sashes	250
saxton	250
sayer	250
scapegoats	250
sceptic	250
scrim	250
seahorse	250
sebring	250
seductively	250
sefton	250
selim	250
seller's	250
seraphim	250
sethi	250
shafer	250
shai	250
shampoos	250
shar	250
sharman	250
sharon's	250
sheepskin	250
sherbet	250
shimizu	250
shoreham	250
sickens	250
siddhartha	250
sidekicks	250
simeone	250
simpleton	250
sissoko	250
skeeter	250
skelter	250
skilfully	250
skippers	250
skt	250
skylights	250
slovakian	250
smallwood	250
smirnoff	250
sncf	250
snobbish	250
snowdonia	250
soapbox	250
spearheading	250
spindles	250
spirit's	250
spooning	250
squeals	250
ssg	250
stan's	250
standardisation	250
stanfield	250
stanislas	250
starches	250
starships	250
stedman	250
storks	250
strider	250
stutters	250
supplication	250
swayze	250
sylvania	250
symbolises	250
tabulated	250
tallying	250
taxon	250
tbm	250
tdd	250
teat	250
techie	250
teleprompter	250
tere	250
testa	250
tevez	250
textural	250
tgf	250
thunderclap	250
tiana	250
tikrit	250
toki	250
trailblazers	250
transiting	250
transpires	250
transponders	250
trespasses	250
trop	250
trowbridge	250
trundle	250
tsonga	250
tumbles	250
twee	250
tycho	250
tyndall	250
ucsd	250
uncoordinated	250
underwhelmed	250
unrwa	250
unstuck	250
unsuited	250
vapid	250
villa's	250
visser	250
vitale	250
vivre	250
wahl	250
wallflower	250
walt's	250
wani	250
watercolours	250
watersports	250
wec	250
whi	250
whitewashing	250
wingfield	250
wishbone	250
wistfully	250
worshipful	250
wows	250
xhaka	250
xxiv	250
yeasts	250
yn	250
yunus	250
zeng	250
abramson	249
acca	249
adt	249
aeration	249
aftershocks	249
agassi	249
agassiz	249
aip	249
akita	249
akon	249
allin	249
aloysius	249
altair	249
anbar	249
anglian	249
annoyances	249
annul	249
antiaircraft	249
apg	249
aphorism	249
aplenty	249
ararat	249
archeologists	249
asami	249
aspartame	249
assimilating	249
attractively	249
auch	249
austen's	249
austral	249
autobahn	249
aviary	249
baddie	249
ballerinas	249
bandleader	249
banknote	249
banshees	249
barber's	249
bcl	249
beachside	249
beauvoir	249
belittled	249
belton	249
benediction	249
betrothal	249
bfg	249
bhaskar	249
bijou	249
biota	249
biryani	249
boatload	249
bodleian	249
bodysuit	249
bolero	249
bolin	249
botw	249
bourbons	249
brasserie	249
breastplate	249
breathtakingly	249
briana	249
brooches	249
buch	249
budgie	249
bul	249
burris	249
buzzwords	249
cadavers	249
calabasas	249
canna	249
capsicum	249
carding	249
cardiopulmonary	249
casuals	249
cayuga	249
cfpb	249
chaco	249
chad's	249
chaffetz	249
chagall	249
chantelle	249
chantry	249
chauvinism	249
cheol	249
cherbourg	249
chessboard	249
chili's	249
chiltern	249
chorley	249
christopher's	249
cicada	249
climes	249
cny	249
cobol	249
cody's	249
coleman's	249
collett	249
collude	249
comparator	249
compasses	249
conductance	249
configurable	249
conflated	249
conjectured	249
contessa	249
cookout	249
copywriting	249
corliss	249
cornerstones	249
coterie	249
councilwoman	249
coverages	249
coves	249
crazily	249
creationist	249
cress	249
cron	249
croutons	249
cruze	249
csis	249
cultivators	249
cupped	249
cuties	249
cvc	249
damask	249
damme	249
daniella	249
daresay	249
deceiver	249
deceptions	249
defections	249
deliberated	249
delimited	249
delish	249
delray	249
demonized	249
dere	249
desdemona	249
destin	249
devours	249
diorama	249
diptera	249
disbanding	249
discolored	249
discontented	249
disenfranchisement	249
disorienting	249
dolomites	249
dramatics	249
drumsticks	249
dunaway	249
dunphy	249
eap	249
earphone	249
eastleigh	249
edgbaston	249
egged	249
eighths	249
embarkation	249
emts	249
ena	249
encroach	249
eni	249
epidemiologist	249
erebus	249
eschewed	249
esper	249
estuarine	249
eugen	249
evaluator	249
exempts	249
expeditiously	249
expositions	249
expound	249
fashionably	249
fathoms	249
feathery	249
feedings	249
feelgood	249
fellatio	249
fff	249
fft	249
fifo	249
fitchburg	249
fitzgerald's	249
fitzwilliam	249
fizzled	249
flapper	249
flay	249
flintstones	249
floodlights	249
florets	249
flyby	249
foibles	249
fonseca	249
fortis	249
foundries	249
fraudster	249
frazzled	249
fren	249
friendless	249
friendzone	249
frolicking	249
frothing	249
furtive	249
galerie	249
galle	249
garden's	249
gauged	249
gaurav	249
geckos	249
genealogies	249
geneticists	249
gennaro	249
geologically	249
ghulam	249
gimbal	249
gona	249
gosford	249
grandfathered	249
grc	249
greggs	249
gunderson	249
gunnison	249
guppy	249
guyanese	249
guzzling	249
gynaecology	249
hadfield	249
hammett	249
handstand	249
harambe	249
hardaway	249
hawkesbury	249
haydon	249
hca	249
heracles	249
heraldry	249
heresies	249
hermeneutics	249
hershey's	249
hittite	249
holst	249
homesteads	249
hori	249
horseshoes	249
howitzer	249
hudgens	249
hugger	249
humvee	249
hungrier	249
hyperplasia	249
hypertensive	249
iaf	249
iguanas	249
impedes	249
imperceptible	249
impregnate	249
indiscretions	249
industrially	249
innately	249
intuit	249
inu	249
investiture	249
isfahan	249
ishii	249
itn	249
ivanhoe	249
izumi	249
jackie's	249
japs	249
jes	249
jettisoned	249
joi	249
jr's	249
julie's	249
juncker	249
kailash	249
kanu	249
kaspersky	249
katowice	249
kellerman	249
kendo	249
kenshin	249
kha	249
kiffin	249
kirby's	249
kirkuk	249
knockoff	249
kotor	249
kristoff	249
landmine	249
lazaro	249
lefebvre	249
lefevre	249
legitimized	249
lenticular	249
leven	249
leverages	249
lexa	249
libtards	249
lin's	249
lippincott	249
liveable	249
lodz	249
lollapalooza	249
longley	249
lowlife	249
lra	249
ludo	249
lusts	249
machetes	249
machismo	249
mahabharata	249
male's	249
malformations	249
mammogram	249
manaus	249
mankato	249
marky	249
martinsville	249
masterplan	249
materialise	249
maxie	249
mccloskey	249
mccrory	249
mccutcheon	249
mcevoy	249
mclellan	249
meagher	249
medico	249
medulla	249
meerkat	249
mesenchymal	249
mesopotamian	249
metatarsal	249
mhm	249
microstructure	249
mikado	249
millen	249
mindlessly	249
mineralization	249
minuteman	249
minx	249
mips	249
misrepresentations	249
mistreat	249
moe's	249
mongers	249
monroe's	249
morehead	249
mosfet	249
mountain's	249
mounties	249
mpp	249
muammar	249
mullahs	249
mullin	249
mycobacterium	249
mythologies	249
nars	249
nebuchadnezzar	249
nebulae	249
neigh	249
nessa	249
neuroimaging	249
neurologists	249
nicodemus	249
nikko	249
nimh	249
nimmo	249
noisily	249
npr's	249
nutting	249
o'neill's	249
obliges	249
odile	249
odours	249
ogres	249
ogun	249
ohhhhh	249
oke	249
ood	249
opines	249
oriel	249
ork	249
osmotic	249
ouse	249
outgunned	249
outlays	249
overburdened	249
overcharge	249
overhauls	249
overstatement	249
ovo	249
oxycontin	249
pacified	249
pagano	249
paki	249
palacio	249
papadopoulos	249
paragliding	249
paramore	249
pastes	249
pasteurized	249
pasties	249
paulinho	249
pekka	249
perrier	249
perturbations	249
phoenicians	249
pimlico	249
pinhole	249
pinnacles	249
pinpointed	249
pires	249
pitbulls	249
pitchforks	249
pogroms	249
polemical	249
polymorphisms	249
popularised	249
powerplay	249
predestined	249
prophet's	249
protrude	249
prp	249
prue	249
psychopathy	249
puc	249
puente	249
quarried	249
quills	249
radek	249
radially	249
raith	249
ramsey's	249
rattlesnakes	249
ravaging	249
realign	249
rebuilds	249
recanted	249
reiter	249
relapses	249
rending	249
repentant	249
reportable	249
reprogram	249
rescheduling	249
retracting	249
revisits	249
rigg	249
rile	249
ripened	249
riverboat	249
roadie	249
roaster	249
rodham	249
romper	249
roomie	249
roommate's	249
rosanna	249
rupp	249
rushers	249
saar	249
sabin	249
safaris	249
sager	249
salutations	249
sangha	249
sanofi	249
sargon	249
satiety	249
scanlan	249
schroder	249
sculptured	249
seasonality	249
segmental	249
segura	249
semiotics	249
serfdom	249
shane's	249
sheepishly	249
shias	249
shipp	249
shoring	249
shuffles	249
shukla	249
sippy	249
sjws	249
skidding	249
slandering	249
smitty	249
smooch	249
snitches	249
sno	249
soares	249
sombra	249
sopa	249
southbank	249
spigot	249
sprightly	249
squandering	249
squids	249
stagnate	249
staines	249
stairways	249
stammer	249
starfire	249
stargazing	249
stavros	249
stencils	249
stiffen	249
stingers	249
stis	249
stockpiled	249
strasse	249
stupider	249
subjection	249
submachine	249
subtler	249
subwoofer	249
sulla	249
summarises	249
sunspots	249
superfood	249
supergroup	249
surg	249
suter	249
suzhou	249
swindled	249
symbolise	249
symmetrically	249
tahitian	249
tangents	249
taoism	249
tearfully	249
telegraphs	249
telemarketing	249
tempestuous	249
tempura	249
thanh	249
theophilus	249
thickets	249
timbered	249
tims	249
tingly	249
tippy	249
tix	249
tomorrowland	249
touchpad	249
trajan	249
trapdoor	249
tricolor	249
triennial	249
tripling	249
trondheim	249
tuners	249
turvy	249
tus	249
udc	249
ummah	249
underhand	249
underpins	249
undifferentiated	249
undignified	249
unfeasible	249
unintelligent	249
unrecorded	249
urinals	249
utters	249
utv	249
velasco	249
vena	249
vladislav	249
vlc	249
voa	249
vomits	249
warblers	249
warthog	249
watercress	249
weather's	249
westland	249
whelp	249
wherewith	249
whitecaps	249
whitefield	249
whizz	249
wiggly	249
wooly	249
wuss	249
xlviii	249
yanukovych	249
yellowing	249
yorks	249
zan	249
zeroed	249
zod	249
zs	249
abe's	248
abhishek	248
abounding	248
abrahamic	248
account's	248
acker	248
acquiesce	248
acyl	248
adcock	248
aditi	248
afghani	248
afternoon's	248
agricola	248
agustin	248
ails	248
aircrafts	248
aish	248
aishwarya	248
aks	248
alpert	248
alphabetic	248
altimeter	248
alumnae	248
amc's	248
ameer	248
ammar	248
amur	248
ananda	248
andrzej	248
animatronic	248
anisotropic	248
annandale	248
annenberg	248
anoint	248
antares	248
antihistamines	248
aot	248
apocrypha	248
apportionment	248
araki	248
aran	248
archivists	248
aristide	248
aronson	248
ashen	248
asn	248
atheistic	248
attlee	248
augur	248
authorizations	248
autocrat	248
ayahuasca	248
azeri	248
azusa	248
backlight	248
bakewell	248
balsa	248
barone	248
bartending	248
bayswater	248
beading	248
beady	248
beaverton	248
belknap	248
benders	248
berryman	248
besties	248
bestows	248
betas	248
betters	248
bibs	248
binh	248
blackbirds	248
blithe	248
blurt	248
bmj	248
boltzmann	248
bongs	248
borax	248
bourse	248
bq	248
braving	248
bricked	248
brooker	248
broussard	248
bruna	248
bruxelles	248
bushfire	248
bushman	248
buttock	248
camphor	248
canis	248
carman	248
carmela	248
caroline's	248
cashflow	248
castel	248
cavemen	248
celestine	248
certainties	248
chainsaws	248
chase's	248
chickasaw	248
clancy's	248
clattering	248
coherently	248
coitus	248
cokes	248
collectivism	248
columbo	248
composer's	248
conceptualization	248
confection	248
conformational	248
contrite	248
convenes	248
cordillera	248
cpe	248
crabbe	248
cradles	248
crawlers	248
criminalizing	248
crips	248
croce	248
crossroad	248
croton	248
cunard	248
curds	248
cya	248
daegu	248
dahmer	248
dampness	248
danton	248
dawn's	248
decepticons	248
decoupling	248
defcon	248
defecting	248
delicatessen	248
delude	248
demagogue	248
dene	248
derailing	248
dicked	248
directness	248
disappointingly	248
disjoint	248
dislocations	248
distrusted	248
divorcee	248
diya	248
dm's	248
doma	248
doozy	248
dorfman	248
downgrades	248
dpm	248
dragnet	248
drawl	248
dreyfuss	248
dublin's	248
duda	248
duffle	248
dupes	248
eason	248
east's	248
eavesdrop	248
eca	248
eccentricities	248
ecj	248
ecowas	248
eder	248
egocentric	248
electrolytic	248
elliott's	248
emirati	248
empiricism	248
emulators	248
enamoured	248
endeavoured	248
engulfing	248
enquired	248
enroute	248
envelop	248
equaling	248
escondido	248
espanyol	248
estella	248
evernote	248
evian	248
ewell	248
experimenter	248
extrapolating	248
eze	248
fair's	248
fantasized	248
fatboy	248
feathering	248
feckless	248
fela	248
fellowes	248
ferrero	248
fetches	248
fios	248
flan	248
flinching	248
fmc	248
fnb	248
followings	248
forbearance	248
fournette	248
freebsd	248
frontend	248
funko	248
gabba	248
gamification	248
gandy	248
gardner's	248
gato	248
geochemical	248
geochemistry	248
geometrically	248
gfc	248
ghostwriter	248
gladness	248
glares	248
glc	248
glob	248
gormley	248
grandview	248
grattan	248
gravestones	248
greene's	248
gretna	248
grubs	248
grumbled	248
grylls	248
guidebooks	248
gumtree	248
gundy	248
gwangju	248
haag	248
haka	248
halford	248
havel	248
haverford	248
hayworth	248
hazen	248
headhunter	248
heer	248
hematite	248
herdsmen	248
heritable	248
hermaphrodite	248
heterosexuals	248
hfc	248
hine	248
hollie	248
homerun	248
hondo	248
hounslow	248
houseguests	248
howled	248
hums	248
hussars	248
hypodermic	248
idleness	248
idolize	248
idp	248
iii's	248
ilford	248
immunized	248
impeaching	248
incalculable	248
indemnification	248
infinitum	248
infuriates	248
insp	248
internets	248
interwar	248
intruded	248
ipos	248
isolde	248
isomorphic	248
isopropyl	248
jagr	248
jeet	248
jetting	248
jewett	248
jolted	248
joules	248
jumpsuits	248
june's	248
juridical	248
kah	248
kahlo	248
kalam	248
katja	248
kek	248
kenna	248
kibble	248
kiir	248
killeen	248
kilter	248
kinsmen	248
kloss	248
kneading	248
kokoro	248
krishnan	248
kubota	248
kuro	248
kx	248
lamb's	248
lamentations	248
laroche	248
lata	248
lauri	248
laziest	248
leaguers	248
leggy	248
leitch	248
leon's	248
leyden	248
lgbti	248
liberators	248
limbic	248
link's	248
lipo	248
liquorice	248
lithe	248
livres	248
logano	248
longshot	248
louvain	248
lucretia	248
lulled	248
lymphocyte	248
macgyver	248
makkah	248
malachite	248
managua	248
mangala	248
marchant	248
marinas	248
mccarthyism	248
mccourt	248
mccurdy	248
mcginn	248
medicate	248
megan's	248
mejia	248
methotrexate	248
mian	248
microelectronics	248
microgravity	248
microsystems	248
mils	248
mingo	248
misbah	248
mitten	248
mnet	248
mok	248
momma's	248
montfort	248
mpd	248
msw	248
nadezhda	248
namibian	248
nanometers	248
nettie	248
neutrophils	248
nichol	248
niklas	248
nitin	248
nong	248
noninvasive	248
nonproliferation	248
nse	248
nyssa	248
odorless	248
oppositional	248
oppositions	248
ordain	248
organelles	248
outwit	248
overturns	248
oxidant	248
oxygenation	248
padang	248
paleontologists	248
palpatine	248
parakeet	248
paralytic	248
parfait	248
patella	248
patrik	248
pattie	248
paymaster	248
payson	248
pce	248
pdx	248
pecuniary	248
peddled	248
peeler	248
pelletier	248
pender	248
penny's	248
perera	248
perpetrate	248
petunia	248
phosphoric	248
phosphorylated	248
piney	248
plazas	248
pochettino	248
ponting	248
popsicles	248
porcine	248
pragmatist	248
precambrian	248
precipitating	248
pretreatment	248
pricier	248
prioritizes	248
privateers	248
propagates	248
prostatic	248
protrusion	248
provable	248
provocateur	248
psilocybin	248
psychopathology	248
puckett	248
pulis	248
purples	248
quercus	248
raab	248
rajapaksa	248
rationed	248
rawlinson	248
rawson	248
realness	248
receptacles	248
redmi	248
reflexively	248
refraining	248
renumbered	248
resentments	248
resize	248
revved	248
rhineland	248
ricard	248
richardson's	248
riche	248
richey	248
rincon	248
riverton	248
robinsons	248
romanticized	248
romer	248
rst	248
ruffalo	248
rupaul	248
ryzen	248
saccharine	248
sakamoto	248
santino	248
sapling	248
sasa	248
saskia	248
sati	248
sbb	248
scaffolds	248
schoenberg	248
scholl	248
schoolmates	248
scolds	248
scrupulously	248
sdlp	248
seaward	248
sebastian's	248
seco	248
seitz	248
semicolon	248
sensitively	248
seu	248
sev	248
sexed	248
shakhtar	248
sharpens	248
shattuck	248
shephard	248
shipboard	248
shootouts	248
shoppe	248
shorelines	248
shriveled	248
shunted	248
sisko	248
slanderous	248
slavonic	248
sleepin	248
sleepovers	248
slitting	248
snelling	248
snicker	248
snook	248
soba	248
sociopolitical	248
somersault	248
sommelier	248
soulmates	248
souths	248
spiralling	248
squibb	248
stagnating	248
starstruck	248
steaua	248
stenographer	248
stoneman	248
stormtroopers	248
streetcars	248
striping	248
strum	248
suffragette	248
sumatran	248
supercomputers	248
superconductivity	248
supposes	248
swastikas	248
swingin	248
swisher	248
swooning	248
tamale	248
tank's	248
tarragon	248
teen's	248
tenancies	248
termini	248
testable	248
tetracycline	248
tew	248
thatcher's	248
theroux	248
thirtieth	248
timmons	248
torr	248
tove	248
trang	248
trc	248
treacle	248
trev	248
treviso	248
tribals	248
tsb	248
twisters	248
twitches	248
tyree	248
umpiring	248
unapproved	248
underhanded	248
unfazed	248
unmask	248
unreservedly	248
uppity	248
upturn	248
vandy	248
vfw	248
vickery	248
victimhood	248
voltron	248
voy	248
w's	248
waterborne	248
waziristan	248
weidman	248
wenn	248
wfp	248
whizzing	248
whoah	248
wildness	248
winchell	248
windsurfing	248
witney	248
word's	248
worden	248
wormholes	248
worsley	248
wriggling	248
yeong	248
yessir	248
ym	248
yucky	248
zacks	248
zafar	248
zahir	248
aber	247
acclimated	247
acquiescence	247
acu	247
adamawa	247
adblock	247
adenocarcinoma	247
adjudicate	247
adornment	247
aedes	247
afrikaner	247
agnieszka	247
aii	247
alleyways	247
alloa	247
altona	247
alumna	247
alyson	247
amory	247
amplitudes	247
anatole	247
anatolian	247
angiotensin	247
anglais	247
anhui	247
antenatal	247
aon	247
aquaria	247
arca	247
ardmore	247
arses	247
asim	247
asterisks	247
astonish	247
auteur	247
availed	247
avery's	247
awakenings	247
azov	247
babi	247
baccarat	247
badness	247
bae's	247
bagger	247
barmaid	247
batu	247
bearcats	247
bedchamber	247
beeline	247
befuddled	247
bequeath	247
besieging	247
bifurcation	247
biofilm	247
blockages	247
bluestone	247
blustery	247
boles	247
bossa	247
bratty	247
brevet	247
bristling	247
brittain	247
broached	247
broomstick	247
brower	247
bruton	247
buckshot	247
buda	247
buffing	247
busking	247
bz	247
caerphilly	247
cakewalk	247
caliente	247
camberwell	247
camshaft	247
cann	247
capitalisation	247
capper	247
carjacking	247
carnarvon	247
cataloged	247
catlin	247
ceci	247
centigrade	247
cerebellar	247
cesaro	247
chamois	247
chapped	247
chapstick	247
chechens	247
cheep	247
chickenpox	247
chirac	247
cicadas	247
cirencester	247
clammy	247
classicism	247
cleanses	247
cloisters	247
clr	247
clydesdale	247
coalition's	247
coexisting	247
colas	247
colley	247
comparably	247
connecticut's	247
conscript	247
convicting	247
convolution	247
cooped	247
coote	247
copilot	247
cornflakes	247
cornmeal	247
cosplayers	247
courtside	247
cpac	247
craddock	247
crikey	247
crosswords	247
crtc	247
crustal	247
crypts	247
culpepper	247
cusco	247
cws	247
daisuke	247
dangerfield	247
dassault	247
ddg	247
deangelo	247
debugger	247
decompress	247
deering	247
definetly	247
degli	247
deleuze	247
demilitarized	247
destabilized	247
detestable	247
diggin	247
disastrously	247
disreputable	247
distill	247
distiller	247
djinn	247
doan	247
dolla	247
domaine	247
dorsum	247
dothraki	247
duffield	247
dwts	247
ead	247
earthworks	247
eggshell	247
ehlers	247
emacs	247
embryology	247
enacts	247
eoc	247
estadio	247
ethers	247
evaporator	247
ewart	247
exaltation	247
exempting	247
exhaling	247
explosively	247
extorted	247
farewells	247
farhad	247
farouk	247
faunal	247
faxed	247
fiba	247
fidgeting	247
fiu	247
flexibly	247
flightless	247
fook	247
forethought	247
formalize	247
frag	247
frauen	247
freemen	247
froggy	247
frp	247
fuscous	247
futurism	247
gainful	247
gambier	247
ganguly	247
gastronomic	247
gatling	247
gautier	247
gazeta	247
gendarmes	247
generalisation	247
geriatrics	247
gers	247
getaways	247
gigolo	247
gilpin	247
girlish	247
glided	247
goi	247
goodly	247
graduations	247
griffey	247
grifter	247
gritted	247
groomsmen	247
groupe	247
growler	247
grumbles	247
guwahati	247
gyan	247
haigh	247
hamel	247
han's	247
happenin	247
hatchlings	247
hatteras	247
hauler	247
hazelnuts	247
hearne	247
heat's	247
heber	247
heme	247
heng	247
heraldic	247
hereto	247
heya	247
hideously	247
hofer	247
homespun	247
hominem	247
homozygous	247
horta	247
hostesses	247
housings	247
huzzah	247
hydrodynamic	247
iem	247
imgur	247
imi	247
implicates	247
impound	247
inclines	247
insignificance	247
interlinked	247
interrogators	247
interurban	247
intuitions	247
invigorated	247
invincibility	247
ionosphere	247
isms	247
isomers	247
izmir	247
jaffna	247
jamey	247
jani	247
janko	247
jenny's	247
jeweled	247
jitter	247
jo's	247
jourdan	247
joust	247
jutsu	247
jy	247
kapil	247
kasi	247
kasparov	247
katara	247
kayo	247
kestrel	247
kil	247
kilmer	247
kinematics	247
kissimmee	247
koda	247
krieg	247
krs	247
lafferty	247
lagerfeld	247
lamentable	247
lascivious	247
lasik	247
latifah	247
lawes	247
lawman	247
lca	247
lec	247
lejeune	247
lemony	247
lenz	247
letty	247
lewy	247
lifers	247
lindberg	247
liquidating	247
litigated	247
llanelli	247
lols	247
lonzo	247
looses	247
loup	247
luci	247
ludicrously	247
lupo	247
lurched	247
madrigal	247
mahathir	247
manda	247
marmaduke	247
maruti	247
maslow	247
mauser	247
mbta	247
mccrae	247
mccree	247
mcgarry	247
mcginty	247
mckeown	247
mcr	247
mcwilliams	247
meanie	247
meanness	247
melding	247
mellowed	247
memoranda	247
menard	247
merchant's	247
michaud	247
midstream	247
minto	247
misfire	247
mishnah	247
mitotic	247
mohd	247
mone	247
monocle	247
monopolize	247
moti	247
mowgli	247
msd	247
msl	247
mtdna	247
mugger	247
mui	247
muldoon	247
multifunctional	247
murkowski	247
namco	247
narayana	247
narragansett	247
nava	247
naver	247
nbd	247
nextgen	247
nfpa	247
nibs	247
nii	247
nio	247
nivea	247
noms	247
norrie	247
notarized	247
nowak	247
nva	247
occuring	247
oceana	247
oed	247
offshoots	247
ogg	247
okie	247
omnipotence	247
opc	247
opossum	247
opportunists	247
optima	247
origi	247
ormsby	247
orthopedics	247
osh	247
outperforming	247
ovals	247
overplayed	247
oversold	247
overwrought	247
pacemakers	247
painter's	247
palacios	247
parachuting	247
paradiso	247
paraguayan	247
peaky	247
peale	247
pearson's	247
peet	247
penne	247
penta	247
percutaneous	247
pervez	247
petaluma	247
petiole	247
physician's	247
pickling	247
pippen	247
plasmodium	247
plotline	247
pollo	247
pollster	247
polonium	247
polyvinyl	247
pommel	247
ponderous	247
popov	247
posteriorly	247
pounders	247
pradhan	247
predeceased	247
preformed	247
preps	247
presidente	247
pritzker	247
proselytizing	247
pucci	247
pud	247
pudgy	247
pyruvate	247
quang	247
quds	247
quenched	247
quotable	247
randomization	247
ratty	247
record's	247
redcliffe	247
reflectance	247
relegate	247
remeber	247
remodelled	247
remotes	247
renzo	247
reoccurring	247
reservist	247
resettle	247
resnick	247
restate	247
retinol	247
retrofitting	247
returnees	247
revenant	247
rhinestones	247
ries	247
riffing	247
riki	247
rollie	247
rothwell	247
rousseff	247
rowell	247
rpa	247
rpc	247
rspb	247
runt	247
saha	247
saint's	247
salk	247
sana'a	247
sask	247
satyr	247
sayre	247
sciatica	247
scimitar	247
scrubber	247
scud	247
seceded	247
security's	247
seepage	247
seesaw	247
sema	247
sephardic	247
serv	247
sgs	247
shabazz	247
shanxi	247
sharknado	247
sheboygan	247
shinzo	247
shires	247
shrouds	247
shuddered	247
siddharth	247
sidewinder	247
skaggs	247
skylark	247
skyway	247
smouldering	247
sociocultural	247
sokoto	247
speculum	247
spelman	247
spielberg's	247
spuds	247
ssris	247
statehouse	247
stellenbosch	247
sten	247
stents	247
stooping	247
strived	247
sty	247
subjugate	247
sublet	247
subsections	247
sulawesi	247
sultans	247
sunder	247
superlatives	247
supermassive	247
surfed	247
survivor's	247
sussman	247
suzi	247
suzuka	247
swoosh	247
taketh	247
tarr	247
tars	247
taub	247
taxpayer's	247
temple's	247
terrains	247
theocratic	247
thermoelectric	247
thet	247
timey	247
tippett	247
togethers	247
tonics	247
topo	247
tosca	247
tpb	247
tracklist	247
triomphe	247
truancy	247
trx	247
tsh	247
tunable	247
ucsf	247
uday	247
udon	247
unboxing	247
uncapped	247
unfollow	247
unrefined	247
unsportsmanlike	247
uppercase	247
uprooting	247
valeri	247
vaporize	247
varga	247
varietal	247
varma	247
varney	247
vedder	247
vestal	247
vestigial	247
virginal	247
visitations	247
vitreous	247
vocabularies	247
vortices	247
vpns	247
waaay	247
wads	247
waists	247
wast	247
waylon	247
whittled	247
xenia	247
xxv	247
yad	247
yadda	247
yana	247
yann	247
yoder	247
yor	247
zilch	247
zoe's	247
zoran	247
abductor	246
abstentions	246
actualization	246
addons	246
adele's	246
adjudicator	246
adorns	246
afire	246
aflame	246
agen	246
aggro	246
airasia	246
akali	246
albee	246
aliasing	246
alleluia	246
alphanumeric	246
amas	246
amboy	246
ammon	246
amu	246
amusingly	246
amway	246
analytically	246
andalusian	246
anniston	246
antiochus	246
apace	246
appalachians	246
apportioned	246
ards	246
arles	246
arugula	246
asante	246
asperger	246
astroturf	246
athanasius	246
audios	246
aunties	246
autobiographies	246
autophagy	246
avanti	246
avidly	246
bahasa	246
baileys	246
bambino	246
barbecued	246
baristas	246
bartering	246
bartolo	246
basaltic	246
beanstalk	246
beckett's	246
beckham's	246
becks	246
beleive	246
belkin	246
bella's	246
benjamins	246
berea	246
bestowing	246
bhagavad	246
biannual	246
bibliographical	246
bier	246
bih	246
biliary	246
biophysical	246
bioware	246
biplane	246
blaney	246
bloodstained	246
boggles	246
bogie	246
boomtown	246
brandon's	246
breck	246
brisbane's	246
brophy	246
browder	246
bruner	246
brutalized	246
buffets	246
bulges	246
bullfighting	246
burlingame	246
buzzy	246
cagliari	246
callow	246
candour	246
captaining	246
capua	246
caravaggio	246
cartographic	246
castlereagh	246
caswell	246
cbf	246
cdo	246
certiorari	246
cesium	246
ceviche	246
chainz	246
chapman's	246
checkerboard	246
cheech	246
cheeked	246
chih	246
chinaman	246
choline	246
chyna	246
circumspect	246
clausen	246
cleaves	246
cloudless	246
cmg	246
cnr	246
colada	246
coleoptera	246
collectivist	246
colonizers	246
combe	246
concussed	246
condit	246
connexion	246
consign	246
consolidates	246
constancy	246
constructivist	246
contraindications	246
conveyancing	246
coops	246
copes	246
copter	246
couched	246
cousteau	246
cowbell	246
cpap	246
crabby	246
cracow	246
creased	246
cretan	246
croatia's	246
crocus	246
cromer	246
cronkite	246
crossley	246
cth	246
cwc	246
cypriots	246
daf	246
dagon	246
dandelions	246
darvish	246
dcu	246
debentures	246
deliciousness	246
depreciate	246
derbies	246
dermatologists	246
deron	246
deschamps	246
despotism	246
detracts	246
devolving	246
devonport	246
dfl	246
diehl	246
dietetics	246
diggle	246
dilbert	246
diploid	246
disenchantment	246
disfigurement	246
dishwashers	246
disinfected	246
dissociate	246
dogmas	246
dormancy	246
dostoyevsky	246
downriver	246
dressmaker	246
dumbbells	246
durch	246
easements	246
easyjet	246
ebs	246
ecf	246
editorship	246
ejector	246
elyse	246
elysian	246
embankments	246
emote	246
enchiladas	246
enriches	246
episcopalian	246
ermine	246
estado	246
eurostar	246
evangelization	246
evi	246
excruciatingly	246
exfoliating	246
exterminating	246
extravagantly	246
ezequiel	246
fansite	246
farmlands	246
fashioning	246
fda's	246
fearlessness	246
featureless	246
feld	246
ferociously	246
fictionalized	246
fiendish	246
fila	246
finery	246
firming	246
fishnet	246
fletch	246
flit	246
fmla	246
forthe	246
fortifying	246
frei	246
frequenting	246
furrowed	246
fyfe	246
gac	246
gallaudet	246
gamescom	246
gaskell	246
gault	246
gdansk	246
gerrit	246
getz	246
glial	246
globetrotters	246
glorifies	246
glycemic	246
gnat	246
gnats	246
goldfields	246
golgi	246
goonies	246
gos	246
govinda	246
grecian	246
grigg	246
grossest	246
gsk	246
gullies	246
gunboat	246
gynecological	246
haggerty	246
halton	246
hannon	246
haptic	246
harmonization	246
haruhi	246
hawkers	246
haz	246
headbands	246
headlock	246
headpiece	246
heartbreakers	246
hermits	246
herz	246
hillsong	246
hittin	246
holdsworth	246
holidaymakers	246
homered	246
hooke	246
horsey	246
hoxton	246
hpc	246
humidifier	246
hypersensitive	246
idiomatic	246
ijn	246
illuminations	246
immaculately	246
immolation	246
immunisation	246
impudent	246
incentivize	246
incontrovertible	246
incorruptible	246
incubate	246
ineffectiveness	246
inflight	246
ingrown	246
insider's	246
inte	246
inundation	246
isomer	246
italiana	246
iyengar	246
jacksons	246
jalisco	246
jamb	246
janette	246
janitorial	246
jeremy's	246
joc	246
jordon	246
juma	246
junko	246
keeper's	246
kennard	246
killarney	246
kirwan	246
kokomo	246
kolo	246
korg	246
koto	246
ksi	246
kunal	246
kurd	246
lackeys	246
ladylike	246
lambert's	246
lamela	246
lani	246
layed	246
leben	246
legia	246
lemmy	246
letts	246
leu	246
levon	246
lfc	246
lifer	246
lignite	246
linc	246
linky	246
linwood	246
liquidators	246
lithographs	246
livonia	246
lobotomy	246
longworth	246
lorimer	246
lothar	246
lowestoft	246
lowther	246
lvg	246
lynchings	246
lyne	246
macdonald's	246
magisterial	246
mailings	246
makeovers	246
mandelson	246
mandibles	246
manipulators	246
manse	246
marcin	246
marshfield	246
marzipan	246
masterly	246
masterwork	246
masthead	246
materiality	246
matting	246
mbbs	246
mcat	246
melba	246
metabolize	246
mhs	246
mickie	246
mit's	246
miyuki	246
moldovan	246
molinari	246
moloney	246
mopped	246
morro	246
mpls	246
mulcahy	246
multivitamin	246
murata	246
musician's	246
muy	246
nandi	246
nanette	246
nass	246
nationhood	246
neglectful	246
nevada's	246
nina's	246
noni	246
novosibirsk	246
nutcase	246
objectified	246
ods	246
oligocene	246
orsay	246
otl	246
outgrew	246
overconfident	246
palmas	246
parachuted	246
paralleling	246
paramilitaries	246
parklands	246
parquet	246
passat	246
paternalistic	246
patronized	246
pdr	246
pera	246
perdition	246
peru's	246
pez	246
phaedra	246
pharmacokinetics	246
photocopies	246
pipers	246
pirie	246
pith	246
plaintive	246
plasmas	246
plotter	246
poehler	246
policyholder	246
politician's	246
polyunsaturated	246
pondicherry	246
popularize	246
poroshenko	246
poss	246
praiseworthy	246
predated	246
prelates	246
preoperative	246
pressurised	246
presupposes	246
previewing	246
prideful	246
psychometric	246
pupper	246
quai	246
quechua	246
quelled	246
querying	246
quickened	246
raghu	246
rand's	246
ranted	246
rapeseed	246
rarefied	246
rask	246
rcp	246
rebukes	246
reclassification	246
recumbent	246
redshift	246
reframe	246
reproducibility	246
reprogrammed	246
restorer	246
reverent	246
revista	246
reyna	246
rfu	246
rhondda	246
ridings	246
ringwood	246
rita's	246
rivaled	246
rnli	246
robot's	246
rohr	246
romanov	246
roni	246
rosettes	246
royston	246
rsd	246
rtp	246
rtr	246
rupa	246
rvp	246
ryland	246
saarc	246
sailor's	246
salacious	246
salting	246
sandpiper	246
sangster	246
satanists	246
saute	246
saxena	246
scabbard	246
scapula	246
scherer	246
schindler's	246
screamin	246
scribner	246
sensationalist	246
seon	246
serbia's	246
sfs	246
shadowbanned	246
shand	246
shaqiri	246
shew	246
shimbun	246
shinn	246
sidearm	246
signpost	246
sinhala	246
siphoning	246
skatepark	246
skied	246
slicker	246
slurping	246
slyly	246
smi	246
snagging	246
snorlax	246
socorro	246
softcore	246
soiree	246
sont	246
sooooooo	246
soph	246
sounder	246
spaceman	246
spars	246
spearman	246
spenders	246
spiraled	246
splayed	246
spline	246
sportscaster	246
spratt	246
springy	246
spritz	246
squirted	246
sram	246
standouts	246
statics	246
stax	246
steamboats	246
steelworkers	246
steinway	246
stepbrother	246
stigmas	246
stocker	246
stomps	246
streaky	246
suc	246
sulaiman	246
sundial	246
suo	246
supranational	246
svc	246
sydenham	246
sym	246
symmetries	246
sympathized	246
taoiseach	246
tastier	246
tbr	246
tehreek	246
telegraphy	246
telekinesis	246
telematics	246
telepathically	246
terrifyingly	246
territory's	246
thoroughbreds	246
thoroughness	246
throttled	246
tiktok	246
tills	246
timelapse	246
timescales	246
tinkling	246
tinsley	246
tiramisu	246
tnc	246
tng	246
toasters	246
toothpicks	246
tower's	246
tpm	246
tq	246
trainspotting	246
tranche	246
transplanting	246
trashcan	246
travelogue	246
triathlete	246
trine	246
trix	246
trollope	246
trumpeting	246
tsc	246
tumblers	246
turan	246
turley	246
ucas	246
uj	246
undersigned	246
underused	246
unep	246
unionize	246
untraceable	246
urbane	246
uther	246
valladolid	246
villanueva	246
volcanism	246
volte	246
waldman	246
waltzing	246
warsi	246
wayans	246
waze	246
weatherford	246
webb's	246
webmd	246
welby	246
welter	246
wiesbaden	246
willingham	246
windowless	246
winky	246
wishart	246
woh	246
wolfman	246
woodwind	246
woop	246
worldcat	246
wracked	246
wrongdoings	246
wsb	246
yc	246
yehuda	246
yuba	246
yuko	246
yusef	246
zaragoza	246
zebrafish	246
zetas	246
zimmerman's	246
zootopia	246
zr	246
abdulaziz	245
absolutism	245
abutting	245
academicians	245
accomodate	245
accrington	245
adorno	245
afrique	245
afterschool	245
aikman	245
aipac	245
akan	245
akane	245
alcantara	245
aldehyde	245
alexi	245
allis	245
allison's	245
allstars	245
alstom	245
alu	245
ambit	245
analytica	245
andretti	245
anemones	245
angsty	245
anyones	245
apb	245
appeased	245
appreciably	245
archer's	245
archiv	245
arcing	245
arnott	245
arrhythmias	245
arrowheads	245
arsenio	245
arthritic	245
ascents	245
asis	245
asterix	245
astigmatism	245
audiophile	245
audley	245
avast	245
avp	245
bacall	245
backgammon	245
badu	245
bair	245
bangladesh's	245
bapu	245
barbarity	245
barrett's	245
bart's	245
baseballs	245
basta	245
bax	245
beast's	245
begone	245
belie	245
believeth	245
benidorm	245
berlioz	245
bernardi	245
biol	245
birdcage	245
birthmark	245
bisping	245
bisque	245
bitched	245
bjork	245
bjp's	245
blackfoot	245
bladders	245
blanketed	245
bloemfontein	245
blotches	245
bmd	245
bolshevism	245
bonnets	245
botulism	245
boxcar	245
boykin	245
brandis	245
brandywine	245
brennan's	245
brewer's	245
brickell	245
brougham	245
browner	245
brzezinski	245
builder's	245
busquets	245
cabral	245
cagayan	245
cagney	245
cajon	245
calvin's	245
calyx	245
canadensis	245
candelabra	245
cannula	245
canteens	245
cantona	245
cantrell	245
cardwell	245
carell	245
carlile	245
carrefour	245
cartwheel	245
cascadia	245
catchphrases	245
cavite	245
caxton	245
cdf	245
centaurs	245
charlottetown	245
chauhan	245
checkups	245
chronos	245
chumps	245
cicely	245
cincy	245
citron	245
claudine	245
clef	245
clothesline	245
coarsely	245
codification	245
codon	245
coetzee	245
commending	245
conant	245
congregated	245
consortia	245
contusion	245
corazon	245
corns	245
corsican	245
cortina	245
counsel's	245
couplers	245
cradling	245
cranny	245
cretin	245
crittenden	245
crosstown	245
ctl	245
cultivates	245
customisation	245
cyberattacks	245
dafuq	245
danielson	245
dashwood	245
data's	245
dayan	245
dcp	245
deadlocked	245
deal's	245
debrief	245
deflects	245
dehradun	245
delacroix	245
delbert	245
delighting	245
delimitation	245
delores	245
deniability	245
deplored	245
deployable	245
derek's	245
desertification	245
detonators	245
deviance	245
dialling	245
diastolic	245
dictum	245
dier	245
dima	245
direction's	245
disbursements	245
disclaimers	245
distro	245
disunity	245
dme	245
dnf	245
dof	245
dono	245
dop	245
dube	245
duller	245
ecliptic	245
effusive	245
egging	245
ekiti	245
elbowed	245
ellwood	245
elmwood	245
elohim	245
embalmed	245
embarassed	245
endocrinologist	245
ensconced	245
entrusting	245
envisages	245
equidistant	245
erbil	245
erectus	245
erodes	245
esb	245
esd	245
estate's	245
etymological	245
evangelistic	245
evgeny	245
exacted	245
excusable	245
expendables	245
extolling	245
extroverted	245
fane	245
fausto	245
faxes	245
fc's	245
feldspar	245
fellini	245
ferg	245
fianna	245
filer	245
finalise	245
finicky	245
firenze	245
flatbread	245
flexes	245
flight's	245
floridians	245
flynt	245
fonte	245
footscray	245
formers	245
formless	245
fossilised	245
foxconn	245
fractals	245
frankenstein's	245
fredericks	245
fuhrer	245
gamepad	245
gameplan	245
gamora	245
gauri	245
gazillion	245
ghb	245
ghraib	245
giffords	245
glasgow's	245
glazes	245
glutton	245
go's	245
goldstone	245
goner	245
gongs	245
gorky	245
grantee	245
grata	245
grooving	245
guardrail	245
guerin	245
gulen	245
gunk	245
gz	245
haida	245
handers	245
handicapping	245
harries	245
harrigan	245
harwich	245
hasselhoff	245
hcc	245
hersh	245
heseltine	245
hikari	245
hisham	245
hitchcock's	245
hitches	245
hitmen	245
hogue	245
honeys	245
hoots	245
hotchkiss	245
housekeepers	245
hplc	245
hsr	245
humanize	245
hungerford	245
huo	245
hurries	245
hypnotism	245
hyrule	245
id'd	245
ilia	245
illiberal	245
ilm	245
immunizations	245
impressionistic	245
infiltrates	245
initialize	245
internationalism	245
intersectionality	245
intertidal	245
intimates	245
ironwood	245
isoforms	245
jobe	245
johny	245
joubert	245
jsc	245
jstor	245
jyp	245
kaley	245
kargil	245
keeling	245
kelleher	245
keppel	245
kesler	245
kiddy	245
kidz	245
kiernan	245
kilowatts	245
kimble	245
kindled	245
kirkcaldy	245
kirsch	245
klein's	245
kleiner	245
knockin	245
kolb	245
kombucha	245
krabs	245
kray	245
krupp	245
kuma	245
labelle	245
lacklustre	245
lak	245
lattices	245
layman's	245
leake	245
legg	245
lesbianism	245
letterpress	245
lexis	245
lignin	245
limber	245
littlejohn	245
llb	245
localisation	245
locos	245
londoner	245
lonergan	245
longstreet	245
longwood	245
lucidity	245
lusting	245
lynn's	245
macaques	245
macedonians	245
machen	245
macneil	245
mailers	245
majestically	245
malawian	245
mancuso	245
mantelpiece	245
marley's	245
massager	245
matchless	245
materialised	245
matterhorn	245
maus	245
maxilla	245
mcinnes	245
mckellen	245
mcvey	245
meanders	245
meerut	245
megabytes	245
mennonites	245
metalwork	245
microbiological	245
mikasa	245
milkweed	245
millenials	245
milligram	245
minimised	245
ministered	245
minoan	245
minstrels	245
mobile's	245
mobius	245
moen	245
morgenstern	245
mortifying	245
morton's	245
motioned	245
motorcycling	245
mouldings	245
mtf	245
multibillion	245
multicellular	245
mutes	245
mutilate	245
mwc	245
mycelium	245
myfitnesspal	245
nagorno	245
natale	245
necropolis	245
negligently	245
nemanja	245
nepal's	245
newgate	245
nig	245
nkrumah	245
noche	245
nokia's	245
noncompliance	245
northcote	245
novus	245
nowell	245
nubia	245
nuit	245
numbed	245
nylons	245
nyquist	245
ocarina	245
octavio	245
odometer	245
offloading	245
ohl	245
optus	245
orthodontic	245
otf	245
outfitting	245
outperforms	245
outrages	245
overstating	245
pabst	245
paged	245
papa's	245
papas	245
pappu	245
parrott	245
pashto	245
pata	245
patriarchate	245
pav	245
penmanship	245
perc	245
perce	245
percussionist	245
perfunctory	245
pet's	245
petsmart	245
pfi	245
phenyl	245
philological	245
photojournalism	245
pickwick	245
pilbara	245
pinckney	245
pindar	245
piraeus	245
pitying	245
pixelated	245
plp	245
pluses	245
pok	245
poodles	245
poor's	245
populus	245
portillo	245
prater	245
presidencies	245
prise	245
proline	245
prostheses	245
protestor	245
purim	245
putts	245
pva	245
pyotr	245
quartzite	245
quietness	245
rabi	245
radiologists	245
rak	245
rakhine	245
rakuten	245
ramayana	245
ramsgate	245
raring	245
reformatory	245
regi	245
reprinting	245
reprising	245
repudiate	245
resonators	245
restaurateurs	245
retinopathy	245
revelatory	245
rewire	245
rfi	245
rinaldo	245
ringtones	245
rinpoche	245
roadworks	245
rosedale	245
russet	245
saboteurs	245
salva	245
samplers	245
sceptics	245
scilly	245
scuff	245
scylla	245
sdc	245
sellin	245
servile	245
sesh	245
seth's	245
shagging	245
shamanism	245
shark's	245
sheepdog	245
shivaji	245
shlomo	245
shoshone	245
shunting	245
shutouts	245
sibyl	245
sikes	245
silverton	245
simmered	245
simonds	245
skidmore	245
skokie	245
sku	245
slavers	245
slaving	245
smartwatches	245
smarty	245
smelters	245
snores	245
sohn	245
solent	245
soliloquy	245
someway	245
somthing	245
sonically	245
soothed	245
soylent	245
spats	245
specious	245
speight	245
spews	245
squeaked	245
staggers	245
stepsister	245
steubenville	245
stradivarius	245
strategize	245
streetlights	245
studebaker	245
sucre	245
superconductors	245
supremes	245
swatting	245
swf	245
switzer	245
synoptic	245
taha	245
tannin	245
tantalum	245
tati	245
telethon	245
ten's	245
tgs	245
therefrom	245
thracian	245
thumper	245
thundered	245
tilton	245
tithing	245
tmnt	245
tmo	245
tmr	245
tonality	245
topmost	245
transients	245
trembles	245
trowel	245
tshirts	245
turbans	245
tvn	245
tweety	245
twinkies	245
tz	245
unaccustomed	245
unawares	245
universalism	245
unlearn	245
unscrew	245
unsub	245
valance	245
ved	245
ventriloquist	245
verticals	245
vesper	245
vfr	245
vied	245
vig	245
viggo	245
vma	245
vociferous	245
voles	245
waders	245
wails	245
walford	245
wanderings	245
weft	245
weinberger	245
wellies	245
wester	245
wey	245
whereof	245
whirring	245
windings	245
winston's	245
witte	245
wollaston	245
woodall	245
workflows	245
worshipper	245
xb	245
xj	245
yaz	245
yosef	245
ytd	245
zachariah	245
zambezi	245
zapped	245
zippo	245
zirconium	245
zor	245
abbe	244
abrasives	244
absurdities	244
acad	244
academician	244
acetylene	244
acidosis	244
actuation	244
adani	244
adelaide's	244
adrenergic	244
airbrushed	244
aliphatic	244
alkaloid	244
alles	244
altima	244
amano	244
amendola	244
amide	244
amjad	244
anesthetics	244
anika	244
annexes	244
anticancer	244
approximating	244
aqaba	244
arapahoe	244
ardently	244
ariza	244
armchairs	244
arrogantly	244
ashfield	244
assiduously	244
astronautics	244
asv	244
asw	244
atb	244
ayodhya	244
baggins	244
baltics	244
bamboozled	244
banderas	244
barroso	244
bassey	244
basso	244
bausch	244
beaconsfield	244
beatdown	244
beatz	244
beckford	244
belafonte	244
bendix	244
benelux	244
benjy	244
berate	244
biomechanical	244
bishkek	244
blithely	244
blockades	244
blockading	244
bloodlust	244
blotter	244
blowouts	244
bolt's	244
bool	244
borisov	244
bowdoin	244
brabant	244
brambles	244
brayden	244
bremner	244
bridge's	244
bridgwater	244
brigid	244
brimmed	244
brodeur	244
broil	244
brokaw	244
bromine	244
bucolic	244
bunga	244
bure	244
bushfires	244
buttresses	244
buyouts	244
calabar	244
calibrating	244
cals	244
calving	244
camara	244
cantata	244
carli	244
carlsberg	244
castlevania	244
centrelink	244
cer	244
cespedes	244
cest	244
chanced	244
channelling	244
charon	244
chartreuse	244
chowk	244
christmases	244
cilla	244
clapp	244
claro	244
cleland	244
cloudflare	244
cmi	244
cocksucker	244
codecs	244
colonialist	244
colter	244
combust	244
commercialism	244
compulsively	244
concretely	244
congruence	244
conseil	244
coochie	244
cosmonauts	244
cowles	244
cpsu	244
crown's	244
cruyff	244
culkin	244
cumulatively	244
customise	244
cve	244
cyanobacteria	244
cynics	244
daa	244
dall	244
dansk	244
darkseid	244
darkside	244
dato	244
dears	244
deflating	244
deflationary	244
delany	244
demigod	244
desantis	244
descents	244
desh	244
didst	244
dilate	244
discos	244
disinfecting	244
diuretics	244
dmk	244
dolled	244
dray	244
dtc	244
dukakis	244
duomo	244
duopoly	244
dynamos	244
eddies	244
edgardo	244
edgeworth	244
edifying	244
eggshells	244
ellesmere	244
emanated	244
emr	244
enslaving	244
entombed	244
epicentre	244
equivalently	244
era's	244
erasers	244
etheridge	244
evaluators	244
evita	244
excitatory	244
eyepiece	244
facies	244
fau	244
feingold	244
fenix	244
fiddly	244
filo	244
fluvial	244
fnatic	244
foci	244
fomc	244
fop	244
forgoing	244
forme	244
forsberg	244
fourfold	244
fpv	244
frack	244
frankincense	244
freese	244
frere	244
ftm	244
futbol	244
galician	244
gambles	244
gasification	244
gass	244
gatlin	244
gav	244
gehrig	244
geosciences	244
gerbil	244
getters	244
geyer	244
giddings	244
gimmicky	244
gorgeously	244
gossamer	244
gramercy	244
grantees	244
greinke	244
grillo	244
gruel	244
gtp	244
gua	244
gun's	244
hakan	244
ham's	244
happenstance	244
harbouring	244
harkins	244
harold's	244
harried	244
harriers	244
hbs	244
headcount	244
heartthrob	244
heaved	244
hellas	244
helsing	244
helvetica	244
hesitantly	244
heuer	244
hmph	244
hoarders	244
hockney	244
hodgkin's	244
holdout	244
honoree	244
horsley	244
hosni	244
humorist	244
hyaluronic	244
hydrates	244
hydrologic	244
hyphae	244
ident	244
idyll	244
ihr	244
ikon	244
illusionist	244
impeller	244
implantable	244
imt	244
inattentive	244
indent	244
indiscreet	244
indium	244
integrations	244
janos	244
jibe	244
jose's	244
joule	244
jst	244
julian's	244
kaitlin	244
kalashnikov	244
kaos	244
keef	244
kenzo	244
ketogenic	244
khawaja	244
kikuyu	244
kingsway	244
kishore	244
kissy	244
kitted	244
kiva	244
kneed	244
knickerbocker	244
knifed	244
koa	244
kony	244
kz	244
ladyboy	244
lamina	244
lanark	244
landes	244
landy	244
lapierre	244
lapointe	244
larks	244
lasse	244
leaver	244
leckie	244
lectern	244
leftwing	244
legionnaires	244
lemuel	244
leos	244
leticia	244
lett	244
levying	244
leyla	244
limos	244
linda's	244
loach	244
loyally	244
luang	244
lulz	244
lurie	244
luttrell	244
lyall	244
lyles	244
macarena	244
maclaren	244
macrophage	244
magnetization	244
magnussen	244
mahayana	244
maketh	244
mangan	244
mariel	244
marionette	244
marouane	244
masochist	244
masturbated	244
mbappe	244
mccartney's	244
mckeon	244
mct	244
megyn	244
memorise	244
merrell	244
meshed	244
meyer's	244
microcontroller	244
microfiber	244
milosevic	244
mimo	244
miserables	244
mismatches	244
mitterrand	244
moca	244
modulators	244
molesters	244
momento	244
morose	244
morte	244
mujeres	244
mukhtar	244
multilayer	244
multiplexing	244
multnomah	244
mungo	244
munition	244
nascar's	244
naughton	244
negra	244
neruda	244
newquay	244
noes	244
nonce	244
nudges	244
numerology	244
o'bannon	244
o'dwyer	244
ocasio	244
olli	244
oncologists	244
ondo	244
oprah's	244
optimistically	244
orlov	244
orly	244
orme	244
oroville	244
ottawa's	244
oud	244
outpaced	244
overdosing	244
overstepping	244
pacifists	244
paddies	244
paediatrics	244
pairwise	244
pally	244
param	244
parkman	244
passenger's	244
peddlers	244
pedestals	244
pendragon	244
pentagon's	244
permaculture	244
petronas	244
pharaoh's	244
philbin	244
philosophic	244
phoneme	244
phonemic	244
physiologic	244
picasso's	244
pimped	244
pkg	244
plebeian	244
ploughs	244
poindexter	244
popo	244
possums	244
precession	244
preempt	244
prefectural	244
prichard	244
primavera	244
propositional	244
publicists	244
pummeled	244
purina	244
qadri	244
quatre	244
quincey	244
racquetball	244
radiographic	244
railroading	244
ralph's	244
ramblers	244
ramiro	244
ranchi	244
rationalizing	244
rayo	244
raz	244
ream	244
rebecca's	244
redder	244
refractor	244
regent's	244
regrow	244
remotest	244
repels	244
repositioned	244
retorts	244
retrievers	244
reuter	244
revaluation	244
riflemen	244
riposte	244
rive	244
rls	244
roark	244
robbo	244
robertson's	244
rocketing	244
rockport	244
roden	244
rosales	244
rosemont	244
roubaix	244
rowlands	244
ruf	244
ryback	244
saddening	244
sailings	244
sainthood	244
salud	244
salutation	244
sandisk	244
sapper	244
scandinavians	244
sciatic	244
scopus	244
scotiabank	244
screwball	244
seale	244
sekai	244
selah	244
semantically	244
semple	244
serums	244
sessile	244
settee	244
shami	244
shannon's	244
shastri	244
shelbyville	244
sherbrooke	244
shi'ite	244
shigeru	244
shogunate	244
shure	244
shylock	244
sidon	244
sikorsky	244
sindhu	244
singularities	244
skewered	244
skimmer	244
slaughterhouses	244
slivers	244
smithereens	244
smithson	244
snf	244
snorkelling	244
socials	244
sodden	244
soli	244
southall	244
specie	244
speechwriter	244
spillage	244
spiritualist	244
spo	244
srebrenica	244
srm	244
sso	244
stabilising	244
stalinism	244
steamships	244
stiglitz	244
stinker	244
stipends	244
stirrup	244
stockdale	244
strangler	244
strasser	244
subgenre	244
subplots	244
succumbs	244
sultanate	244
sunlit	244
superbike	244
supers	244
suppressive	244
suva	244
swoops	244
synchronicity	244
syncs	244
syrah	244
tabular	244
tawdry	244
technics	244
temecula	244
thalamus	244
theater's	244
thibault	244
threshing	244
throngs	244
thwaites	244
tigre	244
timex	244
tns	244
torchlight	244
touristic	244
transl	244
transom	244
transsexuals	244
trigonometric	244
tunics	244
tuple	244
tupper	244
twiggy	244
typefaces	244
tyson's	244
uic	244
uncountable	244
unearthly	244
unfashionable	244
unlit	244
unpainted	244
unpaved	244
updike	244
usagi	244
vandalised	244
vanya	244
vba	244
velour	244
verbose	244
verging	244
vespers	244
vilify	244
virility	244
wahhabi	244
walsingham	244
wam	244
warps	244
wasatch	244
weeden	244
weightlifter	244
westley	244
wilber	244
wildlings	244
wilford	244
windswept	244
winsor	244
wisps	244
wod	244
woodcuts	244
wozniacki	244
wrested	244
xiamen	244
yamazaki	244
yogyakarta	244
yohan	244
zakaria	244
zakir	244
zoltan	244
zookeeper	244
abbots	243
abcd	243
abramovich	243
absolutes	243
acheson	243
acknowledgements	243
acoustically	243
adelson	243
affine	243
afflict	243
agee	243
agronomy	243
ahern	243
aic	243
alexandrian	243
alhaji	243
alka	243
allegany	243
amerika	243
andriy	243
anp	243
anushka	243
apotheosis	243
arron	243
arti	243
astrazeneca	243
aught	243
augie	243
aurelio	243
autologous	243
ayo	243
babylonians	243
backcourt	243
bagh	243
bandmate	243
bantamweight	243
barrens	243
barty	243
bassline	243
bataan	243
bechtel	243
beetlejuice	243
belay	243
bellinger	243
belter	243
benzodiazepine	243
beth's	243
bethnal	243
biomaterials	243
birthdate	243
blackett	243
blacklisting	243
blankenship	243
blanking	243
blogspot	243
bloop	243
bluesy	243
bobsled	243
bonk	243
borland	243
botticelli	243
boudreau	243
boylston	243
brae	243
brawler	243
brenna	243
brokering	243
buffed	243
bullitt	243
bungled	243
bunn	243
bunsen	243
burdett	243
burl	243
buscemi	243
bushland	243
bustin	243
cafeterias	243
calamitous	243
calgary's	243
cam's	243
canard	243
capitalised	243
caraway	243
cardozo	243
castleford	243
catatonic	243
causally	243
ccf	243
cenozoic	243
centerville	243
centrifuges	243
cerevisiae	243
cgs	243
chiaki	243
chon	243
chromebooks	243
chrysostom	243
circuitous	243
clamouring	243
clin	243
cloistered	243
coast's	243
commonwealth's	243
commutation	243
concoct	243
conners	243
contoured	243
cooing	243
corbyn's	243
cordoned	243
cori	243
costar	243
coster	243
cotto	243
creedence	243
creosote	243
crumbly	243
cubits	243
cultists	243
curio	243
cushioning	243
cust	243
cuzco	243
dakotas	243
damon's	243
danni	243
dative	243
dcf	243
deadman	243
deathstroke	243
decentralisation	243
decolonization	243
defused	243
deke	243
deliverable	243
deluca	243
dendrites	243
deplore	243
depressingly	243
destitution	243
detective's	243
deville	243
dhamma	243
dili	243
dilma	243
dinh	243
disclaim	243
disillusion	243
distinctiveness	243
doldrums	243
dooku	243
dougal	243
dovetail	243
dramatization	243
dred	243
dressy	243
drew's	243
dubai's	243
dumbing	243
dunhill	243
durkin	243
eardrum	243
eastlake	243
ebt	243
ecotourism	243
eli's	243
ellicott	243
ellipsis	243
elvish	243
emoticon	243
empathise	243
emporia	243
encroached	243
encyclical	243
endeavored	243
endow	243
episode's	243
eschatology	243
evp	243
extorting	243
f's	243
falun	243
fawlty	243
fearfully	243
felines	243
firma	243
fishin	243
fleming's	243
fm's	243
folksy	243
fontainebleau	243
foramen	243
forecaster	243
forfeiting	243
formica	243
fosse	243
freemason	243
fron	243
frontpage	243
frum	243
functionalities	243
fundraise	243
funimation	243
gardenia	243
gazetteer	243
germanium	243
gianna	243
gild	243
glasshouse	243
gleeful	243
gluck	243
goggle	243
goldfinch	243
goldin	243
gord	243
grasps	243
greenest	243
guangxi	243
gutman	243
hairdryer	243
hank's	243
harmlessly	243
hasegawa	243
hawkish	243
hazlitt	243
heightening	243
heightens	243
hema	243
hemodialysis	243
hensley	243
heung	243
hewson	243
hia	243
hieroglyphs	243
hitchhiker's	243
hofstra	243
holdup	243
honked	243
hossain	243
hotlines	243
hotmail	243
hoverboard	243
hrd	243
humdrum	243
hunker	243
huy	243
ibu	243
icicle	243
ikeda	243
imager	243
imbalanced	243
impartially	243
impermeable	243
implanting	243
imprinting	243
inbetweeners	243
inborn	243
inductance	243
infallibility	243
infiltrators	243
inglorious	243
initialized	243
institutionalised	243
interstates	243
ints	243
iqs	243
ironies	243
irritants	243
isidore	243
italo	243
itm	243
izzo	243
jaan	243
jabbing	243
jadeja	243
janey	243
japonica	243
jarl	243
jeering	243
jessa	243
jokey	243
josephson	243
jostling	243
jungian	243
kagame	243
kakashi	243
kamp	243
kanata	243
kaori	243
kava	243
kellen	243
kem	243
keno	243
keren	243
knockers	243
korver	243
kostas	243
kou	243
krone	243
kuching	243
kudo	243
kui	243
kwa	243
labyrinthine	243
lahey	243
lambasted	243
lanzarote	243
lapels	243
laryngeal	243
lavery	243
laxmi	243
lbw	243
leaguer	243
leant	243
legalise	243
lela	243
lemongrass	243
leucine	243
lidia	243
lineal	243
lipman	243
litigate	243
livre	243
lloris	243
locke's	243
lockport	243
logins	243
longchamp	243
lubricate	243
lue	243
lugar	243
luminescent	243
lundgren	243
luther's	243
lysis	243
maar	243
macaque	243
machin	243
mackinac	243
madcap	243
maeda	243
maggi	243
mahendra	243
mainstays	243
mainwaring	243
malformation	243
manes	243
maquis	243
maritimes	243
marte	243
matric	243
mayall	243
mccaw	243
medan	243
mentalist	243
meso	243
metrical	243
metro's	243
micrometers	243
migos	243
mili	243
minder	243
mip	243
miranda's	243
misquoted	243
mmhg	243
mobley	243
moldings	243
mooch	243
morissette	243
morrill	243
mouldy	243
munger	243
munk	243
murph	243
museveni	243
musicality	243
musique	243
musky	243
muss	243
mwh	243
nablus	243
naf	243
nagaland	243
nando	243
nanomaterials	243
nassar	243
nastier	243
nata	243
nate's	243
neem	243
neuman	243
neutralise	243
newland	243
nikolas	243
nimoy	243
nissen	243
noona	243
noosa	243
northam	243
nour	243
ntv	243
nyc's	243
o'brian	243
o'meara	243
oca	243
octopuses	243
oms	243
onesies	243
oodles	243
orifices	243
ostriches	243
oto	243
overslept	243
oversupply	243
overwrite	243
painterly	243
palawan	243
pana	243
panel's	243
panna	243
pansies	243
paperless	243
patchouli	243
pearse	243
pelting	243
perennially	243
perforations	243
pericles	243
petted	243
pharm	243
physicals	243
planed	243
plasmids	243
playmakers	243
plein	243
poetically	243
pohl	243
politique	243
pollinate	243
polymorphic	243
pomegranates	243
preds	243
professorial	243
propofol	243
psalter	243
pwr	243
qed	243
quaking	243
quando	243
quasar	243
quickening	243
qvc	243
rafale	243
rager	243
rainmaker	243
ramsay's	243
ramshackle	243
ranbir	243
randoms	243
rcm	243
redecorating	243
reenter	243
reformulated	243
refrains	243
rehired	243
rend	243
renzi	243
repos	243
resistivity	243
resourced	243
ridgefield	243
rien	243
rightist	243
ringers	243
ripoff	243
rippled	243
risque	243
robed	243
roman's	243
romulan	243
romy	243
rowntree	243
rrsp	243
rugrats	243
ruthie	243
sacrilegious	243
sacrosanct	243
sancti	243
sandbag	243
sated	243
scabies	243
scania	243
scatters	243
scf	243
schadenfreude	243
schaumburg	243
schleswig	243
searcher	243
sector's	243
sevenoaks	243
shakeup	243
sheaves	243
shinichi	243
sigourney	243
sigrid	243
silvester	243
singe	243
skateboarder	243
skynyrd	243
skytrain	243
slurring	243
smokehouse	243
snowmen	243
soir	243
solicitations	243
songbirds	243
soonest	243
sorcerer's	243
soundproof	243
southfield	243
spacewalk	243
spay	243
spouse's	243
sprig	243
sprigs	243
spyro	243
srl	243
steppin	243
steuben	243
stimson	243
stine	243
stockmarket	243
straddled	243
strava	243
streatham	243
stuttered	243
sudan's	243
sudo	243
suet	243
sunburned	243
supremo	243
sutras	243
swatted	243
sways	243
swum	243
tablecloths	243
tallow	243
talmudic	243
tamoxifen	243
tardiness	243
tarry	243
tartarus	243
tate's	243
teeter	243
tei	243
telomeres	243
temporally	243
testis	243
teva	243
theatrically	243
thibaut	243
thistles	243
threadbare	243
tigray	243
tir	243
tolman	243
tomasz	243
toughened	243
tourette's	243
toyo	243
trae	243
transgendered	243
transliteration	243
tremaine	243
tren	243
trilateral	243
trini	243
truant	243
trudged	243
truex	243
tseng	243
tudors	243
turnstiles	243
twi	243
tyndale	243
udo	243
ummmm	243
umno	243
unblemished	243
uncircumcised	243
underemployed	243
undertow	243
unmasking	243
unravelling	243
unshakable	243
vagrants	243
varela	243
verbiage	243
voigt	243
vostok	243
vulcans	243
wacker	243
wailed	243
waleed	243
waterville	243
way's	243
weakling	243
webpages	243
weightlessness	243
weis	243
welland	243
willcox	243
windpipe	243
wks	243
wma	243
yarder	243
yelena	243
ypsilanti	243
yurt	243
yusuke	243
zweig	243
abby's	242
abhi	242
abington	242
abscesses	242
accutane	242
acquiesced	242
actu	242
addington	242
adha	242
adn	242
adolphe	242
afore	242
afzal	242
ahah	242
ainsley	242
alena	242
aliyev	242
alums	242
alwyn	242
amf	242
androgens	242
anecdotally	242
anticoagulant	242
antipsychotics	242
antonov	242
appellants	242
apprehending	242
aqueducts	242
aquitaine	242
arabica	242
arbitral	242
archeologist	242
ardennes	242
arndt	242
aromatics	242
artic	242
aspergers	242
asshat	242
astrocytes	242
aubry	242
awakes	242
awami	242
backwaters	242
baha	242
baikal	242
bakker	242
bakshi	242
ballymena	242
banality	242
barangay	242
barbarossa	242
basilisk	242
bazaars	242
bbe	242
benetton	242
benue	242
bergdahl	242
betrayals	242
bettie	242
bint	242
biologics	242
biopharmaceutical	242
bipedal	242
bitmap	242
blackmon	242
blas	242
blinkers	242
blooper	242
bludgeoned	242
boggy	242
boners	242
boogers	242
booklist	242
bracknell	242
brainard	242
breakable	242
breathlessly	242
brescia	242
brubaker	242
bulldozed	242
burgesses	242
buzzes	242
byzantines	242
cadmus	242
calibers	242
canaanite	242
carbons	242
cardin	242
cardoso	242
carting	242
castello	242
castilian	242
catastrophically	242
catriona	242
central's	242
centralize	242
cession	242
chadian	242
chakraborty	242
chamonix	242
chaplaincy	242
cheong	242
chided	242
chippendale	242
churchman	242
circuit's	242
claymore	242
cocteau	242
coercing	242
collate	242
colonia	242
colonic	242
commissariat	242
compacts	242
condi	242
conic	242
consecrate	242
constitution's	242
contingents	242
conway's	242
corinna	242
corrector	242
corticosteroid	242
corvus	242
couldve	242
counterparty	242
crier	242
cringeworthy	242
cuckoo's	242
cuda	242
dale's	242
danby	242
datta	242
dau	242
ddp	242
deena	242
defender's	242
deion	242
demeter	242
demille	242
denigrating	242
denouement	242
dines	242
dissociated	242
divisor	242
dixon's	242
doane	242
donovan's	242
dorcas	242
dorsett	242
dosent	242
dower	242
draughtsman	242
ductile	242
duelling	242
duk	242
dvd's	242
eardrums	242
earthworm	242
ebbing	242
eberhard	242
ecchi	242
eccleston	242
eclampsia	242
emmanuelle	242
employable	242
encino	242
enmeshed	242
enquiring	242
entertainment's	242
equips	242
erb	242
estrogens	242
euphemisms	242
evades	242
evicting	242
ewald	242
exaggerations	242
exertions	242
exhaustively	242
exhibitionist	242
exhorted	242
faun	242
felder	242
ferraro	242
ferrier	242
fertilisers	242
festa	242
ficus	242
fieldhouse	242
fieri	242
fils	242
fiore	242
fitters	242
fleurs	242
fluoridation	242
fluttered	242
flyweight	242
fpc	242
freakishly	242
frenchie	242
fresnel	242
frictional	242
frito	242
futa	242
gaf	242
ganging	242
gau	242
geldof	242
genet	242
geng	242
genovese	242
gerais	242
ghats	242
gish	242
gladwell	242
glans	242
glas	242
glues	242
goering	242
gonads	242
greville	242
grounder	242
gullet	242
gustafsson	242
hafeez	242
hake	242
hamada	242
hammerstein	242
hansen's	242
haringey	242
hartnell	242
havilland	242
helle	242
helton	242
herbst	242
hexadecimal	242
highbrow	242
hillock	242
hime	242
hippocratic	242
hmg	242
hmmmmm	242
hollered	242
hombres	242
homesickness	242
homoerotic	242
hooliganism	242
hufflepuff	242
huguenot	242
huguenots	242
humberside	242
hundredths	242
hydroponic	242
hyperbaric	242
hyperlink	242
i'l	242
ibe	242
ibra	242
icahn	242
idealists	242
ifi	242
ily	242
imbue	242
impressionists	242
inattention	242
inconsistently	242
incubating	242
industrie	242
inquisitors	242
institutionally	242
intelligencer	242
interning	242
interpretative	242
invariance	242
invariants	242
investor's	242
ipsa	242
ironworks	242
isiah	242
iter	242
jahan	242
jaina	242
janesville	242
jaywalking	242
jenga	242
jinks	242
joomla	242
judiciously	242
junky	242
kachin	242
kamui	242
kandinsky	242
karenina	242
kas	242
kdp	242
khabib	242
kiera	242
kilts	242
kinematic	242
kingfishers	242
kitty's	242
knightly	242
kovalev	242
kuznetsov	242
lassiter	242
latakia	242
lazier	242
leptin	242
ler	242
libtard	242
likenesses	242
likening	242
liquefaction	242
lisburn	242
lithuanians	242
litigious	242
lmaooo	242
loe	242
lomas	242
lookouts	242
loosens	242
loras	242
lou's	242
louis's	242
lumiere	242
lymphoid	242
lyndhurst	242
machida	242
maddux	242
madoka	242
maersk	242
magistrate's	242
maitre	242
mallett	242
manhandled	242
mann's	242
maro	242
marshalling	242
maryville	242
masaki	242
masochism	242
mathur	242
maximization	242
maybach	242
mayberry	242
mc's	242
mcalister	242
mccomb	242
mcdougal	242
mckean	242
mcshane	242
mel's	242
meldrum	242
mendelson	242
mendenhall	242
meo	242
meridians	242
metamorphoses	242
midcentury	242
migs	242
milla	242
misalignment	242
misheard	242
mistreating	242
mnf	242
mo's	242
mochi	242
mohair	242
moloch	242
monarchist	242
moni	242
montgomerie	242
moocs	242
moos	242
moroccans	242
moustaches	242
mse	242
msr	242
muirhead	242
multicolor	242
munir	242
murrow	242
mutineers	242
mutts	242
mykola	242
myrna	242
narita	242
nauseated	242
nazi's	242
nema	242
neri	242
nestling	242
neuropsychological	242
nevill	242
newcombe	242
niel	242
nishikori	242
nitroglycerin	242
noobs	242
noooooo	242
nsx	242
nucleation	242
nusa	242
o'farrell	242
oan	242
oig	242
ojo	242
oldenburg	242
onedrive	242
oracle's	242
orbis	242
orin	242
oscillate	242
oshawa	242
oster	242
oswalt	242
outa	242
outpace	242
overhearing	242
ovoid	242
padi	242
paf	242
panetta	242
panoramas	242
pardoning	242
parsnips	242
pasternak	242
pastrami	242
patios	242
pauley	242
pbuh	242
peacemakers	242
pectin	242
pepper's	242
perla	242
pernambuco	242
philippi	242
pilsner	242
pitta	242
plait	242
plantagenet	242
plummets	242
pogue	242
poldark	242
poring	242
portly	242
postmarked	242
preoccupations	242
prequels	242
prerecorded	242
presale	242
pret	242
pricewaterhousecoopers	242
proffered	242
propulsive	242
provincetown	242
psb	242
pua	242
puppetry	242
quicktime	242
reactionaries	242
readies	242
readmitted	242
recant	242
recognitions	242
redoubt	242
reenact	242
regimented	242
reignited	242
reinterpreted	242
resuscitated	242
returnable	242
reverberation	242
ribosome	242
richfield	242
rightmove	242
rioja	242
roby	242
rocky's	242
rosslyn	242
roush	242
rowling's	242
roxie	242
rpt	242
rupaul's	242
ruslan	242
rwd	242
sailboats	242
samadhi	242
sandow	242
sanitize	242
sankey	242
sascha	242
saunas	242
savoring	242
scapegoating	242
schloss	242
schulman	242
scoffing	242
scrambler	242
scrapers	242
scrivener	242
sebi	242
sectionals	242
seers	242
seg	242
seligman	242
separators	242
serialization	242
shah's	242
shawna	242
sheaths	242
sheepish	242
sherrod	242
shevchenko	242
shindig	242
shuster	242
shyam	242
shyly	242
signora	242
sinusitis	242
sistema	242
skint	242
slackers	242
smm	242
smorgasbord	242
snaked	242
snaking	242
sniffles	242
solzhenitsyn	242
somalian	242
soundwave	242
speculator	242
splintering	242
spoofed	242
spring's	242
squawk	242
squier	242
ssw	242
stabler	242
stache	242
stammering	242
startlingly	242
steinmetz	242
strafing	242
studien	242
sufficed	242
suffices	242
suge	242
suggs	242
sumer	242
supine	242
survivorship	242
svoboda	242
swt	242
sycophants	242
tannery	242
tard	242
taryn	242
tbt	242
technic	242
technocratic	242
teigen	242
temerity	242
tempera	242
teresa's	242
theodosius	242
throughs	242
thumped	242
tigress	242
tioga	242
tmt	242
torching	242
totems	242
towered	242
transgressive	242
trappist	242
traumatizing	242
tremolo	242
trike	242
trots	242
trudging	242
tsi	242
tsr	242
tweens	242
unadorned	242
undercuts	242
underscoring	242
ungainly	242
uninstalled	242
uprights	242
uscg	242
utf	242
velazquez	242
venmo	242
vesicle	242
vinci's	242
vintages	242
virgin's	242
visconti	242
vite	242
vy	242
wales's	242
walthamstow	242
wardle	242
warfield	242
weeklies	242
weevils	242
westview	242
wildcards	242
wildlands	242
wincing	242
wispy	242
witter	242
worsted	242
wreaked	242
wrx	242
wwdc	242
xray	242
yessss	242
yj	242
yy	242
zaheer	242
zardari	242
zoot	242
aaas	241
aaf	241
abdulla	241
abet	241
aborting	241
abounded	241
acf	241
ached	241
acolyte	241
adela	241
adorably	241
adulterated	241
airfoil	241
aldean	241
alito	241
alk	241
alts	241
amoled	241
amputate	241
anally	241
aneurysms	241
anhydrous	241
annales	241
anselmo	241
anteriorly	241
aod	241
aqui	241
argan	241
argentines	241
arnt	241
arpaio	241
artemisia	241
ascap	241
asg	241
asphyxia	241
asturias	241
athol	241
attics	241
aubergine	241
availing	241
awestruck	241
awl	241
axillary	241
ayla	241
aza	241
backless	241
baha'i	241
bahr	241
ballinger	241
balustrade	241
banach	241
barbuda	241
barents	241
baron's	241
basie	241
bathers	241
bayview	241
beek	241
befits	241
begat	241
bernabeu	241
bernoulli	241
berserker	241
beveled	241
binging	241
biochem	241
blau	241
blinder	241
bloom's	241
blundell	241
bnsf	241
bohm	241
bohn	241
bonney	241
borderless	241
breaded	241
breivik	241
breslau	241
broods	241
broomfield	241
buccaneer	241
buffalo's	241
buisness	241
bulawayo	241
bulgaria's	241
bungle	241
burbs	241
bushwick	241
buti	241
bynes	241
cachet	241
cackle	241
calcification	241
calliope	241
campfires	241
cannabinoid	241
capoeira	241
cardholders	241
carmella	241
carplay	241
carstairs	241
casimir	241
catawba	241
caterham	241
changsha	241
chaperones	241
churns	241
circe	241
civilly	241
clairvoyance	241
clemons	241
clickbank	241
clift	241
clinker	241
cloakroom	241
clotted	241
clu	241
coenzyme	241
cohan	241
collating	241
colonnade	241
colorway	241
columba	241
contraptions	241
convertibles	241
corded	241
coriolanus	241
cosplayer	241
coulthard	241
courtrooms	241
covina	241
cresswell	241
crossbows	241
cruella	241
cti	241
cultura	241
curacao	241
curbside	241
cutback	241
cutty	241
cyclin	241
dafoe	241
daredevils	241
deepa	241
deformations	241
degrassi	241
dentition	241
dermis	241
dfb	241
dht	241
diallo	241
dicking	241
difficile	241
diffusing	241
dimensionality	241
dimitar	241
dingell	241
disintegrates	241
disparaged	241
dispelling	241
disruptor	241
dissed	241
donor's	241
dowdy	241
dro	241
dropkick	241
dtm	241
duplicitous	241
effusion	241
eggman	241
eggnog	241
electromagnetism	241
elegiac	241
eliminator	241
elio	241
ellipses	241
ender's	241
engravers	241
enliven	241
ennui	241
epitomized	241
eredivisie	241
esf	241
espana	241
ethan's	241
euronews	241
excl	241
exorcise	241
experian	241
expropriated	241
extendable	241
factorization	241
factory's	241
fairbairn	241
fajr	241
falters	241
falwell	241
farmyard	241
faustus	241
feelers	241
ferb	241
fernanda	241
ferragamo	241
ferrante	241
fetishism	241
filmography	241
flagler	241
flatness	241
flaxseed	241
flayed	241
fleeced	241
flickered	241
flickers	241
foa	241
foamy	241
forevermore	241
foundling	241
franzen	241
fraunhofer	241
freemium	241
frequents	241
frivolity	241
fujita	241
fuqua	241
futurity	241
fuze	241
fwb	241
garrido	241
gayest	241
gev	241
ghar	241
ghoulish	241
gilbert's	241
gimli	241
gins	241
gogh's	241
goober	241
granby	241
grazie	241
grendel	241
griping	241
groomer	241
grudging	241
gsd	241
guang	241
hader	241
halperin	241
hamon	241
hants	241
hardcastle	241
hci	241
headhunters	241
heckled	241
helpdesk	241
hemophilia	241
herniated	241
hershel	241
hissy	241
hobble	241
hokage	241
honcho	241
hood's	241
hopkinson	241
howards	241
hp's	241
hsieh	241
hubei	241
humped	241
ibex	241
icicles	241
ideologue	241
illuminator	241
inconsolable	241
incrimination	241
indulges	241
ineffable	241
infant's	241
infuriate	241
interpolated	241
intramuscular	241
invective	241
invoicing	241
isomorphism	241
iterated	241
ivanovich	241
jacobean	241
jacobin	241
jacque	241
jago	241
jailbait	241
jammers	241
jaques	241
jeopardise	241
jerusalem's	241
jessy	241
jiggling	241
joan's	241
jost	241
journey's	241
juri	241
kankakee	241
kaohsiung	241
karsten	241
kash	241
keke	241
kennesaw	241
khaleesi	241
klimt	241
kluwer	241
knapsack	241
koster	241
kovac	241
kuch	241
kuta	241
lalo	241
lanceolate	241
lashley	241
lawrenceville	241
leashes	241
lebedev	241
libro	241
lier	241
linfield	241
littler	241
lockerbie	241
lozano	241
lpl	241
lucrezia	241
ludhiana	241
macdougall	241
madea	241
maester	241
magister	241
mahama	241
mahinda	241
maksim	241
malarkey	241
malone's	241
mangalore	241
mangos	241
maren	241
margaery	241
marsupial	241
masahiro	241
mcclaren	241
mdt	241
measurably	241
mechanization	241
melanogaster	241
memorably	241
menacingly	241
mensah	241
meriden	241
merman	241
mete	241
meuse	241
mexicana	241
mia's	241
miata	241
microtubules	241
migrates	241
mimosas	241
minami	241
mindblowing	241
minivans	241
minute's	241
misaligned	241
mita	241
mitzi	241
mmf	241
molson	241
mondrian	241
moneyed	241
monongahela	241
montgomery's	241
mooc	241
motivators	241
motorhome	241
mro	241
murcia	241
murmansk	241
muscovite	241
muskrat	241
mutable	241
mutating	241
nagle	241
nags	241
navratilova	241
nelle	241
netanyahu's	241
nett	241
nicene	241
nimitz	241
nisa	241
nisbet	241
nisi	241
nmda	241
nosferatu	241
notching	241
noth	241
npm	241
numan	241
o'mara	241
oberyn	241
obit	241
object's	241
ohno	241
omani	241
onassis	241
onna	241
oppenheim	241
opposition's	241
optician	241
optimists	241
orisa	241
orla	241
osvaldo	241
outdid	241
outsold	241
overcharging	241
overexpression	241
overshot	241
pacey	241
pacha	241
paean	241
parodying	241
parsnip	241
patria	241
patric	241
pawned	241
pcd	241
peal	241
peduncle	241
peeped	241
perak	241
petrobras	241
petrovich	241
pfs	241
picayune	241
piggies	241
pilipinas	241
placings	241
plantains	241
playset	241
pneumoniae	241
polyphonic	241
pompidou	241
positivism	241
preload	241
premeditation	241
premised	241
presidium	241
programing	241
promulgation	241
proofed	241
pru	241
punic	241
purnell	241
pwd	241
quadcopter	241
quiero	241
quieted	241
radnor	241
ramadi	241
rambles	241
rambunctious	241
rapturous	241
rauner	241
rayed	241
rcn	241
readmission	241
reaves	241
recedes	241
referee's	241
reflectivity	241
regen	241
reggio	241
reheated	241
reinvigorate	241
reinvigorated	241
reneged	241
repurpose	241
rer	241
reroute	241
retweeting	241
reuptake	241
rewatched	241
rickets	241
rocket's	241
ror	241
roundtrip	241
ruan	241
ruc	241
saka	241
salgado	241
salutary	241
sandhu	241
santee	241
sarbanes	241
satanist	241
sbr	241
schemas	241
schick	241
schlumberger	241
schmidt's	241
scientologists	241
scoffs	241
scrapbooking	241
sdsu	241
seagal	241
seaports	241
secreting	241
seddon	241
selfridges	241
seraph	241
serf	241
sexualities	241
shaanxi	241
shaders	241
shisha	241
shorthanded	241
shostakovich	241
showalter	241
shruti	241
sierras	241
simile	241
siphoned	241
sissies	241
sitar	241
situate	241
skillset	241
skipton	241
slushy	241
smoak	241
smth	241
smuts	241
snitching	241
snowshoe	241
sobel	241
sobered	241
solly	241
sonam	241
sonos	241
soule	241
soundscape	241
spangler	241
sperling	241
sportscar	241
spurrier	241
stacie	241
starc	241
stein's	241
sterling's	241
stillbirth	241
stipulating	241
storrs	241
strappy	241
stratus	241
stressor	241
striatum	241
stringers	241
stromal	241
stylings	241
sufism	241
sultana	241
superfoods	241
suraj	241
suss	241
svenska	241
svr	241
switchblade	241
talbott	241
tasered	241
tatts	241
tatyana	241
tcc	241
teed	241
teensy	241
temperaments	241
tenures	241
thanx	241
thei	241
thomason	241
thumps	241
tibial	241
tog	241
topside	241
torrington	241
totti	241
tradable	241
transportable	241
treetops	241
tremblay	241
trespasser	241
truism	241
trumbo	241
tsung	241
turnin	241
uhc	241
ultrasounds	241
unchangeable	241
unforced	241
unni	241
urethane	241
vacating	241
vaccinating	241
valletta	241
varus	241
velez	241
venti	241
ventricles	241
verges	241
vessel's	241
viber	241
vict	241
vigils	241
visualizations	241
vouched	241
voyeurism	241
vulgate	241
vz	241
wafting	241
wagoner	241
walmart's	241
wan't	241
wargaming	241
weeded	241
wgn	241
whisking	241
whiten	241
wiiu	241
wilf	241
wilting	241
wolfie	241
woodpeckers	241
woogie	241
wryly	241
xcx	241
yazidis	241
yazoo	241
yippee	241
your's	241
ysl	241
yume	241
zacharias	241
zandt	241
zesty	241
zoolander	241
zooplankton	241
zoro	241
zuni	241
aadhaar	240
aapl	240
abelian	240
abell	240
absolutist	240
abul	240
abyssinia	240
accel	240
acclamation	240
adiabatic	240
adria	240
advisement	240
afterword	240
ageism	240
agrawal	240
ahahaha	240
ahi	240
aib	240
air's	240
aliyah	240
allred	240
almeria	240
alphonso	240
altcoin	240
amaro	240
amazonia	240
amber's	240
americanized	240
ana's	240
analyte	240
anambra	240
ancona	240
andrej	240
anions	240
aphorisms	240
arman	240
arriba	240
arrington	240
arseholes	240
arvo	240
asceticism	240
ascorbic	240
asio	240
asli	240
asma	240
atacama	240
atg	240
atomizer	240
atwell	240
avo	240
ballers	240
ballooned	240
ballou	240
barbies	240
barden	240
bathes	240
battista	240
beachhead	240
befallen	240
begg	240
belgique	240
bellew	240
benjamin's	240
berm	240
bermondsey	240
bethenny	240
bhatia	240
bigtime	240
bikram	240
binned	240
biogenesis	240
birnbaum	240
bleating	240
bloodletting	240
blowtorch	240
bme	240
bo's	240
boban	240
bolan	240
bole	240
bonobos	240
boogaloo	240
botch	240
bowtie	240
boyband	240
breakpoint	240
brite	240
brouwer	240
brs	240
bsl	240
buckler	240
bugsy	240
burleson	240
burman	240
busi	240
buybacks	240
caesarea	240
cah	240
cambodia's	240
campbelltown	240
canonically	240
captcha	240
carbonation	240
carves	240
catskills	240
cauchy	240
ceaselessly	240
celina	240
chafe	240
chain's	240
chc	240
cherishing	240
chummy	240
cisterns	240
clt	240
clued	240
cluttering	240
coarser	240
coby	240
coley	240
colonials	240
colostomy	240
columnar	240
commercialisation	240
commercialize	240
compagnie	240
concepcion	240
concurs	240
conflate	240
conflation	240
conjunctions	240
conservatoire	240
conservators	240
constricting	240
contras	240
coots	240
copycats	240
corman	240
corrode	240
cota	240
cowed	240
crane's	240
crannies	240
crapped	240
creasing	240
croak	240
crowed	240
csn	240
cubism	240
cubist	240
cud	240
curriculums	240
cwt	240
cyclonic	240
dailey	240
dakota's	240
dalby	240
darrel	240
daunted	240
dda	240
deadlier	240
debater	240
debenhams	240
debits	240
decomposes	240
decrypted	240
dee's	240
defamed	240
defecate	240
densest	240
denys	240
depo	240
depositary	240
deprecation	240
depreciated	240
depreciating	240
deputation	240
deride	240
dervish	240
devereaux	240
devises	240
dewsbury	240
dietitians	240
diminution	240
dinklage	240
directorship	240
disaffection	240
discworld	240
dita	240
dming	240
dobbins	240
doms	240
donaghy	240
doren	240
downcast	240
drumpf	240
duck's	240
dufour	240
dutta	240
ecco	240
elena's	240
eluding	240
embarrasses	240
enameled	240
encumbered	240
endoplasmic	240
enlivened	240
enumerate	240
epigenetics	240
epochs	240
equanimity	240
equitably	240
eschewing	240
eurostat	240
evra	240
exasperating	240
exportation	240
expulsions	240
extents	240
extolled	240
extraterrestrials	240
fainter	240
fairweather	240
fangirl	240
farmworkers	240
fateh	240
fdny	240
feasted	240
fibroblast	240
fief	240
fighter's	240
finales	240
firebirds	240
fls	240
foment	240
formalised	240
fot	240
founds	240
fowler's	240
frantz	240
fraser's	240
frizz	240
frocks	240
fungicide	240
funnies	240
gacha	240
gallstones	240
ganda	240
gawk	240
gayatri	240
gendarmerie	240
genoese	240
geodesic	240
geostationary	240
giddens	240
ginormous	240
glaxosmithkline	240
gnp	240
goaded	240
goodfellow	240
gosport	240
gradation	240
gratings	240
grimaldi	240
gtav	240
guinevere	240
guizhou	240
gynaecologist	240
haar	240
hackneyed	240
hamed	240
hass	240
haya	240
heathcliff	240
heckle	240
hedda	240
henriques	240
herc	240
heriot	240
hermon	240
historicity	240
holdover	240
holyhead	240
honeydew	240
honeypot	240
horford	240
horsemanship	240
housewarming	240
howitzers	240
humberto	240
hustings	240
hutcherson	240
hypoxic	240
iib	240
ika	240
inboard	240
inched	240
incumbency	240
inducements	240
inelastic	240
ingle	240
inopportune	240
interscope	240
inxs	240
iow	240
jabez	240
jaco	240
jcpenney	240
jinxed	240
juni	240
junker	240
kalgoorlie	240
kann	240
kansai	240
karr	240
kasim	240
katanga	240
kearny	240
kehoe	240
kemble	240
ketosis	240
kevan	240
keystrokes	240
kharkov	240
kike	240
kiowa	240
kock	240
kwong	240
labial	240
lacquered	240
lagarde	240
landsat	240
lauper	240
lawley	240
lazuli	240
leaden	240
ledbetter	240
lefts	240
leicester's	240
lenin's	240
lenoir	240
lerman	240
levitating	240
lilacs	240
linseed	240
lithosphere	240
loafer	240
logue	240
lundberg	240
luongo	240
mache	240
madan	240
magic's	240
maiduguri	240
malformed	240
mammograms	240
manama	240
manilow	240
mannix	240
maplewood	240
marciano	240
mariko	240
markdown	240
marmot	240
matsui	240
maximally	240
mbt	240
mcauley	240
mcclatchy	240
mccool	240
mccullum	240
mcnaughton	240
mealy	240
meatless	240
mechanised	240
medtronic	240
melamine	240
menorah	240
methylated	240
microbiologist	240
minibar	240
minnelli	240
mintz	240
misaki	240
miscreants	240
missal	240
mlle	240
mna	240
mola	240
monogrammed	240
montego	240
moralistic	240
mordred	240
moreira	240
morgen	240
mouthwatering	240
mulroney	240
multimillionaire	240
musics	240
muskoka	240
mustering	240
naito	240
najaf	240
nanotube	240
naveen	240
nein	240
nightcap	240
nighty	240
northgate	240
nosebleeds	240
notaries	240
nowt	240
oakdale	240
obliterating	240
oceanfront	240
ocp	240
oestrogen	240
olivine	240
omagh	240
oom	240
orban	240
osb	240
oscilloscope	240
ospina	240
otherness	240
outsized	240
outstripped	240
overextended	240
overreaching	240
overspending	240
oxbridge	240
paddy's	240
pani	240
panto	240
partum	240
partway	240
pascual	240
paseo	240
patenting	240
pathologic	240
payin	240
peaceable	240
peacebuilding	240
peeved	240
peewee	240
penn's	240
penobscot	240
perfecto	240
perma	240
perpetrating	240
perron	240
pilgrim's	240
pink's	240
piper's	240
playthings	240
pleadings	240
pleiades	240
pln	240
plovdiv	240
pluripotent	240
podolski	240
pog	240
pogrom	240
posen	240
posi	240
predicates	240
presences	240
prioritised	240
prison's	240
programme's	240
prolongs	240
protip	240
provocatively	240
pul	240
puncher	240
purrs	240
pwm	240
qol	240
quelle	240
quinto	240
rabbit's	240
rachelle	240
racing's	240
rajendra	240
rasp	240
ratifying	240
ratna	240
rayne	240
rectifying	240
redemptions	240
reeder	240
rehabilitative	240
reignite	240
reince	240
repainting	240
repatriate	240
respawn	240
reticle	240
revd	240
reve	240
reverberating	240
rezoning	240
rfe	240
rhizome	240
ricin	240
ricky's	240
rimes	240
ritually	240
roadrunner	240
rogelio	240
rolla	240
rtf	240
saboteur	240
saison	240
samus	240
santas	240
sappho	240
saris	240
sauteed	240
scherzinger	240
schuman	240
scl	240
seawall	240
secondarily	240
shani	240
shapeshifter	240
shiki	240
shivered	240
shouldve	240
showgirl	240
silkworm	240
silliest	240
sinclair's	240
slags	240
slaver	240
slicked	240
smedley	240
smol	240
smollett	240
snooki	240
sofi	240
sog	240
sotto	240
soundgarden	240
soundstage	240
spatter	240
spaz	240
speared	240
spools	240
springdale	240
sqft	240
sro	240
stamos	240
stamper	240
steinem	240
stepper	240
stifles	240
stimulator	240
stopgap	240
stuckey	240
subiaco	240
subnet	240
sullied	240
sunblock	240
superconductor	240
superheated	240
supernovae	240
suppers	240
synchrony	240
taber	240
takagi	240
talcott	240
tamilnadu	240
taobao	240
taran	240
td's	240
telcos	240
teletubbies	240
tempts	240
tenable	240
tenzin	240
tga	240
thacker	240
thalidomide	240
thingies	240
thurgood	240
thurlow	240
tif	240
timbaland	240
timorese	240
tindall	240
tite	240
toluene	240
trainwreck	240
treadmills	240
trebek	240
trice	240
triglyceride	240
trillium	240
trinitarian	240
trudge	240
tuam	240
tweedy	240
twinned	240
umc	240
umd	240
uncritical	240
unfeeling	240
unidirectional	240
unmade	240
unravels	240
unreliability	240
untainted	240
usu	240
usurping	240
vaal	240
valenti	240
valenzuela	240
vanna	240
vegemite	240
vicars	240
vieux	240
vlan	240
vocaloid	240
wain	240
waltzes	240
warlocks	240
waw	240
weapon's	240
wedgie	240
weekender	240
weeklong	240
weirded	240
westernized	240
whaley	240
wheeze	240
whist	240
whitbread	240
wong's	240
woops	240
woozy	240
wulf	240
xiu	240
xrd	240
yasmine	240
yevgeny	240
yuppie	240
zam	240
zavala	240
zealously	240
zell	240
zimbabweans	240
zinger	240
zit	240
zwei	240
aardvark	239
absalom	239
abyssal	239
achy	239
adhesions	239
adirondacks	239
adress	239
adsl	239
airstream	239
akash	239
albin	239
alcorn	239
aleph	239
amico	239
angioplasty	239
annihilating	239
antagonizing	239
anthea	239
anticipatory	239
antonius	239
anurag	239
anywho	239
aphid	239
apoptotic	239
applicant's	239
aral	239
aramis	239
areal	239
artesian	239
ash's	239
atul	239
augustinian	239
backhanded	239
backhoe	239
bagram	239
bakar	239
balearic	239
ballmer	239
bandra	239
bartel	239
basher	239
baste	239
bataille	239
batangas	239
battery's	239
bayeux	239
beautician	239
beckon	239
beget	239
belied	239
bellatrix	239
benazir	239
bentonite	239
berenson	239
bestial	239
betwixt	239
bf's	239
bgc	239
bhattacharya	239
bhavan	239
biddy	239
bigamy	239
billingsley	239
binks	239
blackheads	239
blare	239
bluefin	239
bna	239
bojan	239
bolger	239
bolton's	239
bonafide	239
boof	239
boondocks	239
bord	239
bottoming	239
bouvier	239
bpo	239
bradfield	239
branden	239
brantford	239
breadsticks	239
breakeven	239
breathalyzer	239
brining	239
brio	239
bristled	239
bro's	239
broadsides	239
broiled	239
brolin	239
bsi	239
bss	239
btn	239
bubs	239
buchholz	239
bumblebees	239
bvs	239
cagey	239
camillo	239
capps	239
carbonaceous	239
carbonates	239
carbonic	239
carrara	239
caso	239
catt	239
ccw	239
celebrant	239
cengage	239
chauffeurs	239
checkbox	239
cherokees	239
chicory	239
chihuahuas	239
chileans	239
cib	239
cinta	239
citra	239
ckd	239
clan's	239
classifiers	239
clawson	239
clerkenwell	239
cleverest	239
clonal	239
cml	239
codify	239
colburn	239
collison	239
colorblind	239
condoleezza	239
conjunct	239
constrictor	239
consumerist	239
contador	239
continent's	239
contraindicated	239
conv	239
convenor	239
conversant	239
convivial	239
coquitlam	239
corse	239
coulomb	239
countermeasure	239
cranmer	239
crashers	239
creel	239
crofts	239
csd	239
cueto	239
culpeper	239
curates	239
cuse	239
cyprian	239
dailymotion	239
danganronpa	239
dappled	239
dardanelles	239
daren	239
