에서	681
으로	679
습니다	644
사람	629
지만	629
는데	628
아니	625
우리	624
에게	623
라고	621
한다	619
합니다	617
까지	615
생각	612
세요	608
다고	607
시간	603
면서	600
부터	600
라는	597
다른	592
지금	592
때문	591
어서	591
다는	589
여자	589
으면	589
해서	587
하나	586
한국	586
같이	585
시작	585
사랑	584
그리고	583
니까	583
만들	583
게임	582
사용	582
위해	581
함께	581
해야	581
가지	580
남자	580
보다	580
너무	579
대한	579
오늘	579
이런	579
이상	579
다시	577
모든	576
그렇	575
필요	575
된다	574
문제	574
서울	574
해요	574
네요	573
정말	573
아이	572
자신	572
세계	570
으며	570
이름	570
친구	570
가장	569
다음	569
지역	569
처럼	569
모두	568
사실	568
아요	568
많이	567
바로	567
한테	567
모르	566
학교	566
가능	565
그런	565
그냥	564
미국	564
이제	564
진짜	563
경우	562
동안	562
이렇	562
일본	562
그러	561
는지	561
마음	561
정도	561
대표	559
도록	559
보이	559
영화	559
자기	559
대해	558
라도	558
사이트	558
세상	558
여기	557
당신	556
어떤	556
다가	555
다면	555
따라	555
어떻	555
처음	555
또한	554
아서	554
이번	554
이야기	554
이유	554
인데	553
감사	552
또는	552
사진	552
소리	552
안전	552
여성	552
현재	552
거나	551
계속	551
방송	551
아직	551
이거	551
는다	550
참여	550
활동	550
나라	549
방법	549
사회	549
어디	548
위한	548
정보	548
중요	548
그래서	547
만나	547
보내	547
이후	547
정부	547
진행	547
최고	547
통해	547
준비	546
중국	546
그것	545
근데	545
어야	545
이러	545
확인	545
시키	544
인간	544
제작	544
해도	544
가족	543
계획	543
교육	543
국가	543
대통령	543
문화	543
연구	543
인지	543
결과	542
다니	542
도시	542
려고	542
사건	542
상태	542
조금	542
결정	541
경기	541
관련	541
그러나	541
모습	541
없이	541
관계	540
라면	540
무슨	540
보여	540
사이	540
아들	540
이용	540
나오	539
노래	539
누구	539
상황	539
포함	539
프로그램	539
기술	538
마지막	538
머리	538
이것	538
공개	537
기록	537
부분	537
안녕	537
위치	537
의미	537
이미	537
전화	537
지원	537
대학	536
물론	536
여러	536
개발	535
괜찮	535
그녀	535
드리	535
러시아	535
발견	535
새로운	535
은데	535
하루	535
그럼	534
아무	534
언제	534
인가	534
자리	534
기억	533
발표	533
얘기	533
엄마	533
여러분	533
역사	533
운동	533
이랑	533
이해	533
출장	533
한다고	533
가격	532
만큼	532
시대	532
아버지	532
아닌	531
역시	531
행복	531
회사	531
국민	530
기준	530
마다	530
부산	530
인터넷	530
항상	530
거리	529
거의	529
경제	529
기분	529
대상	529
먼저	529
배우	529
아침	529
얼굴	529
운영	529
존재	529
판매	529
내용	528
됩니다	528
병원	528
아주	528
조사	528
추천	528
교수	527
구성	527
기업	527
들어가	527
일반	527
자유	527
혼자	527
과정	526
누가	526
대로	526
대부분	526
매우	526
사업	526
서로	526
선택	526
위해서	526
작품	526
정치	526
직접	526
학생	526
개인	525
결국	525
대회	525
버리	525
비교	525
성공	525
스포츠	525
음악	525
의원	525
특별	525
뉴스	524
도움	524
로서	524
발생	524
부탁	524
센터	524
어느	524
인생	524
결혼	523
국제	523
그거	523
그래도	523
이게	523
정신	523
추가	523
힘들	523
관리	522
구나	522
말씀	522
무료	522
선수	522
설치	522
앨범	522
얼마나	522
잘못	522
전쟁	522
특히	522
해외	522
공연	521
기대	521
다양	521
당시	521
대해서	521
아래	521
완전	521
위원회	521
공격	520
그런데	520
내일	520
모델	520
부르	520
빨리	520
생활	520
서비스	520
순간	520
시스템	520
아야	520
일부	520
지방	520
질문	520
관심	519
그래	519
그룹	519
단체	519
대신	519
마을	519
무엇	519
방식	519
사고	519
선생	519
설명	519
스타	519
알려	519
연결	519
영향	519
관한	518
기간	518
따르	518
로부터	518
선물	518
스럽	518
영상	518
자료	518
잖아	518
저희	518
전체	518
제발	518
행동	518
후보	518
걱정	517
느낌	517
중심	517
표현	517
한다는	517
해당	517
경찰	516
공식	516
구요	516
기회	516
께서	516
달러	516
예정	516
온라인	516
인정	516
작가	516
제대로	516
주장	516
지요	516
촬영	516
카드	516
프로	516
홈페이지	516
가진	515
기관	515
기사	515
보호	515
시장	515
오래	515
의사	515
인천	515
일어나	515
감독	514
구조	514
노력	514
변경	514
어도	514
으니까	514
정책	514
조직	514
과학	513
대화	513
만든	513
상대	513
어머니	513
영어	513
우주	513
원래	513
유지	513
입장	513
치료	513
평가	513
검사	512
군요	512
전국	512
주변	512
환자	512
공원	511
능력	511
대한민국	511
동생	511
뭔가	511
부모	511
시설	511
저녁	511
처리	511
축구	511
거기	510
공항	510
교회	510
그림	510
나왔	510
매일	510
반대	510
인사	510
장애	510
제공	510
차이	510
가요	509
기능	509
는데요	509
대전	509
대체	509
역할	509
위험	509
이루	509
이전	509
지난	509
참고	509
해결	509
고요	508
과거	508
광고	508
그게	508
나이	508
달리	508
마시	508
바람	508
번호	508
오후	508
와서	508
주요	508
지구	508
개최	507
공간	507
공부	507
다리	507
동물	507
드라마	507
려는	507
버스	507
산업	507
생산	507
선거	507
스스로	507
시켜	507
아빠	507
여행	507
예술	507
요즘	507
제도	507
코드	507
현대	507
후기	507
국내	506
대학교	506
동시	506
목적	506
반응	506
발전	506
버전	506
시즌	506
의해	506
이건	506
이동	506
자연	506
정리	506
제일	506
죽음	506
지도	506
캐릭터	506
가운데	505
그때	505
기다리	505
기본	505
나무	505
나중	505
미안	505
업체	505
유명	505
자체	505
작업	505
주소	505
컴퓨터	505
혹시	505
효과	505
건데	504
다르	504
더니	504
만드	504
미래	504
변화	504
분석	504
소개	504
심장	504
얼마	504
재밌	504
조건	504
한데	504
계약	503
그대로	503
기자	503
남성	503
대구	503
링크	503
멤버	503
박사	503
여름	503
일단	503
장소	503
절대	503
책임	503
형태	503
건물	502
고등	502
라구	502
만화	502
무대	502
시민	502
시험	502
유일	502
으로서	502
으로써	502
으시	502
이곳	502
전문	502
차량	502
최초	502
현실	502
공동	501
궁금	501
규모	501
단지	501
등장	501
디자인	501
방향	501
비슷	501
언니	501
요구	501
음식	501
장치	501
죄송	501
최대	501
현장	501
회장	501
개월	500
고려	500
느끼	500
따라서	500
마치	500
바다	500
본인	500
열린	500
영국	500
이벤트	500
인해	500
자주	500
조선	500
하늘	500
한편	500
행위	500
회의	500
가슴	499
건강	499
기타	499
냐고	499
도착	499
드립니다	499
보안	499
야지	499
완벽	499
인기	499
자동	499
자동차	499
전기	499
전부	499
전혀	499
홍보	499
환경	499
각각	498
구매	498
그리	498
기념	498
려면	498
모양	498
목소리	498
배경	498
부족	498
생겼	498
생기	498
선정	498
시도	498
시절	498
혹은	498
가치	497
고마워	497
나와	497
다운	497
멋진	497
셔서	497
시기	497
신경	497
야구	497
약간	497
약속	497
월드	497
장관	497
중앙	497
최근	497
출시	497
커피	497
행사	497
감정	496
건설	496
듯이	496
부인	496
분명	496
설정	496
수상	496
실시	496
아내	496
엄청	496
연기	496
예전	496
위하	496
유럽	496
이미지	496
종합	496
축하	496
통합	496
학원	496
한다면	496
희망	496
단계	495
든지	495
벌써	495
봐야	495
새끼	495
아시아	495
안정	495
에선	495
오빠	495
정상	495
클럽	495
텐데	495
가수	494
갑자기	494
겁니다	494
고마워요	494
당하	494
독일	494
라인	494
리그	494
마찬가지	494
모바일	494
보통	494
비밀	494
삼성	494
소재	494
신청	494
어제	494
연락	494
으로부터	494
은행	494
이사	494
자랑	494
잠시	494
전자	494
카메라	494
평화	494
학년	494
협회	494
호텔	494
기반	493
기획	493
뉴욕	493
도로	493
마리	493
만약	493
봐요	493
생명	493
수준	493
시리즈	493
실패	493
실험	493
아냐	493
아도	493
접근	493
진정	493
차지	493
피해	493
가끔	492
가입	492
개념	492
고민	492
공유	492
광주	492
그랬	492
금지	492
나타나	492
대하	492
데뷔	492
맛있	492
미친	492
민주당	492
방금	492
버렸	492
분야	492
섹스	492
수행	492
순위	492
아가	492
언급	492
여전히	492
완전히	492
요리	492
우수	492
전통	492
제외	492
제품	492
종류	492
주민	492
주제	492
지나	492
참가	492
통신	492
투표	492
플레이	492
건가	491
공사	491
그만	491
기여	491
기존	491
높이	491
는가	491
담당	491
떠나	491
마이크	491
뮤직	491
범죄	491
사과	491
사망	491
소식	491
속도	491
수술	491
수정	491
시켰	491
에너지	491
요청	491
인증	491
자세	491
차례	491
출연	491
포기	491
거래	490
경험	490
고통	490
국회	490
그건	490
기계	490
단어	490
도와	490
마세요	490
무기	490
문자	490
비롯	490
성장	490
소녀	490
스러운	490
언제나	490
유사	490
장면	490
정의	490
제안	490
졸업	490
진심	490
집중	490
특징	490
행정	490
훈련	490
내리	489
데이터	489
라니	489
명령	489
므로	489
미치	489
바꾸	489
변호사	489
보도	489
분위기	489
사항	489
아기	489
예약	489
제거	489
조심	489
프랑스	489
프로젝트	489
했었	489
가득	488
고맙	488
그린	488
나온	488
남편	488
내부	488
마크	488
만남	488
목표	488
바라	488
별로	488
상상	488
성격	488
소설	488
소속	488
아름다운	488
아마	488
안내	488
언어	488
올림픽	488
위원장	488
의식	488
일정	488
적용	488
주로	488
주문	488
주인	488
중간	488
지내	488
지정	488
지지	488
출신	488
고자	487
공주	487
그럴	487
대단	487
물질	487
민주	487
보인다	487
본부	487
블랙	487
사장	487
수사	487
수업	487
시청	487
신문	487
실제	487
아닙니다	487
어린	487
인도	487
인물	487
장난	487
제한	487
크기	487
규정	486
너희	486
돌아가	486
방문	486
북한	486
어쩌	486
언론	486
영업	486
오픈	486
으면서	486
이걸	486
주년	486
최종	486
카지노	486
키스	486
파일	486
파티	486
구역	485
그걸	485
다행	485
도입	485
무시	485
미니	485
바뀌	485
불러	485
비판	485
아프	485
열심히	485
올해	485
완성	485
인상	485
인터뷰	485
평생	485
할까	485
거든요	484
건지	484
검색	484
겨울	484
고양이	484
군대	484
누군가	484
데이트	484
블로그	484
승리	484
실제로	484
어린이	484
위원	484
이론	484
조정	484
주의	484
직원	484
차트	484
출발	484
카페	484
투어	484
형사	484
가정	483
걸로	483
동일	483
디지털	483
라이브	483
부정	483
심각	483
업계	483
업무	483
엔진	483
원인	483
재미있	483
종교	483
주일	483
증가	483
지키	483
태양	483
할게요	483
회원	483
거부	482
경기도	482
계시	482
공장	482
구글	482
나머지	482
네이버	482
당연	482
덕분	482
드릴	482
들어오	482
매력	482
성인	482
소년	482
수원	482
식사	482
예상	482
올리	482
외부	482
이끌	482
정확	482
채널	482
표시	482
해석	482
협력	482
형성	482
훨씬	482
강화	481
게요	481
권리	481
규칙	481
근처	481
냄새	481
대사	481
독립	481
동의	481
된다고	481
미리	481
번역	481
새로	481
신고	481
요소	481
유리	481
을까요	481
작전	481
제주	481
주말	481
주인공	481
차별	481
특정	481
파괴	481
할지	481
교통	480
근무	480
논란	480
다만	480
더욱	480
던데	480
등록	480
똑같	480
법률	480
부문	480
성적	480
세대	480
세트	480
스타일	480
시킬	480
아하	480
의한	480
인식	480
잠깐	480
점점	480
정권	480
조차	480
줘서	480
평균	480
혁명	480
현상	480
형제	480
홍콩	480
강력	479
나쁜	479
달성	479
대기	479
대답	479
동영상	479
떨어지	479
불편	479
상처	479
선언	479
세기	479
아파트	479
어렵	479
연습	479
완료	479
외국인	479
을지	479
의회	479
자격	479
장비	479
제목	479
즐기	479
청소년	479
초기	479
초대	479
화면	479
기도	478
대중	478
더불	478
라서	478
레이	478
몰라	478
민족	478
발사	478
설계	478
스토리	478
신호	478
실수	478
어떡	478
왕자	478
이래	478
자살	478
작성	478
저장	478
전력	478
제시	478
지속	478
지식	478
체계	478
친절	478
코리아	478
코스	478
콘서트	478
통과	478
통제	478
포인트	478
간단	477
거짓말	477
당했	477
미쳤	477
바탕	477
상담	477
설립	477
솔직히	477
심지어	477
아가씨	477
아님	477
정당	477
직업	477
진실	477
차원	477
충분히	477
파워	477
판단	477
간다	476
경영	476
굉장히	476
교사	476
네트워크	476
동료	476
따뜻	476
라며	476
만족	476
몰랐	476
무리	476
문서	476
미디어	476
불리	476
비디오	476
빠르	476
상품	476
생성	476
아저씨	476
연속	476
왼쪽	476
위협	476
의학	476
잖아요	476
장기	476
준다	476
집단	476
축제	476
충격	476
통일	476
폭력	476
폭발	476
피해자	476
해야지	476
확실	476
힘든	476
개혁	475
구분	475
그저	475
다섯	475
당연히	475
메이저	475
바랍니다	475
법원	475
보였	475
보장	475
복잡	475
생일	475
시티	475
아무것	475
오르	475
올라가	475
울산	475
의견	475
인구	475
저기	475
전달	475
전하	475
조지	475
중단	475
지적	475
페이지	475
편지	475
해라	475
확장	475
회복	475
가졌	474
각종	474
강한	474
거든	474
과장	474
그러니까	474
로운	474
마사지	474
물건	474
밝혔	474
배치	474
신규	474
아까	474
어지	474
영역	474
오전	474
운전	474
으러	474
의하	474
재미	474
저런	474
전투	474
점심	474
주도	474
지진	474
추진	474
충분	474
침대	474
경쟁	473
구하	473
기초	473
당장	473
밴드	473
불구	473
빠른	473
싸움	473
알아보	473
연합	473
오른쪽	473
올려	473
이때	473
일상	473
자꾸	473
작용	473
전략	473
증거	473
체제	473
초등	473
투자	473
훌륭	473
가리	472
강제	472
계산	472
느껴	472
대응	472
바닥	472
바둑	472
부여	472
불법	472
아무리	472
우선	472
이하	472
줘야	472
진출	472
최선	472
쿠키	472
토토	472
평소	472
권력	471
날씨	471
누나	471
로드	471
마법	471
발언	471
사상	471
사전	471
상호	471
싸우	471
아트	471
연구소	471
예수	471
옛날	471
이란	471
자면	471
자원	471
조합	471
증명	471
청년	471
케이스	471
파리	471
프리	471
피부	471
화장실	471
화학	471
활용	471
걸리	470
교환	470
나갈	470
나누	470
나올	470
노동	470
노출	470
동네	470
등급	470
만난	470
뮤지컬	470
부담	470
브랜드	470
소프트웨어	470
수도	470
수많	470
얼른	470
우승	470
위기	470
의료	470
전환	470
접속	470
취급	470
취소	470
편집	470
가사	469
개봉	469
건축	469
교류	469
국장	469
누리	469
다구	469
단순	469
문재인	469
버린	469
법인	469
비용	469
비해	469
상관	469
수록	469
수학	469
숫자	469
시킨	469
시행	469
아닌가	469
어떠	469
연장	469
요원	469
이젠	469
인권	469
일찍	469
주목	469
천만	469
통화	469
특수	469
표준	469
한지	469
가까운	468
거대	468
검찰	468
고객	468
군인	468
그곳	468
다루	468
던지	468
따로	468
런던	468
마련	468
멀리	468
메인	468
모집	468
문학	468
미술	468
미터	468
보냈	468
보유	468
복지	468
부부	468
부상	468
세월	468
소유	468
실장	468
쓰레기	468
연주	468
움직이	468
일까	468
작년	468
지점	468
직장	468
진다	468
최소	468
통하	468
하나님	468
확보	468
환영	468
가까이	467
가을	467
대비	467
도쿄	467
된다는	467
마무리	467
메시지	467
바보	467
발매	467
부대	467
분리	467
불안	467
생긴	467
세력	467
손가락	467
승인	467
실시간	467
안마	467
어쩔	467
의심	467
익숙	467
자라	467
작동	467
재판	467
제조	467
체포	467
클릭	467
트리	467
한국어	467
항공	467
확대	467
확정	467
검증	466
고용	466
고향	466
공급	466
공기	466
군사	466
녀석	466
농구	466
리더	466
만났	466
삭제	466
살인	466
소중	466
실행	466
에게서	466
연출	466
예쁘	466
오사카	466
으신	466
자식	466
재산	466
전공	466
조각	466
주간	466
지시	466
최저	466
태풍	466
파트너	466
할머니	466
개선	465
계기	465
그대	465
근거	465
놀이	465
단독	465
당한	465
돌려	465
드디어	465
박근혜	465
반복	465
본다	465
봅니다	465
세우	465
시각	465
신화	465
아이돌	465
알리	465
엄청난	465
예쁜	465
오히려	465
외국	465
인류	465
인한	465
장르	465
전용	465
전해	465
짜리	465
최대한	465
탈출	465
혐의	465
형식	465
흥미	465
가스	464
감염	464
교체	464
구속	464
구입	464
금융	464
기독교	464
드릴게요	464
따른	464
로봇	464
롯데	464
마이	464
만날	464
모아	464
무역	464
바이러스	464
박스	464
반드시	464
보수	464
빠져	464
세포	464
스트레스	464
신뢰	464
에겐	464
영혼	464
인데요	464
장군	464
전시	464
제기	464
종이	464
지하철	464
탄생	464
특성	464
표정	464
협상	464
감동	463
강하	463
경주	463
공무원	463
구축	463
그램	463
기구	463
는다는	463
다수	463
대행	463
도서관	463
돼요	463
리스트	463
반면	463
벗어나	463
분노	463
사례	463
셔야	463
어라	463
어려운	463
언젠가	463
온도	463
임무	463
정체	463
제임스	463
조성	463
지배	463
청주	463
체결	463
타임	463
태어나	463
패션	463
하드	463
학과	463
한국인	463
헌법	463
가게	462
개정	462
거쳐	462
게다가	462
그날	462
그동안	462
꺼내	462
끼리	462
내내	462
단위	462
담배	462
대선	462
레드	462
물리	462
박물관	462
베트남	462
봐도	462
소장	462
신부	462
어른	462
역대	462
요새	462
이틀	462
인가요	462
일어났	462
재단	462
창조	462
측면	462
테스트	462
피곤	462
합의	462
행성	462
허가	462
강의	461
고기	461
깨끗	461
너무나	461
눈물	461
는다고	461
니깐	461
대형	461
도전	461
떨어져	461
라디오	461
래요	461
러브	461
로마	461
맞추	461
맞춰	461
멋지	461
모임	461
바라보	461
블루	461
사기	461
사무실	461
서버	461
성우	461
스페셜	461
신용	461
실력	461
씨발	461
어울리	461
웃음	461
으므로	461
의도	461
이리	461
이외	461
일어난	461
자치	461
조치	461
종료	461
주위	461
챔피언	461
키우	461
경남	460
경력	460
고정	460
공공	460
국립	460
권한	460
놀라	460
도대체	460
되게	460
모자	460
무섭	460
방해	460
범위	460
부스	460
상징	460
새벽	460
선발	460
소스	460
순수	460
슈퍼	460
아닌데	460
아라	460
으세요	460
이기	460
인하	460
임신	460
전문가	460
즐거운	460
지도자	460
지수	460
한정	460
후회	460
가방	459
그분	459
노동자	459
대만	459
대장	459
던가	459
맥주	459
모드	459
목사	459
무릎	459
분류	459
소통	459
수단	459
식품	459
아름답	459
영웅	459
영원히	459
오랜	459
올렸	459
위대	459
유튜브	459
유형	459
의무	459
의지	459
지급	459
확실히	459
흔적	459
감소	458
강남	458
강조	458
결합	458
계신	458
공포	458
과제	458
관광	458
구경	458
날개	458
농업	458
돌아오	458
된다면	458
들어갔	458
떨어진	458
마저	458
배송	458
버튼	458
불과	458
세종	458
손상	458
십니다	458
양식	458
연방	458
용기	458
운명	458
이익	458
적극	458
조명	458
조작	458
줘요	458
증상	458
지니	458
진화	458
철학	458
체육	458
초반	458
측정	458
택시	458
통계	458
페이스북	458
편하	458
거절	457
광장	457
기지	457
나온다	457
노예	457
댄스	457
뛰어난	457
명예	457
바르	457
베스트	457
보험	457
부장	457
불렀	457
비난	457
비율	457
비행	457
사라지	457
사정	457
살해	457
서류	457
수고	457
수입	457
시선	457
신발	457
연관	457
원칙	457
자금	457
저거	457
정식	457
정원	457
체험	457
타입	457
평범	457
할아버지	457
항목	457
해졌	457
혼란	457
휴대폰	457
가만히	456
갑니다	456
걸쳐	456
경계	456
기다려	456
기원	456
논문	456
니까요	456
로스	456
매년	456
목록	456
문장	456
발달	456
보관	456
보스	456
복수	456
섹시	456
소비	456
소송	456
순서	456
식당	456
신체	456
심하	456
악마	456
연구원	456
였으며	456
예능	456
월드컵	456
이럴	456
일치	456
전원	456
정지	456
주식	456
지사	456
참석	456
천국	456
천사	456
총장	456
출처	456
카이	456
페스티벌	456
합격	456
허용	456
화이트	456
휴가	456
남겨	455
노트	455
녹음	455
논리	455
들리	455
랜드	455
믿음	455
뿌리	455
성경	455
수요	455
시위	455
식물	455
아닐	455
아동	455
아파	455
연대	455
오직	455
위반	455
인용	455
인형	455
전설	455
주기	455
지냈	455
지하	455
참조	455
천천히	455
청소	455
추억	455
충돌	455
취하	455
캠프	455
컬러	455
투명	455
판결	455
하우스	455
학회	455
현금	455
감시	454
갤러리	454
공감	454
글로벌	454
긴장	454
끝내	454
나쁘	454
남기	454
내게	454
대리	454
대출	454
로써	454
마감	454
맞이	454
매장	454
몇몇	454
바꿔	454
본사	454
북쪽	454
사이즈	454
선배	454
수치	454
스러워	454
스마트폰	454
시점	454
싱글	454
암호	454
어찌	454
열리	454
영광	454
예산	454
우린	454
음성	454
의상	454
인근	454
임금	454
적어도	454
절차	454
제어	454
조용	454
조용히	454
진지	454
집안	454
커버	454
필리핀	454
학습	454
한글	454
환상	454
건가요	453
경고	453
경북	453
국회의원	453
글자	453
남북	453
데이	453
도구	453
메이	453
문의	453
미사일	453
민주주의	453
배포	453
버려	453
보고서	453
본격	453
볼까	453
상당	453
상자	453
서명	453
시계	453
아프리카	453
앞서	453
애니메이션	453
엉덩이	453
연애	453
오늘날	453
오랫동안	453
와인	453
일요일	453
입학	453
전개	453
점수	453
중계	453
짜증	453
캐나다	453
코너	453
트위터	453
파크	453
피하	453
황금	453
공학	452
기부	452
길이	452
나눔	452
는다면	452
돌리	452
드림	452
라이트	452
라이프	452
리스	452
마스터	452
변하	452
보건	452
보낸	452
비행기	452
사태	452
쉬운	452
아티스트	452
아픈	452
업데이트	452
엔터	452
여부	452
용어	452
으려고	452
으실	452
의장	452
일본어	452
일종	452
재료	452
재정	452
정말로	452
지나가	452
지켜	452
집회	452
착한	452
천안	452
총리	452
추정	452
타이틀	452
테러	452
통해서	452
합성	452
핵심	452
했으나	452
헨리	452
확률	452
걸까	451
게이	451
계정	451
고생	451
기에	451
기후	451
나름	451
나타났	451
널리	451
는구나	451
닥터	451
독자	451
돌아왔	451
동기	451
레벨	451
며칠	451
방어	451
보단	451
보조	451
보존	451
살려	451
상당히	451
생존	451
설마	451
시인	451
아마도	451
어깨	451
어차피	451
에다	451
여야	451
오버	451
오해	451
올랐	451
우편	451
이웃	451
일으키	451
자마자	451
장식	451
정확히	451
조절	451
종일	451
주세요	451
즉시	451
즐겁	451
추적	451
충전	451
태국	451
태도	451
테마	451
토요일	451
폐지	451
필수	451
핸드폰	451
향상	451
현지	451
갖추	450
거주	450
고서	450
고시	450
공정	450
관찰	450
구간	450
넘어가	450
네임	450
누르	450
느꼈	450
댓글	450
데리	450
둘째	450
레이스	450
목숨	450
뭔지	450
바지	450
보상	450
부하	450
비록	450
알려진	450
어릴	450
영원	450
의혹	450
이탈리아	450
이혼	450
저항	450
전사	450
전주	450
진입	450
질병	450
처벌	450
치즈	450
투입	450
표면	450
피터	450
하느님	450
흐름	450
히트	450
각자	449
공지	449
그래요	449
내렸	449
넘치	449
대책	449
대학원	449
메리	449
법정	449
비트	449
상위	449
시원	449
심사	449
아닐까	449
아무래도	449
아이폰	449
의자	449
이스라엘	449
재능	449
접촉	449
종종	449
중학교	449
직전	449
차단	449
챙겨	449
통한	449
파악	449
하이	449
합시다	449
허락	449
화성	449
획득	449
후원	449
흐르	449
가져가	448
결제	448
경로	448
과연	448
구체	448
깜짝	448
나갔	448
나눠	448
나타내	448
남녀	448
니다	448
돼서	448
든다	448
마이클	448
마주	448
먹이	448
미국인	448
민간	448
버릴	448
성과	448
수집	448
스튜디오	448
시내	448
신앙	448
아예	448
여왕	448
여유	448
연료	448
위주	448
유도	448
유치원	448
장착	448
잭슨	448
지옥	448
향해	448
현황	448
화재	448
경마	447
고대	447
골드	447
관객	447
교실	447
느낄	447
대학생	447
데일리	447
따위	447
맥스	447
메일	447
별도	447
사용자	447
살짝	447
심판	447
없애	447
연인	447
열렸	447
오랜만	447
외교	447
원장	447
유행	447
임대	447
저렇	447
정규	447
정비	447
제출	447
진단	447
찾아가	447
체크	447
폐쇄	447
호수	447
감상	446
갤럭시	446
겨우	446
결론	446
굳이	446
금속	446
길래	446
나이트	446
남쪽	446
늑대	446
닷컴	446
돼지	446
들려	446
변신	446
북부	446
사단	446
사자	446
산하	446
색상	446
서양	446
수리	446
수립	446
스마트	446
신장	446
알려져	446
약물	446
여서	446
워싱턴	446
유전자	446
응원	446
적절	446
절반	446
정기	446
조이	446
추석	446
케이	446
판사	446
필름	446
한마디	446
경향	445
고문	445
관점	445
구원	445
그려	445
그치	445
극장	445
근육	445
금방	445
기적	445
노무현	445
녹색	445
논의	445
놓치	445
대요	445
동작	445
렌즈	445
모른다	445
모음	445
무지	445
방지	445
백만	445
보컬	445
분명히	445
사냥	445
사유	445
상승	445
서요	445
선고	445
소프트	445
수석	445
수용	445
신분	445
실망	445
아이디어	445
예측	445
왕국	445
유학	445
은지	445
음료	445
인원	445
일지	445
입력	445
자녀	445
전남	445
존중	445
중독	445
청와대	445
청춘	445
체육관	445
탑재	445
투쟁	445
폭탄	445
핑크	445
해변	445
해진	445
활성	445
갈등	444
강도	444
계좌	444
고개	444
고도	444
노인	444
놀이터	444
당일	444
드렸	444
라운드	444
멀티	444
멕시코	444
무언가	444
병사	444
비상	444
상관없	444
상업	444
생물	444
스페인	444
시상식	444
심리	444
아무런	444
아시안	444
아웃	444
안심	444
양성	444
열차	444
오브	444
올라	444
움직임	444
자극	444
자막	444
자정	444
정하	444
제국	444
중지	444
차라리	444
최소한	444
출전	444
콜걸	444
크리스마스	444
타인	444
통상	444
평양	444
플랫폼	444
플레이어	444
할인	444
흔히	444
가공	443
가상	443
감각	443
개국	443
거울	443
고급	443
귀엽	443
긴급	443
내려	443
놀랍	443
도달	443
무서워	443
미소	443
미스	443
뱅크	443
보낼	443
복귀	443
봐서	443
부천	443
분쟁	443
빠진	443
사귀	443
사운드	443
성남	443
소문	443
수영	443
압력	443
어쩌면	443
여섯	443
연극	443
운용	443
이사장	443
이야	443
인수	443
저작	443
전북	443
존경	443
주관	443
지상	443
집행	443
창작	443
천재	443
철도	443
커플	443
코치	443
토지	443
트럭	443
학기	443
할까요	443
혁신	443
효율	443
희생	443
감성	442
결코	442
과학자	442
그랜드	442
기기	442
기쁘	442
깊이	442
날짜	442
놀랐	442
대가	442
대원	442
더블	442
돌파	442
떠났	442
랍니다	442
려오	442
마침내	442
멈추	442
모를	442
모여	442
무게	442
무려	442
무한	442
반영	442
배터리	442
부서	442
부자	442
샤워	442
수면	442
애플	442
액션	442
열정	442
예고	442
용서	442
응답	442
이쪽	442
인공	442
임시	442
자매	442
재생	442
전송	442
제주도	442
지불	442
진영	442
최신	442
칭찬	442
카라	442
콘텐츠	442
크림	442
토끼	442
판타지	442
평등	442
플러스	442
피트	442
한반도	442
해군	442
향하	442
가르치	441
가질	441
강아지	441
갖춘	441
거짓	441
경찰서	441
계열	441
고백	441
귀여운	441
균형	441
긍정	441
꼬리	441
남부	441
달려	441
동원	441
드려요	441
매니저	441
모으	441
무서운	441
뭔데	441
반지	441
밝히	441
백성	441
백화점	441
불교	441
붙이	441
사이버	441
스키	441
아줌마	441
악화	441
연예	441
올린	441
유닛	441
유저	441
전반	441
전신	441
정한	441
주최	441
지켜보	441
채용	441
처분	441
쳐다보	441
통증	441
포장	441
해리	441
흘리	441
건너	440
건조	440
검토	440
국정	440
대략	440
도망	440
동쪽	440
라지	440
맞서	440
매주	440
명단	440
무장	440
바이	440
발행	440
보급	440
부위	440
사무	440
색깔	440
성향	440
알바	440
에이	440
여동생	440
여론	440
오류	440
온다	440
옮겨	440
위로	440
은퇴	440
응용	440
재난	440
제정	440
조언	440
종목	440
주택	440
진보	440
출판	440
취득	440
캠퍼스	440
커다란	440
테이블	440
피아노	440
한계	440
한참	440
해제	440
해킹	440
호흡	440
흑인	440
계단	439
고르	439
공약	439
구름	439
구멍	439
그리스	439
납치	439
농담	439
답변	439
로즈	439
마스크	439
매번	439
멋있	439
무조건	439
봉사	439
부활	439
빌딩	439
빌리	439
사원	439
사인	439
사촌	439
산책	439
살리	439
상대방	439
새롭	439
서쪽	439
성능	439
세워	439
셔도	439
심한	439
여우	439
우려	439
원작	439
위성	439
윈도우	439
이메일	439
일곱	439
일시	439
입구	439
자전거	439
정착	439
정치인	439
지대	439
창원	439
청구	439
취향	439
크리스	439
토니	439
토론	439
파이	439
패턴	439
한가	439
해피	439
화려	439
확신	439
후반	439
가깝	438
금요일	438
기운	438
내년	438
내려가	438
농장	438
당해	438
몰래	438
보일	438
복합	438
불만	438
사설	438
산소	438
수출	438
스쿨	438
시카고	438
신비	438
신입	438
어워드	438
요정	438
운행	438
원리	438
으셨	438
자국	438
잡지	438
적응	438
점차	438
참가자	438
첫째	438
출력	438
클래식	438
타운	438
태어난	438
팀장	438
패스	438
포스트	438
학위	438
한강	438
혈액	438
협정	438
회담	438
강요	437
개편	437
걸렸	437
과일	437
기쁨	437
기소	437
깨닫	437
나와서	437
노선	437
누워	437
눈치	437
단다	437
당황	437
도중	437
될까	437
될지	437
들어왔	437
디스크	437
리처드	437
머물	437
메모리	437
물품	437
밝혀	437
벌어지	437
붙여	437
빨간	437
설득	437
셔츠	437
스카이	437
신기	437
애기	437
였을	437
영화제	437
월요일	437
저번	437
조카	437
지르	437
질환	437
찰스	437
탄핵	437
티켓	437
편안	437
평창	437
포트	437
푸른	437
피자	437
할래	437
협조	437
활약	437
흔들	437
간호사	436
개입	436
교리	436
구현	436
귀찮	436
그래픽	436
금액	436
나아가	436
놀라운	436
들어간	436
등등	436
똑같이	436
레전드	436
마케팅	436
무척	436
바른	436
바쁘	436
베리	436
부리	436
선임	436
수익	436
슬픔	436
시체	436
신사	436
아이템	436
안드로이드	436
알려졌	436
어둠	436
예방	436
원고	436
유엔	436
일기	436
쟁이	436
전파	436
제이	436
제자	436
중대	436
증언	436
철수	436
총괄	436
최악	436
커뮤니티	436
코트	436
타워	436
태어났	436
특집	436
파트	436
폭풍	436
학술	436
허리	436
흥분	436
가문	435
강원도	435
경비	435
곤란	435
골든	435
공동체	435
다소	435
데이비드	435
돌아온	435
때리	435
로고	435
마틴	435
명품	435
모시	435
발음	435
배출	435
병력	435
분양	435
살아남	435
상하	435
서울대	435
성분	435
세금	435
소원	435
솔직	435
쇼핑	435
스크린	435
스테이지	435
싱가포르	435
써야	435
알파	435
압박	435
야당	435
에스	435
연설	435
연예인	435
워치	435
유산	435
유통	435
음반	435
이내	435
이성	435
일까요	435
일원	435
전면	435
전형	435
죽여	435
채택	435
채팅	435
치유	435
침입	435
탈퇴	435
포항	435
필드	435
학자	435
해방	435
호주	435
화제	435
가난	434
가볍	434
가져	434
개성	434
걸린	434
경기장	434
관계자	434
교과서	434
국어	434
국토	434
극복	434
글씨	434
기재	434
난다	434
다니엘	434
대결	434
레스	434
머니	434
메뉴	434
모험	434
몬스터	434
묘사	434
미군	434
미술관	434
바위	434
배달	434
부동산	434
분기	434
불쌍	434
빛나	434
상무	434
상실	434
소서	434
손해	434
실천	434
아끼	434
안양	434
애인	434
엄청나	434
와요	434
왜냐하면	434
유료	434
은하	434
일제	434
지인	434
지휘	434
직후	434
짐승	434
채우	434
책상	434
치킨	434
클래스	434
타이	434
토크	434
트랙	434
하트	434
합류	434
행운	434
확산	434
가시	433
개방	433
고소	433
고유	433
고전	433
공중	433
괴롭	433
국경	433
그리스도	433
근대	433
기차	433
냐는	433
니스	433
당선	433
독특	433
동부	433
드레스	433
들어갈	433
떠오르	433
루이스	433
마디	433
만두	433
매체	433
멍청	433
바카라	433
배구	433
배틀	433
변형	433
비치	433
비하	433
상세	433
수백	433
수지	433
순환	433
실현	433
쌍둥이	433
아쉽	433
얼음	433
여신	433
여인	433
열매	433
영감	433
영리	433
영주	433
우유	433
이브	433
이치	433
인연	433
일반인	433
자문	433
자세히	433
적합	433
전차	433
지붕	433
진흥	433
질서	433
착용	433
착하	433
창문	433
추구	433
출구	433
취미	433
태그	433
터널	433
특이	433
포드	433
폭행	433
표지	433
프로필	433
학부	433
해질	433
휴대	433
강원	432
걸려	432
게스트	432
구성원	432
그레이	432
기법	432
까진	432
깔끔	432
다이어트	432
단순히	432
단일	432
단장	432
뒤집	432
디자이너	432
뜨거운	432
리사	432
먼지	432
면적	432
무덤	432
미션	432
바비	432
발굴	432
배운	432
보물	432
복구	432
복사	432
부채	432
사격	432
사양	432
소비자	432
소화	432
실질	432
아무튼	432
아이디	432
어때	432
예비	432
온갖	432
웹툰	432
유기	432
저자	432
좌석	432
진리	432
채워	432
추락	432
충남	432
포럼	432
한화	432
협의회	432
홀로	432
화상	432
회전	432
가르쳐	431
개설	431
고교	431
교육청	431
구해	431
귀신	431
규제	431
대박	431
도서	431
될까요	431
디스	431
명확	431
무사	431
물고기	431
백인	431
벌이	431
법칙	431
복원	431
불행	431
비싼	431
사막	431
샘플	431
생태	431
스런	431
시사	431
안경	431
양도	431
엑스	431
연상	431
외모	431
요인	431
우울	431
이분	431
이집트	431
일부러	431
제휴	431
주사	431
주체	431
중국어	431
증권	431
지닌	431
지미	431
지향	431
진주	431
집착	431
체력	431
출근	431
친한	431
캠페인	431
크로스	431
터치	431
특별히	431
파견	431
포스	431
풍부	431
해양	431
향한	431
협박	431
활발	431
교황	430
구리	430
군수	430
기름	430
꾸준히	430
난리	430
다녔	430
도덕	430
동화	430
드라이브	430
똑똑	430
라오	430
라이언	430
로맨스	430
리얼	430
마리아	430
맛집	430
매치	430
명성	430
문구	430
문명	430
배정	430
봐라	430
비싸	430
사령관	430
상사	430
상영	430
생길	430
술집	430
신설	430
아뇨	430
양쪽	430
어두운	430
어머	430
연재	430
오리	430
왠지	430
우정	430
유로	430
의문	430
의존	430
이식	430
이자	430
인종	430
자본	430
조기	430
지위	430
철저	430
추측	430
흡수	430
가동	429
감기	429
개별	429
개시	429
고발	429
공통	429
그래프	429
그림자	429
그해	429
달린	429
당국	429
대처	429
동양	429
때로	429
마약	429
마트	429
버티	429
변수	429
브라질	429
비서	429
사라졌	429
사법	429
사지	429
서부	429
선박	429
세부	429
수십	429
시범	429
실내	429
아이스크림	429
아일랜드	429
애초	429
에릭	429
용도	429
유출	429
음원	429
인민	429
장점	429
재배	429
준다고	429
지갑	429
지났	429
직무	429
찬성	429
총회	429
출간	429
춤추	429
포스터	429
해상	429
해안	429
황제	429
가짜	428
감옥	428
감자	428
걸요	428
결심	428
골프	428
구만	428
그쪽	428
기온	428
김치	428
끔찍	428
나리	428
노리	428
달렸	428
대량	428
대우	428
때려	428
모니터	428
모이	428
몰라도	428
미팅	428
밀리	428
배웠	428
베이	428
베이스	428
변환	428
본질	428
블록	428
사무소	428
소득	428
소수	428
손실	428
승객	428
식량	428
신속	428
아카데미	428
안타깝	428
앨리스	428
어딜	428
에이스	428
오염	428
요금	428
육성	428
인쇄	428
일자	428
임명	428
자산	428
장미	428
재현	428
전선	428
좌우	428
주머니	428
중복	428
진상	428
챙기	428
케이블	428
코어	428
학문	428
홈런	428
후배	428
히어로	428
갈래	427
강사	427
거인	427
결혼식	427
고장	427
과목	427
국방부	427
꿈꾸	427
남겼	427
너머	427
눌러	427
달콤	427
돌아와	427
드러나	427
떨어졌	427
란다	427
랭킹	427
마녀	427
만세	427
모래	427
베를린	427
병신	427
봅시다	427
부른	427
부품	427
빠졌	427
서울시	427
선호	427
솔루션	427
수령	427
신나	427
실종	427
암살	427
양산	427
어떨까	427
언덕	427
여의도	427
연간	427
웨이	427
윤리	427
인치	427
일산	427
임상	427
저게	427
전역	427
절대로	427
정작	427
제약	427
졸라	427
주연	427
즐겨	427
집계	427
착각	427
찾아오	427
청장	427
촛불	427
출범	427
케이크	427
터미널	427
편성	427
포르노	427
해고	427
혈관	427
가구	426
가량	426
감지	426
거두	426
경관	426
괴물	426
그런가	426
꼬마	426
낸다	426
냉장고	426
노트북	426
다를	426
단백질	426
달하	426
당사자	426
동맹	426
되찾	426
로우	426
만일	426
만지	426
머리카락	426
면역	426
명칭	426
부지	426
부패	426
불가	426
비극	426
빌려	426
서구	426
성당	426
스위스	426
승부	426
시나리오	426
신성	426
신학	426
실전	426
애정	426
엔딩	426
연맹	426
오렌지	426
용인	426
원피스	426
으론	426
이걸로	426
이날	426
이명박	426
인도네시아	426
일대	426
입사	426
장난감	426
장사	426
장인	426
전시회	426
전이	426
중구	426
축복	426
취업	426
캘리포니아	426
터지	426
텍사스	426
토마스	426
포커	426
함수	426
호랑이	426
회수	426
강릉	425
계급	425
계절	425
고구려	425
관해	425
그나마	425
그만큼	425
그치만	425
기다렸	425
김포	425
낯선	425
도박	425
따라가	425
라이	425
리드	425
리뷰	425
맨날	425
바꿀	425
바란다	425
방학	425
베이비	425
부수	425
분당	425
비전	425
사내	425
사라	425
살펴보	425
선출	425
소련	425
수천	425
슬픈	425
신인	425
양심	425
어쨌든	425
요약	425
우연히	425
유효	425
이슈	425
일당	425
일본인	425
접수	425
존스	425
창고	425
초점	425
취임	425
침묵	425
카카오	425
키보드	425
토리	425
페이	425
폴리	425
한때	425
한쪽	425
헤어	425
화장	425
회견	425
휴식	425
건립	424
구미	424
국당	424
그래야	424
그릇	424
극단	424
내장	424
논쟁	424
늘어나	424
대법원	424
대충	424
두려움	424
드린	424
떠난	424
로버트	424
루트	424
마법사	424
막대	424
바깥	424
바퀴	424
범인	424
부처	424
뷰티	424
사퇴	424
성별	424
소환	424
수능	424
숙제	424
스리	424
스킬	424
스톤	424
시신	424
어려움	424
어렸	424
연령	424
예외	424
유아	424
유치	424
유혹	424
으니까요	424
이온	424
입국	424
장수	424
조국	424
지나치	424
출입	424
트럼프	424
합동	424
헤이	424
호출	424
화물	424
계층	423
고지	423
공인	423
공화국	423
관할	423
괜히	423
나치	423
데려가	423
동굴	423
동지	423
둘러싼	423
랄까	423
레알	423
리듬	423
마루	423
머릿속	423
미만	423
미스터	423
반갑	423
보석	423
브라운	423
삽입	423
스님	423
스티브	423
스틸	423
승진	423
아이콘	423
안쪽	423
야마토	423
야생	423
오프닝	423
왜냐면	423
요한	423
용품	423
원본	423
유령	423
유용	423
으려	423
은가	423
의해서	423
입자	423
자르	423
저주	423
주니어	423
지연	423
진술	423
출마	423
출산	423
치르	423
탑승	423
터키	423
테이프	423
패키지	423
표기	423
한도	423
흰색	423
힙합	423
감당	422
강남구	422
검정	422
공짜	422
공헌	422
관람	422
관측	422
구두	422
국무	422
근본	422
기상	422
나선	422
나타난	422
낭비	422
다닐	422
단편	422
동해	422
드려	422
들어온	422
들어와	422
디즈니	422
뛰어나	422
리라	422
마일	422
반발	422
발전소	422
발휘	422
방안	422
배려	422
법안	422
별명	422
보여준다	422
비리	422
생애	422
석유	422
소위	422
수호	422
스페이스	422
슬프	422
애니	422
어색	422
에피소드	422
여지	422
예술가	422
오른	422
오토	422
왜곡	422
우와	422
운송	422
이대로	422
인터	422
일어날	422
입원	422
전적	422
조종	422
주차	422
중력	422
지각	422
지부	422
지우	422
차리	422
추첨	422
취재	422
치료제	422
침착	422
콜롬비아	422
키즈	422
퇴근	422
페어	422
필터	422
하얀	422
합작	422
항공기	422
햇살	422
호남	422
화장품	422
가로	421
가져오	421
간주	421
거지	421
계곡	421
공략	421
국방	421
그런지	421
나간	421
당원	421
데스	421
데이터베이스	421
두려워	421
레스토랑	421
바디	421
바래	421
박수	421
박정희	421
반전	421
발명	421
발목	421
벌레	421
베이징	421
부드럽	421
성소	421
소형	421
쇼핑몰	421
습관	421
실버	421
써서	421
아닌가요	421
안보	421
압도	421
약한	421
엘리자베스	421
예의	421
용량	421
웨스트	421
은데요	421
이따	421
이루어져	421
이행	421
인력	421
임기	421
자아	421
잘라	421
저리	421
전후	421
젠장	421
조선일보	421
주가	421
주거	421
죽였	421
줄어들	421
줍니다	421
중반	421
지혜	421
처형	421
첫날	421
추모	421
치명	421
캐시	421
컨셉	421
타격	421
통치	421
특유	421
패배	421
포토	421
합리	421
허위	421
회관	421
회로	421
갈수록	420
걸음	420
게시	420
경선	420
골라	420
공단	420
관리자	420
광산	420
구도	420
날려	420
노조	420
는군요	420
단점	420
답답	420
대륙	420
던져	420
도리	420
드래곤	420
말리	420
면접	420
무선	420
배팅	420
부회장	420
붕괴	420
브라이언	420
사소	420
사이드	420
성질	420
소금	420
스코어	420
스피드	420
시청자	420
시킨다	420
신다	420
신선	420
악기	420
야구장	420
업소	420
에어컨	420
여기저기	420
연휴	420
영장	420
오가	420
오프	420
욕망	420
워즈	420
유전	420
입문	420
입법	420
입양	420
자본주의	420
작곡	420
정해	420
조리	420
조만간	420
조화	420
주자	420
줄까	420
질투	420
초청	420
침해	420
캐스팅	420
타자	420
탄소	420
통로	420
파운드	420
판정	420
품질	420
풍경	420
하위	420
한잔	420
항복	420
해져	420
향기	420
형상	420
혜택	420
호소	420
감히	419
강간	419
교장	419
대개	419
대피	419
드러내	419
레이저	419
로맨틱	419
마비	419
매매	419
모았	419
무력	419
반사	419
방영	419
변동	419
보드	419
보이스	419
비타민	419
사료	419
사물	419
상인	419
서장	419
설비	419
세븐	419
세웠	419
소방	419
수다	419
신라	419
아지	419
야간	419
약자	419
어딘가	419
어째서	419
와중	419
욕심	419
원전	419
월급	419
위장	419
이겨	419
이루어진	419
일체	419
입시	419
입증	419
적당	419
젊은이	419
조항	419
주먹	419
주식회사	419
중동	419
지루	419
체인	419
초콜릿	419
축소	419
충북	419
코코	419
프레임	419
플래시	419
항구	419
해체	419
행하	419
헌신	419
협약	419
화가	419
화나	419
화폐	419
개장	418
거듭	418
거친	418
게이트	418
계란	418
고리	418
관여	418
광대	418
구사	418
기뻐	418
김해	418
꺼져	418
나비	418
노하우	418
농촌	418
누군지	418
뉴질랜드	418
다운로드	418
다이아몬드	418
대령	418
도저히	418
라니까	418
라면서	418
래퍼	418
마블	418
마요	418
마우스	418
매입	418
매직	418
메세지	418
목격	418
목요일	418
문신	418
문재	418
문화재	418
바쁜	418
반성	418
백신	418
번지	418
범죄자	418
보입니다	418
보트	418
브라	418
사다리	418
사후	418
산다	418
상식	418
설탕	418
수영장	418
아인	418
아픔	418
안다	418
언더	418
엘리베이터	418
이끄	418
이념	418
이쁜	418
인성	418
입술	418
자존심	418
전술	418
전제	418
주력	418
증후군	418
지형	418
찾아왔	418
촉진	418
출석	418
친척	418
쿠폰	418
탱크	418
특허	418
파라	418
편의점	418
피스	418
한자	418
항공사	418
해명	418
했으니	418
혐오	418
각국	417
갈게요	417
갈색	417
건전	417
견해	417
고양	417
공작	417
교양	417
구별	417
권위	417
규명	417
기절	417
낚시	417
넘겨	417
대안	417
로라	417
마냥	417
면허	417
멸망	417
무렵	417
민중	417
반박	417
배울	417
배트맨	417
버린다	417
벌어진	417
보증	417
분량	417
비즈니스	417
사찰	417
서브	417
성남시	417
성종	417
손님	417
스콧	417
스킨	417
아닌지	417
아담	417
어스	417
억제	417
여수	417
와우	417
외치	417
워너	417
이스	417
이제야	417
이중	417
인터페이스	417
일자리	417
장벽	417
재학	417
절망	417
점프	417
정직	417
정통	417
주석	417
진동	417
진학	417
참사	417
최후	417
컨텐츠	417
큰일	417
탐정	417
택배	417
파도	417
퍼센트	417
퍼포먼스	417
포착	417
학대	417
혼합	417
가죽	416
건축물	416
겁나	416
고치	416
광범위	416
구상	416
국정원	416
글쎄	416
금발	416
급식	416
내면	416
농민	416
느낀	416
늘리	416
다이	416
다크	416
담긴	416
대사관	416
독점	416
동아리	416
레이싱	416
마실	416
멀쩡	416
멈춰	416
멜로디	416
명절	416
모형	416
믹스	416
번개	416
벨트	416
본래	416
북미	416
분산	416
비중	416
사탕	416
사형	416
셋째	416
소감	416
속성	416
수염	416
숨기	416
스캔	416
시골	416
신념	416
신중	416
신한	416
심정	416
아산	416
아홉	416
에드워드	416
여사	416
연수	416
였으나	416
영구	416
용산	416
우아	416
울리	416
원자력	416
유발	416
이민	416
잔뜩	416
재무	416
재벌	416
전당	416
정글	416
져야	416
존나	416
주부	416
지리	416
징역	416
총선	416
충성	416
페이스	416
프랭크	416
프리미어	416
합병	416
해진다	416
허브	416
호스트	416
간부	415
감수	415
감싸	415
고베	415
고속	415
고작	415
곧바로	415
관장	415
관하	415
국적	415
금메달	415
기다릴	415
남긴	415
내린	415
눈빛	415
대체로	415
독재	415
동반	415
로리	415
마당	415
머신	415
메모	415
몰라서	415
몰라요	415
무단	415
배당	415
분과	415
불타	415
사생활	415
생명체	415
성립	415
손목	415
수요일	415
스승	415
스웨덴	415
스케줄	415
아름다움	415
엄격	415
업로드	415
연계	415
위탁	415
응급	415
인턴	415
장갑	415
장악	415
재고	415
종로	415
종족	415
주어진	415
주파수	415
준수	415
차기	415
차려	415
책임자	415
최강	415
출생	415
출판사	415
퀴즈	415
프로그래밍	415
한두	415
헤드	415
혈압	415
협의	415
회계	415
횟수	415
힐링	415
각도	414
거치	414
고래	414
공룡	414
구석	414
구제	414
구청	414
국산	414
그럼에도	414
기어	414
김대중	414
네덜란드	414
눈앞	414
다녀왔	414
다스	414
다행히	414
달라	414
담임	414
당할	414
대립	414
도장	414
동계	414
드물	414
들으면	414
리즈	414
마켓	414
무관	414
배상	414
배신	414
보편	414
복무	414
복제	414
분할	414
불꽃	414
비스트	414
상기	414
서면	414
선전	414
속옷	414
숙소	414
스파이	414
시야	414
신혼	414
실업	414
어려워	414
억지	414
여주	414
외출	414
원주	414
육체	414
이라크	414
인디	414
자율	414
잔인	414
장교	414
정면	414
주방	414
캐리	414
타이밍	414
테니스	414
투수	414
파랑	414
풀리	414
필립	414
합니까	414
항의	414
화해	414
간격	413
갈까	413
강철	413
개발자	413
경사	413
경찰청	413
과자	413
관해서	413
구할	413
궤도	413
그러므로	413
기장	413
길거리	413
까먹	413
내지	413
대다수	413
두산	413
드세요	413
득점	413
디아	413
딱히	413
마음속	413
마침	413
망치	413
미루	413
방사선	413
부작용	413
부진	413
사연	413
사제	413
삼성전자	413
삼촌	413
상공	413
석사	413
수량	413
스위치	413
시켜야	413
신자	413
신지	413
심해	413
써요	413
아우	413
약하	413
어때요	413
에다가	413
여권	413
여긴	413
연합회	413
영문	413
영양	413
옵니다	413
옵션	413
와라	413
우드	413
위상	413
유진	413
이른	413
이른바	413
이모	413
인체	413
자네	413
자수	413
작정	413
재개	413
저지	413
정서	413
제니	413
주차장	413
지분	413
짐작	413
착륙	413
촉구	413
춘천	413
토대	413
평일	413
하여금	413
학살	413
합법	413
해설	413
향수	413
가루	412
가벼운	412
가져왔	412
게시판	412
고수	412
기금	412
기상청	412
기숙사	412
기증	412
꾸미	412
내역	412
다녀오	412
단식	412
더러	412
도망가	412
들어와서	412
등기	412
디저트	412
레오	412
명시	412
몽골	412
바꿨	412
바이오	412
배제	412
복용	412
비스	412
상해	412
생물학	412
선사	412
세계관	412
소요	412
손자	412
수년	412
수명	412
수색	412
스티븐	412
승무원	412
쓴다	412
엘리	412
열려	412
예언	412
오피스	412
외국어	412
요괴	412
위안부	412
윌리엄	412
육아	412
융합	412
을래	412
이별	412
인격	412
자요	412
전날	412
정답	412
정화	412
제프	412
져서	412
조상	412
종전	412
주류	412
주행	412
즐거웠	412
찾아내	412
치우	412
캐스트	412
팔리	412
패밀리	412
포켓몬	412
함정	412
헬기	412
화요일	412
흔들리	412
흔한	412
희생자	412
힘내	412
가이드	411
간접	411
감추	411
개막	411
걸까요	411
걸릴	411
고가	411
고무	411
굉장	411
극장판	411
녹화	411
다녀	411
단기	411
동성애	411
동전	411
듀얼	411
레이트	411
막히	411
매각	411
명의	411
모금	411
모리	411
몰리	411
무너지	411
무례	411
문제점	411
물체	411
미아	411
반짝	411
발간	411
버그	411
벌어졌	411
복장	411
부시	411
비유	411
비주얼	411
빌보드	411
사라진	411
상임	411
상장	411
서식	411
센서	411
소셜	411
스토어	411
시정	411
알고리즘	411
양자	411
어딨	411
연금	411
영입	411
오디오	411
오리지널	411
올릴	411
워낙	411
워터	411
원형	411
윌슨	411
이마	411
이쁘	411
이어졌	411
일생	411
자궁	411
저러	411
점령	411
중년	411
지경	411
지랄	411
진도	411
집권	411
창립	411
창업	411
처방	411
천장	411
해소	411
희귀	411
가져다	410
개새끼	410
걸어가	410
계셨	410
광부	410
교육부	410
그다지	410
그립	410
기르	410
기호	410
단원	410
달래	410
당초	410
대여	410
대위	410
돌아보	410
라우	410
로켓	410
마쳤	410
마친	410
멋져	410
명백	410
미쳐	410
밤새	410
베드	410
보전	410
복권	410
본능	410
분포	410
분해	410
사당	410
사도	410
사드	410
상금	410
선포	410
섬유	410
소나무	410
소매	410
수강	410
수소	410
수자	410
스미스	410
스페인어	410
시트	410
신청서	410
아마추어	410
아이스	410
안타	410
압축	410
양국	410
영토	410
예민	410
예시	410
오페라	410
올바른	410
유대인	410
유머	410
육군	410
으려면	410
이득	410
이슬람	410
자바	410
전진	410
정복	410
좌파	410
주한	410
증정	410
지명	410
지지자	410
진료	410
찾아볼	410
천연	410
천지	410
최다	410
침투	410
카운티	410
컬렉션	410
케빈	410
태우	410
텍스트	410
토마토	410
틀리	410
퍼지	410
프로세서	410
행진	410
혼인	410
화력	410
후드	410
각오	409
간섭	409
강연	409
경보	409
곳곳	409
공구	409
공군	409
구단	409
구로	409
군산	409
그걸로	409
급하	409
껍질	409
날리	409
내주	409
냐면	409
뇌물	409
누이	409
당기	409
더운	409
돌보	409
뚜렷	409
리터	409
메이크업	409
무늬	409
무사히	409
미칠	409
민원	409
반환	409
방콕	409
뱀파이어	409
법무부	409
보정	409
부근	409
부당	409
분열	409
사라져	409
사명	409
샌드위치	409
선교	409
세운	409
소름	409
수동	409
수련	409
순천	409
십자가	409
여정	409
여태	409
연세대	409
연승	409
열쇠	409
우울증	409
우주선	409
유해	409
으려는	409
의뢰	409
이닝	409
이랬	409
이스트	409
잃어버린	409
입금	409
자비	409
재건	409
제작진	409
중고	409
중국인	409
즐길	409
지난주	409
지능	409
첨부	409
최적	409
취해	409
치과	409
카톡	409
태평양	409
테일	409
투데이	409
티셔츠	409
파란	409
편의	409
펼치	409
포지션	409
프로듀서	409
피우	409
하드웨어	409
함부로	409
환불	409
회색	409
회화	409
후퇴	409
흘러	409
간식	408
간직	408
갈리	408
견디	408
결함	408
경찰관	408
고위	408
고쳐	408
관통	408
귀족	408
그릴	408
나섰	408
납니다	408
니라	408
도청	408
돌아갔	408
드라이버	408
마카오	408
모듈	408
목욕	408
물러나	408
배우자	408
보충	408
부른다	408
브레이크	408
비례	408
사회주의	408
선두	408
성명	408
성실	408
세로	408
소유자	408
스카	408
습격	408
시리아	408
신축	408
신한은행	408
심의	408
어머님	408
었었	408
엔지니어	408
여덟	408
예루살렘	408
오디션	408
오피	408
욕구	408
우연	408
우체국	408
운동장	408
유인	408
음모	408
의외	408
인재	408
일환	408
임의	408
전망	408
전장	408
점검	408
정의당	408
정전	408
제인	408
조약	408
주주	408
중위	408
증인	408
청산	408
타이어	408
태아	408
통보	408
티비	408
편히	408
평택	408
폭스	408
폭염	408
폴더	408
프로토콜	408
하와이	408
학력	408
현명	408
후속	408
히로	408
히틀러	408
가르침	407
가속	407
개통	407
거실	407
겁니까	407
결승	407
결의	407
관광객	407
교대	407
군데	407
귀국	407
그나저나	407
그라	407
기각	407
기둥	407
기아	407
기종	407
남동생	407
당당	407
당첨	407
대외	407
독도	407
동구	407
동성	407
로비	407
리치	407
마땅	407
마인드	407
만져	407
말레이시아	407
모순	407
무용	407
방치	407
변태	407
분배	407
비아	407
사면	407
상원	407
생략	407
서민	407
선교사	407
섭취	407
세라	407
센스	407
수상자	407
수신	407
수여	407
스러웠	407
스퀘어	407
스터	407
신임	407
알림	407
액체	407
야기	407
야드	407
여학생	407
연쇄	407
오타	407
온천	407
우측	407
워드	407
원숭이	407
원조	407
이탈	407
일방	407
일으켰	407
자발	407
잠재	407
적혀	407
제법	407
제보	407
져요	407
지성	407
지킬	407
진압	407
찬양	407
척추	407
청원	407
초과	407
초래	407
코믹	407
키워	407
탈락	407
틀린	407
파산	407
패치	407
팬티	407
포도	407
프리미엄	407
피할	407
하나하나	407
항해	407
해결책	407
화살	407
후손	407
가도	406
공업	406
광명	406
광역	406
광화문	406
근접	406
김정은	406
는군	406
다중	406
더러운	406
더럽	406
도모	406
돌아올	406
둘러보	406
들여	406
라스	406
루이	406
루카스	406
막내	406
망했	406
메타	406
모욕	406
모텔	406
무죄	406
미상	406
발리	406
배고프	406
베스	406
변명	406
불쾌	406
성사	406
성숙	406
소멸	406
소파	406
수위	406
스텝	406
시드니	406
시애틀	406
시집	406
실래요	406
실체	406
안녕히	406
았었	406
앤디	406
어리	406
업그레이드	406
오만	406
옥수수	406
완화	406
원정	406
유래	406
유입	406
유죄	406
음악회	406
의정부	406
일관	406
자켓	406
재미없	406
점유	406
제게	406
중도	406
중부	406
지목	406
징계	406
초등학생	406
치아	406
카스	406
캡틴	406
커지	406
콜라	406
큐브	406
클라우드	406
토르	406
통장	406
투여	406
트리플	406
파란색	406
패널	406
퍼즐	406
편한	406
펼쳐	406
포로	406
포즈	406
풍속	406
프로토	406
플로	406
한숨	406
할께요	406
햇빛	406
호르몬	406
가톨릭	405
간다고	405
개소	405
개조	405
개체	405
경과	405
고집	405
관광지	405
구호	405
국내외	405
궁전	405
끊임없이	405
나노	405
나인	405
노동조합	405
느리	405
닌자	405
단단	405
당근	405
당분간	405
대단히	405
덩어리	405
데드	405
떠올리	405
루프	405
마산	405
메탈	405
목걸이	405
무거운	405
문법	405
민감	405
박쥐	405
벌금	405
법령	405
보너스	405
봉투	405
사립	405
사망자	405
상단	405
상주	405
서기	405
서방	405
선장	405
소지	405
수비	405
시가	405
시뮬레이션	405
신원	405
실사	405
심리학	405
아미	405
아오	405
양반	405
억울	405
언스	405
업적	405
여도	405
여친	405
예뻐	405
예선	405
오우	405
왕비	405
우산	405
운반	405
운항	405
월간	405
유물	405
유연	405
유쾌	405
일행	405
자제	405
잠실	405
재직	405
정교	405
정밀	405
정정	405
조류	405
조종사	405
주름	405
죽일	405
지문	405
진전	405
찰리	405
체중	405
최우선	405
추방	405
추후	405
출동	405
취한	405
커크	405
켈리	405
탐지	405
파업	405
판매량	405
편견	405
해적	405
행정부	405
호칭	405
호환	405
효력	405
가계	404
갈라	404
개척	404
갱신	404
거래소	404
교정	404
나와요	404
농도	404
농부	404
다름	404
대대	404
대변인	404
대항	404
동력	404
때때로	404
떠들	404
려나	404
로프	404
리아	404
마르	404
막상	404
매달	404
맥락	404
메이커	404
목포	404
몸무게	404
바뀐	404
바치	404
방송국	404
방탄소년단	404
백작	404
벚꽃	404
베타	404
별거	404
보스턴	404
보인	404
복음	404
볼까요	404
빠질	404
사업자	404
서술	404
소니	404
수분	404
슬로건	404
신세계	404
실은	404
안개	404
안산	404
알렉스	404
애플리케이션	404
여겨	404
역임	404
연이	404
염려	404
오이	404
와야	404
원격	404
원수	404
위키	404
유성	404
익명	404
인텔	404
작곡가	404
작사	404
잡혀	404
재즈	404
저건	404
전직	404
정자	404
종말	404
종양	404
준다는	404
줄기	404
즐거움	404
지워	404
지표	404
초월	404
충실	404
캘리	404
커서	404
코끼리	404
타로	404
태권	404
토렌트	404
특별시	404
튼튼	404
폴란드	404
플라스틱	404
하워드	404
할래요	404
헤어지	404
효능	404
훼손	404
흥행	404
가만	403
간단히	403
거점	403
게재	403
고추	403
공연장	403
권고	403
그렸	403
난민	403
날아가	403
내기	403
내려놓	403
대왕	403
대접	403
동인	403
라던가	403
마셨	403
메달	403
모른	403
무인	403
무효	403
미녀	403
미워	403
미인	403
발효	403
배워	403
버섯	403
별개	403
분자	403
불량	403
사슴	403
산타	403
상속	403
서서히	403
성지	403
솔로	403
슈퍼맨	403
안철수	403
애완	403
액자	403
앨런	403
야외	403
연구실	403
요법	403
이어서	403
이이	403
일으켜	403
잉글랜드	403
자란	403
자사	403
잠수함	403
잡아먹	403
적자	403
차관	403
차이점	403
처녀	403
처지	403
철회	403
출국	403
컴백	403
컴퍼니	403
킬로미터	403
튜브	403
푸드	403
피로	403
한겨레	403
홀리	403
홍수	403
가해자	402
객관	402
계실	402
교단	402
교도소	402
교통사고	402
국제공항	402
그니까	402
기울	402
나눌	402
남한	402
네이트	402
다가가	402
다룬	402
단축	402
달걀	402
도우	402
동상	402
돼야	402
들어야	402
들어올	402
딱딱	402
딸기	402
라인업	402
만만	402
모릅니다	402
무스	402
밀러	402
받아들여	402
밝혀졌	402
방침	402
부가	402
상관없이	402
새끼야	402
새우	402
생겨	402
생리	402
생선	402
세균	402
셀프	402
소품	402
수송	402
수습	402
수축	402
순식간	402
스테이크	402
스티커	402
스프링	402
시공	402
신작	402
실용	402
아닙니까	402
아리	402
알코올	402
약점	402
어쩌다	402
염색	402
외곽	402
유력	402
저하	402
적당히	402
전방	402
정보원	402
제이슨	402
좌절	402
주스	402
착수	402
창의	402
초록	402
충족	402
취지	402
코로나	402
코미디	402
키워드	402
터졌	402
테일러	402
팀원	402
파라다이스	402
파주	402
폐기	402
풍선	402
프로세스	402
피드백	402
한심	402
가하	401
공방	401
관념	401
그리워	401
기술자	401
나빠	401
남친	401
노아	401
놀래	401
놓여	401
니트	401
달랐	401
담겨	401
도심	401
독서	401
돌아갈	401
드론	401
디스플레이	401
뜨겁	401
라기	401
려던	401
리본	401
망할	401
매출	401
메가	401
멘토	401
모였	401
목적지	401
몸매	401
무어	401
미미	401
방송사	401
버거	401
부끄럽	401
부드러운	401
새해	401
샌프란시스코	401
생체	401
성도	401
세이	401
수건	401
수직	401
시립	401
신곡	401
아메리카	401
안겨	401
약국	401
양보	401
업자	401
여당	401
연봉	401
오션	401
옮겼	401
외롭	401
요건	401
운동가	401
원가	401
유대	401
유포	401
은혜	401
이드	401
인다	401
일러스트	401
일화	401
입맛	401
절친	401
제사	401
주입	401
채권	401
챌린지	401
청사	401
출현	401
탐사	401
편리	401
포유	401
회피	401
힘드	401
강렬	400
거품	400
건네	400
격리	400
결말	400
경제학	400
공익	400
공통점	400
공화	400
구동	400
구출	400
규격	400
내릴	400
너스	400
넘쳐	400
노란	400
누적	400
다큐멘터리	400
단속	400
대본	400
대지	400
동행	400
뒤늦	400
듀오	400
라이브러리	400
메이드	400
모인	400
무비	400
미러	400
방패	400
범행	400
병역	400
보복	400
부디	400
부친	400
브라우저	400
브루스	400
비추	400
사쿠라	400
상점	400
서적	400
선명	400
선원	400
설교	400
성취	400
소규모	400
스위트	400
시켜서	400
신상	400
신세	400
실례	400
싸웠	400
쓸데없	400
아나운서	400
안동	400
억압	400
원했	400
유독	400
의약품	400
이놈	400
자구	400
재질	400
전류	400
제리	400
즈음	400
지체	400
철거	400
체리	400
체스	400
충동	400
크루	400
탐구	400
특검	400
특전	400
펭귄	400
폭로	400
하키	400
할수록	400
해운대	400
핵무기	400
향후	400
화내	400
확립	400
후자	400
후쿠오카	400
휴일	400
흑백	400
개요	399
걸친	399
검은색	399
고령	399
공직	399
기쁜	399
나옵니다	399
농협	399
데요	399
동경	399
동참	399
떨어질	399
똑바로	399
라리	399
로빈	399
리우	399
마이너	399
만점	399
머무르	399
모자라	399
물리학	399
바꾼	399
발급	399
발라	399
방울	399
버터	399
보답	399
봉쇄	399
부착	399
비니	399
빨강	399
생겨서	399
선보였	399
소울	399
소집	399
시바	399
시속	399
시술	399
식별	399
실험실	399
아버님	399
아스	399
악당	399
양말	399
여배우	399
연말	399
오케스트라	399
오프라인	399
옹호	399
우지	399
위쪽	399
유감	399
유니폼	399
으리	399
음향	399
의거	399
이겼	399
이래서	399
이빨	399
이즈	399
인문	399
인접	399
일괄	399
적대	399
절단	399
정국	399
제재	399
죽인	399
줄래	399
중립	399
증오	399
집사	399
채취	399
추운	399
코인	399
크로	399
터져	399
페리	399
펼쳤	399
폭파	399
표명	399
플랜	399
하노이	399
하원	399
하차	399
할리우드	399
훔쳐	399
거꾸로	398
거칠	398
게끔	398
경연	398
고의	398
교훈	398
궁극	398
그레	398
기인	398
깃발	398
나마	398
나타난다	398
내밀	398
노란색	398
다요	398
담당자	398
대강	398
데이빗	398
도널드	398
동등	398
동문	398
동물원	398
뒤지	398
드문	398
레이디	398
릴리	398
마라톤	398
마마	398
먹여	398
모세	398
모스	398
무상	398
미시	398
발송	398
방면	398
방출	398
밸리	398
볼트	398
부과	398
비명	398
비밀번호	398
비웃	398
사령부	398
석탄	398
선행	398
성운	398
성폭력	398
세션	398
소음	398
수산	398
스탠드	398
스트리밍	398
시비	398
시스	398
안티	398
어리석	398
어울려	398
에디션	398
오니	398
오로지	398
외면	398
요가	398
울프	398
웃긴	398
위안	398
유족	398
이것저것	398
이요	398
일으킬	398
자랐	398
저것	398
좌표	398
중순	398
중시	398
중점	398
증진	398
진작	398
찌르	398
찾아온	398
찾아와	398
천하	398
첨단	398
총기	398
최순	398
추워	398
추출	398
치열	398
케익	398
크리	398
트레	398
파이프	398
파인	398
포위	398
핑계	398
하사	398
한창	398
간호	397
거제	397
견적	397
결성	397
고립	397
과도	397
교차	397
구독	397
기억나	397
기한	397
나타날	397
낙태	397
난이도	397
남매	397
냐구	397
노벨	397
단서	397
단추	397
대변	397
더빙	397
데이비스	397
도메인	397
도시락	397
동정	397
디젤	397
뛰어들	397
레인	397
루시	397
리버	397
마력	397
매거진	397
매수	397
묘지	397
문헌	397
미사	397
배역	397
배후	397
백악관	397
벅스	397
보여요	397
본명	397
본체	397
비자	397
상부	397
상의	397
샐러드	397
서점	397
섬세	397
성령	397
센트	397
수시	397
시급	397
시력	397
시상	397
시크릿	397
식민지	397
실명	397
악몽	397
안나	397
알렸	397
앵커	397
양파	397
어쩜	397
연락처	397
연산	397
영등포	397
예매	397
예배	397
옥상	397
외과	397
웨이브	397
유무	397
유키	397
이관	397
이달	397
이력	397
이수	397
일련	397
임원	397
입대	397
장래	397
재앙	397
전지	397
정렬	397
정류장	397
정장	397
제왕	397
조회	397
좌측	397
주재	397
즉각	397
증세	397
지휘관	397
직면	397
집합	397
차가운	397
차장	397
취약	397
치료법	397
치마	397
카카오톡	397
커뮤니케이션	397
코난	397
타스	397
텔레콤	397
통영	397
트랩	397
파키스탄	397
펌프	397
편입	397
포괄	397
포털	397
표본	397
피치	397
한복	397
화랑	397
가라앉	396
가려	396
감탄	396
거론	396
거미	396
견제	396
계열사	396
고인	396
교원	396
군주	396
나란히	396
내보내	396
내외	396
니아	396
다네	396
다람쥐	396
대담	396
동아시아	396
뒤쪽	396
딜러	396
레몬	396
마구	396
마셔	396
마음껏	396
모션	396
몹시	396
밀도	396
박람회	396
박살	396
반도체	396
반장	396
배고파	396
배열	396
번영	396
벌였	396
보살	396
보완	396
빨간색	396
상가	396
상어	396
서사	396
선동	396
성주	396
수녀	396
수컷	396
스프	396
식구	396
쓰리	396
아시	396
알라딘	396
여고	396
연도	396
영화관	396
오바마	396
오토바이	396
워커	396
이단	396
일부분	396
입수	396
자회사	396
재활	396
전했	396
접시	396
정성	396
정해진	396
줄여	396
참전	396
충주	396
침략	396
침몰	396
코디	396
퀄리티	396
크롬	396
크루즈	396
타마	396
토하	396
패드	396
펜싱	396
폭포	396
플로리다	396
피지	396
하단	396
학사	396
호모	396
황당	396
강서구	395
개구리	395
개그	395
건국	395
건대	395
경호	395
계승	395
고려대	395
고사	395
공평	395
극한	395
노드	395
달려가	395
달력	395
더구나	395
덴마크	395
독성	395
드라	395
든든	395
들어간다	395
디오	395
라이더	395
럭키	395
렉스	395
로지	395
마라	395
마술	395
마스	395
말려	395
맛보	395
면제	395
멸종	395
명문	395
무겁	395
바나나	395
방위	395
백제	395
버드	395
버스터	395
본다면	395
불륜	395
비참	395
빌라	395
사거리	395
사이클	395
상냥	395
생생	395
성기	395
성추행	395
소생	395
수확	395
슬롯	395
시끄럽	395
시합	395
식스	395
식탁	395
심심	395
아닐까요	395
아래쪽	395
아베	395
아울러	395
아크	395
아플	395
어르신	395
역전	395
연구자	395
연동	395
연루	395
온몸	395
우상	395
우회	395
워크	395
웨딩	395
의의	395
인자	395
일리	395
입체	395
장거리	395
재판소	395
저서	395
전투기	395
제작자	395
조달	395
조준	395
종사	395
죄책감	395
중재	395
지낸	395
진이	395
채소	395
추리	395
컨트롤	395
케이트	395
투자자	395
포맷	395
포크	395
하필	395
할당	395
합창	395
해발	395
현직	395
가축	394
각기	394
강당	394
개미	394
걸어서	394
경매	394
계세요	394
계약서	394
고속도	394
공백	394
공천	394
구절	394
권장	394
그라운드	394
낭만	394
낮추	394
노스	394
다정	394
도르	394
도요	394
동아	394
두뇌	394
드려야	394
든가	394
떠날	394
라라	394
레이더	394
루크	394
리타	394
린다	394
모스크바	394
미키	394
밀접	394
바랄	394
반가워요	394
반려	394
보호자	394
복도	394
본선	394
볼래	394
부유	394
부재	394
사무총장	394
사방	394
사탄	394
살아갈	394
생존자	394
선진	394
섬기	394
성전	394
소령	394
소주	394
손톱	394
수수	394
수평	394
스파	394
시흥	394
신천지	394
쓸모	394
아무렇	394
안면	394
야겠다	394
야채	394
에바	394
오스트리아	394
올리브	394
외상	394
용감	394
원주민	394
육상	394
이송	394
잔디	394
전무	394
전압	394
정오	394
조례	394
지난번	394
지면	394
지지율	394
진한	394
초록색	394
취직	394
친일	394
타락	394
탄압	394
탐색	394
터질	394
테크	394
텔레비전	394
특별법	394
파기	394
패트릭	394
퍼져	394
포켓	394
프레스	394
피고인	394
한류	394
한인	394
헤더	394
혈액형	394
호기심	394
홍대	394
회차	394
휴먼	394
각성	393
감금	393
갑시다	393
객체	393
건의	393
경유	393
고스트	393
교육감	393
권유	393
그놈	393
급한	393
기세	393
끼워	393
나간다	393
노라	393
농사	393
다이빙	393
대세	393
더위	393
델타	393
동거	393
동대문	393
동성애자	393
됐으며	393
드럼	393
랭크	393
레시피	393
로건	393
리어	393
리틀	393
마른	393
마이애미	393
만성	393
명소	393
모은	393
무지개	393
바리	393
바이올린	393
백업	393
벨기에	393
변호	393
본문	393
블레이드	393
빅뱅	393
석방	393
선거구	393
성서	393
소모	393
손길	393
송도	393
송파구	393
수장	393
숨겨진	393
슈트	393
스레	393
스펙	393
승자	393
시드	393
시중	393
신도	393
싸이	393
써도	393
씨앗	393
아레나	393
알라	393
애국	393
어선	393
어하	393
연안	393
연합뉴스	393
염소	393
오마	393
오산	393
온통	393
우물	393
운전자	393
울음	393
원자	393
위해선	393
육지	393
으니깐	393
이긴	393
이불	393
이여	393
익산	393
잉크	393
자선	393
자신감	393
장례	393
장학금	393
저널	393
저지른	393
전철	393
제정신	393
조립	393
종로구	393
죄다	393
중소기업	393
지중해	393
차분	393
총재	393
카트	393
콘크리트	393
퀘스트	393
토미	393
토비	393
특권	393
표적	393
프로모션	393
피아	393
하락	393
하마	393
한나라당	393
할꺼	393
합창단	393
해수욕장	393
행보	393
헬스	393
호의	393
호평	393
휠체어	393
흉터	393
가까워	392
가져온	392
강좌	392
결승전	392
고마웠	392
국악	392
귀환	392
규탄	392
그쵸	392
극심	392
까마귀	392
눈썹	392
다짐	392
다큐	392
담요	392
대폭	392
덩치	392
데모	392
도왔	392
동결	392
두렵	392
둥지	392
듀스	392
들렸	392
랜덤	392
램프	392
로그	392
릴레이	392
마닐라	392
마키	392
맞춤	392
모닝	392
모토	392
무산	392
뭘까	392
미분	392
미성년자	392
미세	392
미셸	392
밀양	392
바늘	392
방사능	392
백색	392
별다른	392
보여준	392
본성	392
부끄러운	392
부호	392
빅터	392
사부	392
상당수	392
상표	392
설문	392
소피아	392
수렴	392
수수료	392
수트	392
스러움	392
시마	392
싸울	392
아메리칸	392
안무	392
안테나	392
암시	392
암컷	392
양상	392
어느새	392
에디	392
엘리트	392
염증	392
옆집	392
오징어	392
올라갔	392
완결	392
워킹	392
위조	392
이타	392
일보	392
일으킨	392
잃어버렸	392
입주	392
자야	392
재해	392
저쪽	392
전염병	392
절제	392
정령	392
제작사	392
존슨	392
죄인	392
준공	392
중세	392
중학생	392
지상파	392
지치	392
지켜야	392
참으로	392
창피	392
척하	392
초원	392
킬러	392
트로피	392
틀렸	392
파이널	392
파장	392
패러디	392
팩토리	392
평판	392
표절	392
프라이즈	392
픽셀	392
학년도	392
학업	392
한스	392
항로	392
해준다	392
햄버거	392
가드	391
강해	391
개헌	391
구려	391
그쳤	391
근로자	391
기념관	391
기리	391
김일성	391
꼭대기	391
납득	391
노동당	391
노랑	391
농림	391
단정	391
달라졌	391
대수	391
대조	391
대치	391
동서	391
드루	391
라곤	391
려구요	391
려다	391
리조트	391
말투	391
망상	391
매진	391
매트	391
맹세	391
모던	391
모범	391
모티브	391
미라	391
바뀔	391
반란	391
반하	391
베개	391
변했	391
병행	391
복면	391
붙였	391
블랙홀	391
사나이	391
산부인과	391
산지	391
상한	391
생긴다	391
셜록	391
소개팅	391
수수께끼	391
수중	391
스윙	391
스트리트	391
슬슬	391
시안	391
신랑	391
신탁	391
애매	391
역량	391
역설	391
역학	391
오스카	391
올라왔	391
와이파이	391
외계인	391
외로운	391
용의자	391
우르	391
움직일	391
원천	391
유다	391
의대	391
의류	391
입지	391
자유주의	391
장례식	391
전수	391
정문	391
정수	391
졸업식	391
주의자	391
지장	391
지침	391
쳐서	391
추상	391
침공	391
칼럼	391
클로	391
클리어	391
타협	391
품종	391
플라이	391
한결	391
함대	391
혹시나	391
효소	391
후면	391
휴스턴	391
가르쳤	390
가설	390
간장	390
강수량	390
개소리	390
거북	390
경영자	390
경영학	390
고른	390
고속도로	390
골목	390
공모	390
과실	390
관중	390
교통부	390
국무총리	390
근원	390
금고	390
김정일	390
나열	390
내놔	390
노릇	390
노숙	390
대리인	390
더더욱	390
데니스	390
동방	390
떠올랐	390
뚜껑	390
레코드	390
로얄	390
루나	390
리눅스	390
링컨	390
매칭	390
며느리	390
모건	390
몰입	390
무한도전	390
미드	390
베풀	390
별자리	390
보라	390
보리	390
보여서	390
부엌	390
비누	390
사관	390
사수	390
서산	390
서초구	390
선수단	390
성원	390
세일	390
수법	390
스태프	390
실적	390
아마존	390
어둡	390
어마어마	390
엔젤	390
옷장	390
우스	390
원한다면	390
위임	390
유동	390
유정	390
이어폰	390
인제	390
일가	390
자가	390
자니	390
자석	390
전도	390
절벽	390
정품	390
제천	390
조세	390
종결	390
중령	390
지주	390
지켰	390
진다고	390
진해	390
초음파	390
축적	390
충청	390
취했	390
친일파	390
카레	390
컨디션	390
케어	390
클리닉	390
탐험	390
터보	390
테라	390
통역	390
펑크	390
포커스	390
하도	390
해독	390
해선	390
화끈	390
화보	390
후방	390
훈장	390
개수	389
곡선	389
과다	389
극대	389
금전	389
급격히	389
기침	389
낮잠	389
내요	389
노래방	389
놀란	389
대니	389
대해선	389
던전	389
돌고래	389
두부	389
두통	389
떨어져서	389
로그인	389
로워	389
루비	389
리언	389
맞춰서	389
매도	389
머물렀	389
목장	389
목재	389
무서웠	389
문화유산	389
물가	389
뮤지션	389
민사	389
발전기	389
벌리	389
범주	389
변해	389
부평	389
사리	389
산림	389
세이브	389
소망	389
소수자	389
스팀	389
시멘트	389
시킴	389
신분증	389
실려	389
실화	389
쓰러지	389
쓰여	389
아군	389
아깝	389
아날로그	389
아르	389
아르헨티나	389
아름다워	389
아세요	389
아팠	389
야망	389
양주	389
양호	389
여진	389
오지	389
오크	389
올라와	389
왼손	389
요리사	389
용사	389
우대	389
우위	389
원망	389
위생	389
유적	389
으라	389
응모	389
이어져	389
이적	389
이터	389
자격증	389
저걸	389
저승	389
저택	389
전경	389
정선	389
제시카	389
제압	389
조니	389
종자	389
중앙일보	389
집어넣	389
청문회	389
추격	389
출혈	389
친해	389
침실	389
타당	389
탁구	389
파스타	389
팔찌	389
퍼스트	389
피오	389
하천	389
한대	389
한데요	389
한양	389
함양	389
해산	389
헬로	389
확진	389
휴게소	389
흔하	389
가왕	388
가져올	388
각본	388
간절히	388
강서	388
거주자	388
건축가	388
걸즈	388
겹치	388
경위	388
고로	388
고조	388
고화질	388
곤충	388
공고	388
공용	388
구슬	388
구워	388
구조물	388
국수	388
국왕	388
귀중	388
그루	388
기성	388
넷플릭스	388
노르웨이	388
닉스	388
다물	388
다투	388
답장	388
대의	388
대포	388
도우미	388
리모	388
리허설	388
마취	388
멋대로	388
멍청이	388
모델링	388
모리스	388
발병	388
배리	388
베일	388
벤처	388
부끄러워	388
부두	388
비단	388
빨래	388
뿌려	388
서해	388
설레	388
성매매	388
세인트	388
손잡이	388
수원시	388
신약	388
실점	388
알아듣	388
약화	388
어땠	388
어미	388
연소	388
오락	388
오즈	388
완공	388
왕복	388
욕실	388
우즈	388
유니	388
응시	388
입히	388
자자	388
잔소리	388
잡혔	388
잡힌	388
재판관	388
저지르	388
전작	388
정했	388
주지사	388
지름	388
진로	388
창출	388
챔피	388
철저히	388
청하	388
체조	388
초능력	388
총알	388
추세	388
캐서린	388
커튼	388
코믹스	388
코카	388
쿠바	388
크라운	388
키트	388
테크노	388
텍스	388
트윈	388
특급	388
프라	388
프렌즈	388
피쉬	388
하하	388
합쳐	388
항만	388
해냈	388
해치	388
해커	388
호감	388
호흡기	388
화석	388
가신	387
각지	387
감안	387
강동	387
결과물	387
경상북도	387
계십니다	387
공산당	387
관료	387
구이	387
국도	387
기다려야	387
나눈	387
나주	387
남구	387
남용	387
냐구요	387
놔야	387
눈길	387
다툼	387
도는	387
도루	387
독수리	387
드러났	387
드릴께요	387
등지	387
러닝	387
마드리드	387
마포구	387
맡겨	387
명동	387
명함	387
모여서	387
물결	387
발렌타인	387
발작	387
버려야	387
북경	387
불명	387
비로소	387
사업가	387
상하이	387
성균관	387
세례	387
세미나	387
세탁	387
소설가	387
소용	387
손바닥	387
쇼크	387
수용소	387
스크립트	387
스텔라	387
스틱	387
스포츠토토	387
시동	387
시시	387
신촌	387
실감	387
아파서	387
안주	387
알루미늄	387
어려울	387
어째	387
엉뚱	387
오름	387
올라갈	387
원로	387
원문	387
이민자	387
이야말로	387
익스	387
인명	387
인질	387
임팩트	387
입학식	387
자지	387
잔치	387
정적	387
조장	387
존엄	387
주역	387
주전	387
중공업	387
즐거워	387
체류	387
카이사르	387
카터	387
칵테일	387
칼리	387
타임스	387
탁월	387
텐트	387
트레이	387
펀치	387
프레	387
하긴	387
하이드	387
학점	387
해리스	387
핸드	387
헬리콥터	387
현역	387
혜성	387
화산	387
흘러가	387
가든	386
가해	386
간절	386
개관	386
거세	386
겐지	386
격려	386
격차	386
겸손	386
고든	386
골반	386
공영	386
공예	386
과잉	386
근로	386
급격	386
깜빡	386
꾸준	386
끝냈	386
남미	386
넘버	386
는데도	386
다룰	386
단절	386
대거	386
대부	386
던졌	386
도끼	386
도어	386
뒤져	386
뛰어넘	386
라이벌	386
러스	386
리더십	386
리코	386
마왕	386
민국	386
민정	386
발령	386
발의	386
버지니아	386
벌인	386
보라색	386
보좌관	386
봐야지	386
부실	386
분만	386
분실	386
붙인	386
비둘기	386
비서관	386
빨라	386
사라질	386
사이먼	386
살펴	386
생계	386
선조	386
세분	386
센트럴	386
소방관	386
소방서	386
소변	386
손녀	386
숭배	386
스노우	386
스캔들	386
스테이션	386
신가	386
실리	386
아리랑	386
악성	386
알람	386
알레르기	386
알렉산더	386
암흑	386
야수	386
양평	386
엘프	386
영재	386
예스	386
오메가	386
올리버	386
외계	386
외관	386
원치	386
유능	386
유타	386
의결	386
이주	386
이즈미	386
자카르타	386
장터	386
제의	386
젠더	386
조별	386
주권	386
주지	386
줘라	386
증대	386
지출	386
지칭	386
집필	386
처치	386
최상	386
컨테이너	386
코엑스	386
크리스탈	386
클라크	386
키울	386
튜버	386
트라우마	386
티저	386
페미니즘	386
페인트	386
평론가	386
평면	386
풋볼	386
플라	386
하이라이트	386
학부모	386
한성	386
합치	386
해병대	386
형편	386
호응	386
흉내	386
간신히	385
간판	385
갔었	385
강변	385
강원랜드	385
개종	385
고성	385
고아	385
공조	385
관절	385
교감	385
교토	385
군중	385
귀한	385
급여	385
기념일	385
기미	385
기밀	385
깨달음	385
남양주	385
냐고요	385
네트	385
넥타이	385
논산	385
뉴저지	385
도발	385
돌격	385
돌입	385
두께	385
둘러싸	385
등판	385
뚱뚱	385
러셀	385
리오	385
마담	385
마포	385
매니아	385
먹거리	385
메이트	385
모노	385
목동	385
무제	385
문득	385
미용	385
민간인	385
민심	385
바르셀로나	385
바빠서	385
반가웠	385
반경	385
밝힌	385
버릇	385
변한	385
사안	385
사옥	385
사용법	385
사우스	385
상륙	385
서원	385
선한	385
성모	385
성폭행	385
소량	385
소소	385
소액	385
수첩	385
슈팅	385
스피커	385
시아	385
싸워	385
아디	385
아벨	385
아아	385
앞뒤	385
앞쪽	385
애비	385
약품	385
에프	385
여전	385
연필	385
오케이	385
올라온	385
와일드	385
왕실	385
외로움	385
용병	385
원소	385
윌리엄스	385
유의	385
유카	385
음주	385
응급실	385
이마트	385
인공지능	385
잘생긴	385
잠자리	385
장애물	385
적색	385
전격	385
전두환	385
전문의	385
정돈	385
정점	385
젤리	385
지나간	385
지도부	385
지친	385
질러	385
짜릿	385
창원시	385
천주교	385
축산	385
측근	385
친다	385
친하	385
칠레	385
카를로스	385
컴퓨팅	385
클립	385
타이탄	385
탈당	385
태극기	385
텐데요	385
통신사	385
트레이너	385
특기	385
틀림없	385
티나	385
티스	385
파이터	385
포터	385
폰트	385
품절	385
풍기	385
프린스	385
피겨	385
하버드	385
함선	385
합당	385
합병증	385
해운	385
활짝	385
갇혀	384
강북	384
견딜	384
결산	384
고모	384
공세	384
광경	384
광복	384
국물	384
규범	384
극도	384
극히	384
기꺼이	384
깡패	384
꼬맹이	384
냉정	384
네티즌	384
누굴	384
느린	384
늘어났	384
도난	384
돌렸	384
돌릴	384
돌연변이	384
되돌	384
둔다	384
드실	384
들러	384
라가	384
로키	384
리프	384
마니	384
마십시오	384
맞춘	384
메신저	384
멜론	384
명목	384
명심	384
모모	384
모터	384
목회	384
물류	384
미주	384
벗어날	384
벽돌	384
병장	384
보람	384
북구	384
브리	384
비평	384
사로잡	384
사마	384
사본	384
사흘	384
소라	384
속초	384
손잡	384
송이	384
스케치	384
시세	384
실린	384
실물	384
아키	384
알아볼	384
양면	384
얘길	384
언젠간	384
예보	384
올게요	384
올레	384
와이프	384
왓슨	384
용납	384
용이	384
우치	384
원활	384
월터	384
웨인	384
음료수	384
인과	384
자손	384
자취	384
장로	384
절정	384
정주	384
조롱	384
주고받	384
중심지	384
차선	384
체온	384
칼라	384
쿠션	384
쿠퍼	384
토로	384
퇴직	384
트레일러	384
프랑스어	384
할로윈	384
함유	384
항생제	384
행렬	384
화질	384
가르	383
가혹	383
간다는	383
개인전	383
경감	383
고독	383
고선	383
고안	383
광학	383
교복	383
구장	383
군단	383
권총	383
농성	383
니즈	383
다름없	383
담보	383
당진	383
대성	383
도니	383
도둑	383
도용	383
동사	383
두바이	383
뒷면	383
떨리	383
레나	383
루피	383
마신	383
망토	383
메르	383
모른다는	383
밀려	383
반포	383
받아들일	383
버디	383
벤츠	383
벤치	383
보훈	383
복종	383
부류	383
부턴	383
부흥	383
분홍색	383
비법	383
비비	383
뽀뽀	383
사나	383
색채	383
성희롱	383
세련	383
소진	383
솜씨	383
수로	383
수료	383
수인	383
숙청	383
숨겨	383
스러울	383
스펙트럼	383
스폰서	383
시련	383
시발	383
신음	383
실무	383
쌓여	383
아드	383
아유	383
아프가니스탄	383
액정	383
어휘	383
오일	383
왕관	383
왕조	383
욕조	383
우승자	383
위력	383
윈터	383
유공자	383
유권자	383
의사소통	383
이른다	383
이용자	383
인조	383
잊어	383
잠금	383
제네바	383
제물	383
주유소	383
중화	383
지나갔	383
짱구	383
찔러	383
착취	383
채무	383
초보	383
초안	383
추기경	383
클레어	383
클린	383
트레이닝	383
파생	383
파커	383
팽창	383
표창	383
하루하루	383
학계	383
한층	383
했잖아	383
회상	383
훌쩍	383
강점기	382
개정안	382
거슬러	382
거창	382
경이	382
경호원	382
경희대	382
계수	382
고구마	382
공대	382
공로	382
공존	382
공휴일	382
관심사	382
관제	382
구했	382
국사	382
귀여워	382
그랜트	382
기수	382
김천	382
꺼야	382
나눴	382
남원	382
내셔널	382
누락	382
닌텐도	382
단체장	382
대역	382
등극	382
디렉터	382
따랐	382
라틴	382
리가	382
리온	382
리포트	382
마나	382
마사	382
마찰	382
막혀	382
매너	382
면담	382
명곡	382
명분	382
모기	382
모셔	382
무작위	382
미스터리	382
미얀마	382
받아들였	382
발가락	382
발레	382
발산	382
발표회	382
배트	382
버블	382
변기	382
보인다고	382
부도	382
부름	382
부총리	382
뿌듯	382
사슬	382
사신	382
상반기	382
상용	382
새삼	382
서초	382
서포터	382
세미	382
수락	382
시국	382
실태	382
아껴	382
아르바이트	382
아무거	382
아주머니	382
악수	382
악의	382
안중근	382
양해	382
에로	382
오른손	382
올드	382
외형	382
요트	382
원한	382
원화	382
유가족	382
인포	382
일러	382
자택	382
장기간	382
장편	382
재킷	382
전담	382
제대	382
조셉	382
주교	382
주임	382
줄리엣	382
지뢰	382
지쳐	382
진공	382
쪽지	382
처한	382
청각	382
총수	382
추위	382
치가	382
카리스마	382
캠핑	382
크리스틴	382
클라이언트	382
태워	382
텔레	382
토스	382
토양	382
퇴사	382
평온	382
폭격	382
폭동	382
필사	382
할려고	382
홍준표	382
흘려	382
가르시아	381
감찰	381
강인	381
거니	381
걸려서	381
격렬	381
견인	381
경상	381
경쟁자	381
고양시	381
공황	381
과천	381
교역	381
구라	381
구형	381
국기	381
귀하	381
그간	381
근사	381
나루토	381
나르	381
날카로운	381
넘겼	381
넘어갈	381
넥센	381
누워서	381
눈동자	381
는디	381
대나무	381
대지진	381
댄서	381
데려다	381
데이브	381
도깨비	381
도련	381
동탄	381
두루	381
라스트	381
라임	381
마야	381
마코토	381
막말	381
망설	381
망하	381
모방	381
몰려	381
물자	381
민속	381
바람직	381
바스	381
발동	381
발현	381
법무	381
복부	381
브이	381
블러드	381
블리자드	381
비장	381
비춰	381
빅토리아	381
빈곤	381
사치	381
살림	381
생산량	381
생전	381
서리	381
선우	381
성형	381
셰프	381
소아	381
송파	381
수백만	381
수질	381
순정	381
순종	381
스무	381
스티	381
신형	381
실습	381
암튼	381
언약	381
엉망	381
에어	381
연주자	381
영남	381
외우	381
우시	381
우현	381
우호	381
울림	381
원단	381
은밀	381
이승만	381
이은	381
자부심	381
장녀	381
재수	381
전라북도	381
전래	381
정립	381
정형	381
제니퍼	381
조수	381
종업원	381
죄수	381
주심	381
중기	381
중량	381
중형	381
지네	381
지오	381
지팡이	381
진진	381
차종	381
처장	381
첨가	381
치러	381
코레	381
테리	381
토론토	381
퇴장	381
프라임	381
픽업	381
하룻밤	381
한꺼번에	381
함장	381
헤매	381
현관	381
협동	381
호박	381
활동가	381
가위	380
개표	380
거려	380
건들	380
검색어	380
경쟁력	380
공립	380
광주시	380
교섭	380
권역	380
급성	380
기린	380
기업인	380
까닭	380
껴안	380
남학생	380
냉각	380
냉동	380
넘어지	380
넥슨	380
노이즈	380
다지	380
도넛	380
독일어	380
동호회	380
드레	380
드셨	380
또래	380
라든가	380
레즈비언	380
로렌스	380
리트	380
마늘	380
마피아	380
막판	380
문단	380
물려받	380
미묘	380
미화	380
바꿔야	380
박탈	380
발광	380
밥상	380
벗겨	380
베트	380
벨라	380
벨벳	380
보강	380
보이즈	380
봉지	380
부럽	380
불빛	380
불평	380
블랙잭	380
비방	380
살살	380
살피	380
생수	380
서열	380
섞여	380
선비	380
소자	380
수반	380
스가	380
스릴러	380
실로	380
아사히	380
안방	380
어린애	380
어필	380
언론사	380
에드	380
에이전트	380
엔드	380
엘레	380
여겼	380
여보	380
여행자	380
연어	380
오너	380
온대	380
요코하마	380
욕설	380
유우	380
이소	380
이재명	380
인디언	380
임산부	380
잠수	380
재외	380
저격	380
저분	380
저스틴	380
저축	380
적힌	380
전복	380
절약	380
접종	380
제프리	380
조심히	380
줄곧	380
직구	380
직선	380
진격	380
차림	380
추종	380
카마	380
캄보디아	380
캔디	380
커스	380
콘솔	380
토이	380
파손	380
파파	380
파편	380
편집자	380
평안	380
포르투갈	380
풀이	380
핀란드	380
하반기	380
하찮	380
한다며	380
합니다만	380
헌터	380
호기	380
홈즈	380
환장	380
환호	380
후계자	380
가솔린	379
가실	379
갈아입	379
강경	379
강진	379
개량	379
걸레	379
검열	379
경치	379
계통	379
고고	379
고운	379
공수	379
공자	379
관대	379
교과	379
구실	379
국군	379
그럴까	379
금강	379
기습	379
나와야	379
네일	379
높여	379
다발	379
다친	379
닥쳐	379
달빛	379
대두	379
대머리	379
대한항공	379
던진	379
독일군	379
동국	379
동요	379
뒷받침	379
디테일	379
땅콩	379
라이선스	379
레일	379
레즈	379
마인	379
만료	379
만한	379
말기	379
무주	379
문학상	379
민법	379
반대편	379
발톱	379
법학	379
변호인	379
봤었	379
분비	379
빈센트	379
사살	379
사춘기	379
삼가	379
상동	379
생겨나	379
서른	379
설날	379
성형외과	379
세팅	379
소풍	379
소피	379
숙이	379
순조	379
스타트	379
스튜어트	379
습득	379
승낙	379
심문	379
심화	379
아쉬운	379
아이즈	379
애틀랜타	379
야동	379
어긋나	379
오키	379
온다고	379
울려	379
원료	379
원시	379
위크	379
유한	379
이뤄	379
이순신	379
인테리어	379
임용	379
자각	379
자유당	379
자진	379
저절로	379
정찰	379
제이크	379
조개	379
주무세요	379
주선	379
주시	379
주저	379
줄거리	379
지금껏	379
지기	379
지질	379
지퍼	379
질렀	379
차체	379
챔피언십	379
충고	379
치안	379
카운트	379
타사	379
토론회	379
트루	379
특색	379
특화	379
페스	379
하리	379
하인	379
한단	379
화합물	379
횡령	379
가옥	378
가치관	378
간첩	378
강동구	378
건데요	378
검거	378
경산	378
고난	378
골절	378
공산주의	378
교재	378
그딴	378
글리	378
꽃잎	378
끌리	378
나사	378
낙동강	378
너구리	378
노원구	378
니나	378
다녀온	378
달인	378
대상자	378
동아일보	378
둘러	378
등산	378
떠서	378
라마	378
레이어	378
로스앤젤레스	378
로스트	378
로이	378
루머	378
루스	378
리얼리티	378
만찬	378
맞췄	378
매기	378
멈출	378
메카	378
모른다고	378
몰락	378
무서워서	378
문체	378
미츠	378
밀집	378
박원순	378
박혀	378
반찬	378
반항	378
방황	378
배워야	378
벌여	378
법제	378
부식	378
분파	378
비결	378
비우	378
빈도	378
사악	378
살아왔	378
상응	378
색감	378
서둘러	378
섞인	378
선거법	378
수감	378
수당	378
수퍼	378
스타디움	378
스타워즈	378
슬퍼하	378
시네마	378
신문사	378
써먹	378
알아내	378
앙상블	378
야권	378
얌전히	378
어려웠	378
어울릴	378
어쩐지	378
여파	378
열린다	378
오스	378
완수	378
유가	378
음식점	378
이산화	378
이어진	378
자상	378
장성	378
재기	378
전과	378
전라남도	378
전라도	378
전례	378
전임	378
전주시	378
절개	378
점포	378
제독	378
조던	378
줄일	378
질량	378
짝사랑	378
철학자	378
초이스	378
카운터	378
카피	378
케이지	378
코프	378
키드	378
타일	378
타임즈	378
투스	378
트릭	378
파우	378
파일럿	378
판교	378
펀드	378
포도주	378
포옹	378
품격	378
피의자	378
학창	378
해병	378
해시	378
향했	378
허벅지	378
혼돈	378
가브리엘	377
가세	377
간담회	377
간혹	377
갑옷	377
갑작	377
고액	377
공모전	377
공시	377
과외	377
그지	377
기억력	377
꼽힌다	377
나잇	377
네오	377
넷째	377
노려	377
녹차	377
느껴졌	377
느낀다	377
능력자	377
다간	377
대북	377
독감	377
독창	377
동산	377
동조	377
떨어진다	377
리뉴	377
리차드	377
리츠	377
머물러	377
명사	377
명예훼손	377
모아서	377
모의	377
무능	377
무슬림	377
문경	377
미모	377
바바	377
박자	377
박테리아	377
반가운	377
발자국	377
밤낮	377
밤중	377
방문객	377
배너	377
보세	377
봉인	377
부각	377
분장	377
사주	377
상정	377
선진국	377
성대	377
성동	377
송신	377
수시로	377
수영복	377
수제	377
스코틀랜드	377
스탭	377
신데렐라	377
실컷	377
싸인	377
쓰였	377
아쿠아	377
안부	377
압수	377
양념	377
양측	377
어업	377
에이즈	377
엑스포	377
엠마	377
여관	377
연패	377
영덕	377
영동	377
영수증	377
영예	377
오키나와	377
온전	377
와도	377
울타리	377
웃겨	377
웬만	377
유네스코	377
장담	377
장려	377
정황	377
조제	377
족보	377
줘야지	377
증명서	377
지나친	377
지역구	377
지울	377
질리	377
징징	377
징후	377
차갑	377
청소기	377
총격	377
총무	377
콘돔	377
타일러	377
토키	377
퇴진	377
파이팅	377
팔레스타인	377
팬텀	377
폐기물	377
폭주	377
프랭클린	377
피라미드	377
하남	377
학급	377
합계	377
항문	377
화사	377
후원자	377
가두	376
가져와	376
가평	376
각인	376
개그맨	376
거둔	376
검출	376
고마	376
고마운	376
관문	376
관습	376
구르	376
굴복	376
글쓰기	376
기생	376
내각	376
노사	376
놔두	376
돌기	376
둬야	376
때론	376
러지	376
레터	376
로미오	376
리노	376
마술사	376
마차	376
망가	376
명명	376
문양	376
묻혀	376
민선	376
바이킹	376
반가워	376
반군	376
발라드	376
버트	376
베이커	376
보낸다	376
본관	376
부제	376
살아나	376
상향	376
상회	376
설사	376
성벽	376
성직자	376
세스	376
소독	376
수역	376
수주	376
숙명	376
순차	376
순회	376
스케일	376
습지	376
승용차	376
시그널	376
시조	376
신생아	376
실존	376
실크	376
심신	376
아랍	376
아브라함	376
양육	376
에이프릴	376
여럿	376
연못	376
열대	376
예뻐요	376
오오	376
왕위	376
움직여	376
원한다	376
유방	376
이재용	376
입성	376
자루	376
잔혹	376
재발	376
저조	376
전념	376
전보	376
전산	376
정관	376
정액	376
정해져	376
제주시	376
죽인다	376
지검	376
직장인	376
질소	376
체질	376
커리어	376
컨트롤러	376
터스	376
튀김	376
트랜스	376
판다	376
퍼레이드	376
펀딩	376
페이퍼	376
포천	376
폭넓	376
하네	376
학번	376
한다구	376
한답니다	376
해져서	376
혈통	376
호가	376
활주로	376
회원국	376
가요제	375
가져야	375
강자	375
강행	375
객실	375
거룩	375
건너편	375
격하	375
결핍	375
경상도	375
공산주의자	375
공허	375
관계없이	375
규율	375
기점	375
기체	375
기획사	375
꾸며	375
난다고	375
내려다	375
내려와	375
내성	375
냉전	375
넬슨	375
놀랄	375
능숙	375
다신	375
다쳤	375
단행	375
달라진	375
도라	375
동포	375
딜런	375
딱지	375
래도	375
래리	375
레고	375
막힌	375
말라	375
매드	375
맥도날드	375
명령어	375
명상	375
명작	375
명확히	375
몰두	375
뭘로	375
미르	375
미생물	375
밀가루	375
바니	375
바이어	375
반격	375
반기	375
반론	375
발기	375
발기부전	375
발상	375
방정식	375
배양	375
버려서	375
번갈	375
벗어난	375
본즈	375
본토	375
부츠	375
북스	375
북유럽	375
분별	375
불길	375
불신	375
빠져나가	375
사상자	375
산악	375
살인마	375
살인자	375
색다른	375
선데이	375
선율	375
성급	375
셀카	375
소중히	375
수만	375
스팸	375
승계	375
시노	375
시행령	375
신관	375
싱어	375
싱크	375
쌓이	375
아이작	375
악어	375
약해	375
양궁	375
어려서	375
여대	375
열기	375
영국인	375
예고편	375
요셉	375
우파	375
우표	375
울트라	375
웍스	375
위헌	375
유교	375
으셨어요	375
이어진다	375
인프라	375
잘난	375
잡음	375
장남	375
장전	375
재혼	375
저래	375
적립	375
전세	375
전염	375
정제	375
조조	375
즐겼	375
질주	375
착공	375
챙겼	375
체코	375
취할	375
캐리어	375
컨설팅	375
클린턴	375
태블릿	375
태어날	375
터진	375
투성이	375
트라	375
폴리스	375
하향	375
한방	375
해답	375
형벌	375
훗날	375
휴전	375
가진다	374
갇힌	374
개신교	374
공론	374
과시	374
관세	374
교제	374
구운	374
그리핀	374
급히	374
길드	374
깃털	374
깨어나	374
끌려	374
나우	374
내린다	374
내림	374
넉넉	374
농산물	374
놓인	374
놓쳤	374
늘려	374
달라질	374
대교	374
대인	374
대중교통	374
데미지	374
동반자	374
등재	374
뜻밖	374
레딧	374
레이크	374
마운트	374
매개	374
무술	374
뭉치	374
미숙	374
미정	374
민트	374
배척	374
밸브	374
번가	374
번식	374
벌려	374
보령	374
분수	374
불러야	374
비닐	374
빼먹	374
사극	374
사범	374
사육	374
선상	374
세울	374
셔틀	374
소정	374
수박	374
슈퍼스타	374
스냅	374
스루	374
스물	374
스핀	374
슬롯머신	374
시간표	374
신종	374
신흥	374
실재	374
심야	374
아멘	374
아바타	374
아이러니	374
아이패드	374
아크릴	374
안토니오	374
알콜	374
앤드류	374
연고	374
연구회	374
연습생	374
연정	374
연합군	374
열릴	374
영등포구	374
오보	374
옮긴	374
왔었	374
요지	374
우동	374
워라	374
원내	374
원사	374
위드	374
위법	374
윈도	374
유서	374
유신	374
유익	374
으라는	374
이듬해	374
이룩	374
이리저리	374
이의	374
인척	374
일요	374
자분	374
자질	374
존재감	374
주립	374
중산	374
줘도	374
지낼	374
지원자	374
차세대	374
찬스	374
창설	374
채색	374
첩보	374
총통	374
추산	374
카렌	374
칼로리	374
컨벤션	374
쿠데타	374
클레이	374
타고난	374
털어놓	374
테스	374
토드	374
트립	374
파문	374
파이어	374
팝업	374
펜스	374
프레드	374
하부	374
하비	374
하프	374
학생회	374
해낼	374
현존	374
흘렸	374
희미	374
가담	373
가인	373
간대	373
개원	373
경상남도	373
공과	373
교내	373
교전	373
구금	373
국외	373
극우	373
글꼴	373
금호	373
급기야	373
김연아	373
남아프리카	373
내륙	373
다이어리	373
당대	373
대화방	373
더욱이	373
돌출	373
동면	373
동향	373
드러냈	373
등록금	373
라네	373
라뇨	373
로니	373
로저	373
리메이크	373
리키	373
마리오	373
마미	373
매듭	373
묻히	373
미끼	373
미지	373
바빠	373
배급	373
밴쿠버	373
버림	373
버틸	373
베라	373
베이컨	373
벽화	373
별세	373
복숭아	373
복직	373
볼륨	373
부릅	373
부상자	373
부속	373
부통령	373
불가피	373
불러도	373
샴푸	373
선글라스	373
선착순	373
선택지	373
세척	373
소관	373
소동	373
소재지	373
속보	373
수성	373
스커트	373
스탠	373
스테이트	373
스테판	373
스트림	373
슬퍼	373
시다	373
시연	373
신년	373
아녜요	373
아카	373
알맞	373
앞둔	373
어우	373
여고생	373
여운	373
우습	373
유난히	373
유선	373
음색	373
일간	373
장부	373
재화	373
전락	373
전액	373
제스	373
제주특별자치도	373
죄악	373
줄리아	373
중소	373
지로	373
지켜봐	373
직관	373
찬란	373
최상위	373
추이	373
치사	373
친분	373
친환경	373
카일	373
칼슘	373
코딩	373
키웠	373
킹스	373
타르	373
타점	373
탐욕	373
토모	373
트레이드	373
트로이	373
트윗	373
푸딩	373
프로그래머	373
피셔	373
피플	373
하이브리드	373
호스	373
혼동	373
후진	373
가디언	372
가미	372
개화	372
거주지	372
검찰청	372
견고	372
경색	372
경주시	372
공채	372
관악	372
광양	372
괴로워	372
구한	372
귀걸이	372
그늘	372
그려진	372
글렌	372
기동	372
기업가	372
나기	372
낙원	372
남산	372
넘어갔	372
능동	372
니콜라스	372
대가리	372
대국	372
대법관	372
대입	372
대표자	372
도울	372
동창	372
둥근	372
듀엣	372
들어도	372
떠돌	372
려니	372
리나	372
리믹스	372
립스틱	372
막스	372
망명	372
매운	372
메디	372
모어	372
모호	372
무고	372
미용실	372
미친다	372
미카	372
발탁	372
밸런스	372
버니	372
변론	372
부사장	372
부임	372
부치	372
부합	372
불참	372
브리핑	372
브릿지	372
뻔뻔	372
뻔하	372
사무엘	372
사역	372
사이다	372
사이비	372
사죄	372
산업단지	372
상류	372
상상력	372
생사	372
선가	372
선형	372
설리	372
성명서	372
세탁기	372
소외	372
수심	372
순진	372
쉴드	372
스팍	372
시온	372
시크	372
신생	372
쓰인	372
쓸모없	372
아이오	372
악보	372
약탈	372
에리	372
연약	372
연하	372
연행	372
예감	372
오락실	372
오로라	372
올림	372
외교부	372
우기	372
우세	372
우왕	372
우월	372
운수	372
원서	372
웨스턴	372
웬디	372
유수	372
유체	372
이지	372
일컫	372
재판장	372
저질렀	372
전구	372
전화기	372
절감	372
정무	372
정세	372
정시	372
중심부	372
지법	372
지자체	372
진천	372
징수	372
쪼개	372
책장	372
천둥	372
체내	372
체인지	372
초코	372
치매	372
치워	372
치타	372
친근	372
카테고리	372
커플링	372
크리스토퍼	372
탄수화물	372
토록	372
퇴치	372
퍼시픽	372
페루	372
편곡	372
평평	372
푸르	372
풀렸	372
프린터	372
플라자	372
플랫	372
플리	372
한발	372
항쟁	372
해내	372
해임	372
헤럴드	372
현행	372
협동조합	372
호러	372
화합	372
휴게	372
휴지	372
흡연	372
간사	371
갈비	371
거뒀	371
건마	371
게릴라	371
겨냥	371
경향신문	371
고창	371
고쳤	371
관행	371
교구	371
교차로	371
구애	371
금산	371
기질	371
나타낸다	371
내전	371
농단	371
단면	371
두꺼운	371
둥글	371
들린다	371
들키	371
디디	371
따라오	371
떠난다	371
띄우	371
라벨	371
렀다	371
레미	371
레이블	371
레지	371
레프	371
리프트	371
마르코	371
막강	371
만능	371
매튜	371
머무	371
메스	371
모니터링	371
모조리	371
몰랐다	371
무드	371
미약	371
바닐라	371
반도	371
발진	371
배분	371
베어스	371
벡터	371
보좌	371
본다고	371
분단	371
불러서	371
불허	371
비욘	371
비켜	371
빈스	371
사교	371
사비	371
사위	371
사이언스	371
사임	371
산맥	371
산물	371
산출	371
상시	371
성자	371
성화	371
소박	371
소행	371
수프	371
슈퍼주니어	371
시당	371
신대	371
실상	371
실증	371
싸운	371
쓸쓸	371
아실	371
아이언	371
안타까운	371
애써	371
양수	371
어로	371
언론인	371
에코	371
연회	371
오바	371
온전히	371
완벽히	371
왔으며	371
운세	371
유언	371
은폐	371
음악가	371
이따가	371
이루어진다	371
이왕	371
자위	371
잠든	371
잠재력	371
재방송	371
절도	371
절박	371
절실	371
제자리	371
조공	371
조그만	371
준다면	371
줄기세포	371
줄지	371
지겹	371
창구	371
창단	371
처해	371
카인	371
커졌	371
코마	371
크리스티나	371
통행	371
투게더	371
투기	371
팔렸	371
팬더	371
해바라기	371
허구	371
헬렌	371
형광	371
화난	371
환율	371
흡입	371
가명	370
각하	370
강박	370
검진	370
경계선	370
고찰	370
광진구	370
군포	370
그토록	370
기묘	370
기스	370
나트륨	370
낙서	370
낙하산	370
납부	370
내려갔	370
노엘	370
는지요	370
니키	370
다라	370
다릅니다	370
단단히	370
달릴	370
달한다	370
대기실	370
도도	370
동자	370
드릴까요	370
따른다	370
떨어뜨리	370
라나	370
러쉬	370
레인저	370
로이드	370
리빙	370
리카	370
마린	370
모색	370
미도리	370
미쓰	370
바닷가	370
바쳤	370
발걸음	370
방대	370
방문자	370
백조	370
버려진	370
버텨	370
베스트셀러	370
보호법	370
부숴	370
불능	370
불린다	370
비정규직	370
사모	370
사무라이	370
사카	370
산다는	370
산모	370
상수	370
새겨	370
선반	370
성관계	370
성비	370
섹션	370
셰익스피어	370
소란	370
쉼터	370
스러우	370
스톰	370
슬기	370
시그	370
시리	370
신용카드	370
신조	370
쓰러져	370
쓰레기통	370
아이유	370
아키텍처	370
앤더슨	370
야경	370
엄지	370
엘리엇	370
여드름	370
연한	370
오디	370
완주	370
왕성	370
외벽	370
요일	370
원더	370
유부남	370
이방인	370
자존	370
작물	370
작자	370
잠입	370
저수지	370
적발	370
전단	370
전단지	370
접한	370
제복	370
제치	370
제트	370
주축	370
지독	370
지휘자	370
직결	370
직책	370
창간	370
청바지	370
초창기	370
출입구	370
취해서	370
캡슐	370
케인	370
크레인	370
키운	370
탄약	370
트렌드	370
표방	370
퓨전	370
프랜차이즈	370
플레이오프	370
피크	370
하군	370
하이퍼	370
해본다	370
해야죠	370
허드슨	370
화이팅	370
황색	370
황자	370
회의실	370
후유증	370
후지	370
훔치	370
휘두르	370
흩어져	370
가늘	369
가온	369
갈지	369
감격	369
강전	369
개막식	369
건담	369
공산	369
과격	369
교란	369
구마	369
구비	369
구토	369
군복	369
금지법	369
급증	369
기만	369
기피	369
깔려	369
나루	369
나미	369
나스	369
나타낸	369
노원	369
느껴진다	369
달아나	369
대금	369
대명사	369
데스크	369
데이즈	369
도당	369
도주	369
도피	369
동맥	369
동이	369
라이터	369
레이드	369
레티	369
로다	369
롤링	369
루터	369
리다	369
만주	369
망원경	369
묘한	369
묶여	369
문과	369
문예	369
박해	369
반란군	369
배드	369
배수	369
보류	369
보임	369
본점	369
부풀	369
브루클린	369
브리지	369
비만	369
비지니스	369
비해서	369
빠져서	369
뾰족	369
사세요	369
사체	369
살린	369
삼각	369
샐리	369
생쥐	369
서울역	369
선의	369
선점	369
선제	369
세리	369
세일러	369
소고기	369
스카우트	369
스파이더맨	369
스팟	369
스프레이	369
심근	369
아이비	369
악한	369
안성	369
약사	369
어가	369
어기	369
어린아이	369
어부	369
연평균	369
영유	369
영천	369
오다	369
윙크	369
음란	369
의리	369
이크	369
익히	369
인장	369
인터내셔널	369
인해서	369
잠옷	369
정산	369
정신없	369
제조업	369
졌으며	369
종속	369
종영	369
중추	369
즉석	369
지난해	369
지탱	369
직통	369
진흙	369
착오	369
참치	369
청주시	369
총체	369
출연진	369
커스텀	369
크로아티아	369
탐지기	369
테드	369
토트넘	369
통째	369
퇴출	369
트론	369
트롤	369
파동	369
표출	369
필기	369
필라델피아	369
하치	369
한눈	369
해역	369
협업	369
호프	369
확고	369
환승	369
환원	369
황홀	369
흡사	369
가마	368
간토	368
강물	368
걸스	368
게이머	368
게임즈	368
결핵	368
경멸	368
공무	368
공습	368
광물	368
군부	368
굿모닝	368
근래	368
김제	368
내사	368
냄비	368
노동부	368
놓칠	368
니시	368
데려오	368
돌아와서	368
동남아	368
들여다	368
따라야	368
따를	368
따스	368
따윈	368
뜻대로	368
띄워	368
레온	368
레인보우	368
레저	368
맨션	368
머피	368
면모	368
목격자	368
무기력	368
무서워요	368
문어	368
미남	368
미스트	368
미첼	368
미학	368
민망	368
박지원	368
박힌	368
반납	368
반역	368
반죽	368
발각	368
변이	368
보안관	368
북방	368
불렸	368
붙들	368
블러	368
비어	368
빨갱이	368
상쾌	368
서대문	368
서재	368
선거관리위원회	368
성문	368
성현	368
세이버	368
소극	368
소릴	368
소심	368
쇠고기	368
수표	368
스타킹	368
스테이	368
스텐	368
스토커	368
신아	368
아메	368
아부	368
알릴	368
액티브	368
야심	368
양대	368
양양	368
양천구	368
여객	368
여건	368
연기자	368
연주회	368
열흘	368
염두	368
영향력	368
예리	368
예지	368
오른다	368
올게	368
올린다	368
외전	368
외쳤	368
용역	368
우익	368
위태	368
유흥	368
이륙	368
이슬	368
일어난다	368
임하	368
자백	368
자재	368
잠정	368
장단	368
적군	368
전성기	368
전속	368
조형	368
종사자	368
직위	368
진하	368
찍힌	368
찬사	368
채굴	368
체하	368
촉촉	368
출자	368
침범	368
쿠니	368
퀴어	368
타깃	368
타수	368
통산	368
통신부	368
통폐합	368
트인	368
특강	368
파이브	368
퍼블릭	368
폐하	368
풍성	368
한판	368
해남	368
헝가리	368
호에	368
홀더	368
흐린	368
힌트	368
간략	367
강타	367
거스	367
건만	367
골랐	367
공안	367
공표	367
국보	367
권투	367
근거리	367
기념식	367
기득	367
기뻤	367
기하	367
꼼꼼히	367
남서쪽	367
납작	367
노골	367
노바	367
다닌	367
다닌다	367
다시금	367
다저스	367
단련	367
단양	367
단종	367
단호	367
달아났	367
도래	367
도마	367
도스	367
두근두근	367
드라이	367
드롭	367
들여다보	367
들판	367
등장인물	367
따름	367
뜨리	367
려다가	367
로저스	367
루즈	367
룸메이트	367
르네상스	367
리지	367
리티	367
마운틴	367
만화책	367
맞출	367
맨체스터	367
멀티미디어	367
면도	367
못생긴	367
무성	367
무식	367
물리학자	367
물어볼	367
미련	367
미자	367
미친년	367
밀착	367
바짝	367
발랄	367
발주	367
배지	367
베니	367
베티	367
보로	367
복판	367
본드	367
부의장	367
불려	367
불화	367
붕대	367
비밀리	367
비즈	367
사라진다	367
삭감	367
세제	367
수급	367
순찰	367
스로	367
스펜서	367
승마	367
승소	367
시공간	367
시니어	367
식욕	367
아비	367
아사	367
아씨	367
아트홀	367
애프터	367
어딘지	367
엘리스	367
엠파이어	367
엣지	367
연중	367
열광	367
오구	367
옵티머스	367
용산구	367
용액	367
울진	367
유재석	367
이색	367
인내	367
일전	367
잊혀	367
작화	367
재우	367
재주	367
정예	367
제지	367
조나단	367
지극히	367
지마	367
직경	367
질까	367
질질	367
채무자	367
척도	367
쳐도	367
초밥	367
추론	367
침체	367
캐스터	367
콜라보레이션	367
콜린	367
터너	367
토스트	367
트렁크	367
특사	367
팔꿈치	367
팝콘	367
폐렴	367
품목	367
프레임워크	367
프론트	367
플래그	367
필연	367
하계	367
하얗	367
학장	367
한다니	367
할까봐	367
항소	367
헬멧	367
협곡	367
활발히	367
흐리	367
가셨	366
갈망	366
개리	366
걸치	366
게이밍	366
경도	366
경지	366
곡물	366
공기업	366
공직자	366
관내	366
광기	366
광역시	366
교인	366
구강	366
구매자	366
구약	366
귀속	366
극찬	366
나날	366
내겐	366
내뱉	366
농축	366
놓친	366
담당관	366
당내	366
당선자	366
더비	366
동창회	366
되풀이	366
디트로이트	366
떠도	366
라오스	366
라틴어	366
레베카	366
리마	366
리안	366
립니	366
마자	366
마지	366
말린	366
매디슨	366
메이플	366
메커니즘	366
면세점	366
모태	366
미암	366
미처	366
밝기	366
버클리	366
벙커	366
베가스	366
보조금	366
복싱	366
본교	366
부안	366
분출	366
사르	366
사직	366
살아온	366
삼진	366
새겨진	366
소마	366
소시지	366
손오공	366
수유	366
스마일	366
스미	366
스케이팅	366
시리얼	366
심했	366
써니	366
아이구	366
아츠	366
애칭	366
양손	366
어택	366
에리카	366
연화	366
예기	366
옥천	366
올까	366
와이드	366
요양	366
원산지	366
유어	366
은총	366
은평구	366
이례	366
이뤄졌	366
이윤	366
이토	366
이프	366
일명	366
일어서	366
일찍이	366
입찰	366
잉여	366
자외선	366
재임	366
적정	366
적폐	366
접합	366
정석	366
조엘	366
좆같	366
증폭	366
찌질	366
차마	366
치루	366
코멘트	366
쿠로	366
타카	366
탄산	366
탈취	366
터리	366
테러리스트	366
토너먼트	366
토할	366
통지	366
통틀	366
퇴임	366
트라이	366
페니	366
편해	366
포화	366
프리랜서	366
플레이스	366
피난	366
하강	366
해지	366
행방불명	366
현수막	366
현판	366
환경부	366
후쿠시마	366
가열	365
간편	365
강구	365
거시	365
걸린다	365
걸맞	365
게리	365
겹쳐	365
공명	365
군청	365
그리움	365
그물	365
기념품	365
기량	365
기뻐요	365
기저귀	365
끌어내	365
나고야	365
나설	365
나이다	365
낙하	365
낯설	365
내시경	365
노화	365
눈부신	365
느려	365
달려들	365
달팽이	365
당뇨병	365
대국민	365
대문	365
덮개	365
데일	365
도보	365
도약	365
동두천	365
동적	365
둘러싸여	365
들어갑니다	365
들으면서	365
또라이	365
로또	365
로렌	365
루카	365
리서치	365
리자	365
리퍼	365
망고	365
매혹	365
메트로	365
면허증	365
모라	365
민생	365
바티칸	365
반칙	365
배반	365
변질	365
별장	365
본다는	365
본데	365
봄날	365
부딪히	365
분사	365
불멸	365
불문	365
불완전	365
브래드	365
빠짐없이	365
사각	365
사서	365
사쿠	365
사키	365
사학	365
살릴	365
서귀포	365
서클	365
선체	365
성범죄	365
세워진	365
소나	365
소총	365
솔로몬	365
수잔	365
시흥시	365
신전	365
쌓인	365
아닌데요	365
아리아	365
아슬아슬	365
악역	365
얼리	365
염병	365
오마이	365
왕좌	365
왜지	365
운전사	365
원대	365
원자로	365
위촉	365
유니크	365
유스	365
이뤄진	365
이용료	365
이카	365
이화	365
이화여대	365
일각	365
자립	365
자처	365
장병	365
장이	365
쟁취	365
전곡	365
전승	365
정반대	365
제때	365
제비	365
조율	365
지리산	365
지민	365
지청	365
직거래	365
직권	365
진다는	365
진행자	365
집중력	365
차차	365
채울	365
총독	365
치카	365
카오루	365
캐슬	365
캐피탈	365
커트	365
컨퍼런스	365
컬링	365
케잌	365
코니	365
코리안	365
코앞	365
쿼터	365
타코	365
특보	365
패딩	365
퍼졌	365
편향	365
포토샵	365
하임	365
하하하	365
함량	365
해상도	365
허니	365
호우	365
호화	365
홀딩스	365
환전	365
횡단	365
훈훈	365
가운	364
가져갈	364
강령	364
결단	364
경신	364
공격력	364
관리인	364
괴담	364
구인	364
그땐	364
그리기	364
근방	364
금리	364
기생충	364
기일	364
길러	364
끓여	364
나뭇잎	364
나이스	364
남길	364
내려서	364
냉면	364
놀랬	364
뇌졸중	364
다빈치	364
단결	364
단말기	364
단자	364
단층	364
달라붙	364
당당히	364
데려	364
동공	364
동급	364
됩니까	364
두목	364
드로잉	364
들릴	364
등신	364
떡볶이	364
러블	364
러시	364
로브	364
맡겼	364
모친	364
몸통	364
무난	364
무당	364
문건	364
미움	364
미혼	364
발포	364
배꼽	364
번쩍	364
법사	364
법조	364
보육	364
보일러	364
복식	364
부러	364
부양	364
북서쪽	364
브룩	364
사무국	364
사회학	364
삼겹살	364
상체	364
샤인	364
선도	364
선회	364
설령	364
섭외	364
세자	364
셔야죠	364
숙박	364
순례	364
스트립	364
스피릿	364
슬립	364
승차	364
시끄러운	364
신데	364
싸이트	364
쌍용	364
아연	364
아이티	364
악명	364
악취	364
애착	364
액수	364
앵글	364
어뢰	364
엘라	364
여대생	364
열성	364
예컨대	364
오븐	364
오피스텔	364
온화	364
요령	364
용자	364
우라	364
원합니다	364
유골	364
으셔도	364
음식물	364
이딴	364
이태원	364
인기가요	364
인천시	364
일수록	364
일일이	364
임마	364
입혀	364
자칭	364
자행	364
재심	364
재차	364
재판부	364
재팬	364
전년	364
전시관	364
전향	364
제국주의	364
제동	364
제이미	364
제조사	364
종식	364
주점	364
즉흥	364
증발	364
증시	364
지저분	364
천상	364
초대장	364
충전기	364
친밀	364
칫솔	364
카르	364
캐논	364
케이티	364
코스튬	364
코코넛	364
크리스티	364
타투	364
탄탄	364
태생	364
터뜨리	364
특혜	364
파스	364
파열	364
파이트	364
풍자	364
플라워	364
피어스	364
하산	364
하얀색	364
학술지	364
한우	364
한정판	364
항일	364
호실	364
호위	364
회식	364
후임	364
흔들림	364
히든	364
가령	363
가맹	363
가발	363
가용	363
가져갔	363
간다면	363
강남역	363
개막전	363
건국대	363
건너가	363
걸작	363
경비원	363
교부	363
구로구	363
구청장	363
금연	363
급속	363
기원전	363
깨끗이	363
꼽히	363
꿈속	363
나오미	363
나이지리아	363
날렸	363
내려온	363
내려왔	363
노을	363
노후	363
누드	363
다기	363
다이아	363
단골	363
닭고기	363
당첨자	363
돌아간다	363
동래	363
되돌려	363
드립	363
들어섰	363
들으며	363
듭니다	363
따라잡	363
때렸	363
라떼	363
레이첼	363
롯데월드	363
리버풀	363
리튬	363
맘껏	363
망신	363
메이슨	363
모서리	363
모의고사	363
몽고메리	363
무너져	363
무도	363
무명	363
무심	363
무안	363
뮤즈	363
미세먼지	363
밀크	363
바구니	363
바퀴벌레	363
박차	363
받침	363
밤하늘	363
배드민턴	363
베이직	363
베테랑	363
부천시	363
부피	363
북극	363
북동쪽	363
블럭	363
비행사	363
사스	363
사와	363
사의	363
새기	363
샤론	363
서대문구	363
서바이벌	363
서연	363
서커스	363
설거지	363
설립자	363
세관	363
세세	363
세습	363
소대	363
소시	363
송환	363
수차례	363
쉬워	363
스케이트	363
스탠리	363
스토킹	363
스트레칭	363
승선	363
시위대	363
시판	363
시편	363
심상	363
썬더	363
쓰일	363
아론	363
아름다웠	363
아쉬움	363
아치	363
알렌	363
알파벳	363
앤드	363
에밀리	363
여러모로	363
연달	363
예언자	363
오줌	363
오클랜드	363
온다는	363
올려야	363
용수	363
용지	363
원내대표	363
월세	363
웰컴	363
유나이티	363
유린	363
유세	363
육신	363
이를테면	363
익스프레스	363
인맥	363
인문학	363
임진왜란	363
자명	363
잔해	363
장내	363
정맥	363
제제	363
조지아	363
주워	363
중성	363
지녔	363
지라	363
직영	363
집결	363
책임감	363
철원	363
청탁	363
체감	363
초연	363
치렀	363
치른	363
캘린더	363
커져	363
콜로	363
크레	363
타가	363
타령	363
타시	363
테두리	363
테이크	363
퇴원	363
티어	363
페르시아	363
평상시	363
표지판	363
풍요	363
플레	363
한국사	363
합금	363
현미경	363
홈피	363
환기	363
환수	363
회귀	363
획기	363
후안	363
후원금	363
후추	363
간지	362
경복궁	362
경전	362
계명	362
계산기	362
고종	362
공상	362
과하	362
광선	362
교외	362
구조대	362
권익	362
그야말로	362
기다린	362
기형	362
깨진	362
꾸리	362
낙인	362
난쟁이	362
남극	362
내포	362
너무너무	362
넘길	362
노니	362
노비	362
닉네임	362
다녀올	362
단과	362
대면	362
대열	362
더욱더	362
도라에몽	362
도사	362
돌아간	362
돼지고기	362
뒤졌	362
듀크	362
라던지	362
라요	362
랜디	362
러너	362
로움	362
롤러	362
르노	362
리포터	362
마누라	362
만난다	362
만회	362
매스	362
매월	362
모터쇼	362
무궁화	362
무더운	362
문자열	362
물어봐	362
미노	362
밀라노	362
밀어내	362
반쪽	362
받들	362
방송인	362
법규	362
보그	362
브로	362
빈번	362
뽐내	362
사법부	362
사투리	362
삼국지	362
삿포로	362
상급	362
서귀포시	362
서랍	362
솔라	362
수달	362
수없이	362
순경	362
스코	362
스톱	362
스팅	362
스파크	362
스페	362
슬쩍	362
승점	362
시라	362
시일	362
신하	362
실까	362
실정	362
실지	362
안구	362
안다고	362
알려야	362
애슐리	362
야근	362
어떠세요	362
어치	362
얼룩	362
엔지니어링	362
엘비스	362
완치	362
용돈	362
이나마	362
이룬다	362
이명	362
이쿠	362
인기상	362
인사이드	362
인삼	362
인승	362
임박	362
자라나	362
잔잔	362
장학	362
전학	362
전한	362
정읍	362
조각상	362
조교	362
주군	362
증식	362
지웠	362
지음	362
참모	362
참으	362
챔프	362
철강	362
청량	362
초상화	362
충청남도	362
카페인	362
칼날	362
캐치	362
코팅	362
콤비	362
클론	362
타율	362
타지	362
탄도	362
태안	362
토머스	362
트러블	362
특위	362
패닉	362
퍼펙트	362
펄스	362
포탈	362
프라이드	362
프롬	362
프리즘	362
플래닛	362
플랜트	362
해골	362
해봐도	362
했잖아요	362
헌재	362
헤어졌	362
협찬	362
호전	362
혼내	362
홍천	362
환생	362
후반부	362
가출	361
간과	361
감행	361
강탈	361
거액	361
거처	361
걸쳐서	361
결재	361
경륜	361
경성	361
경정	361
고귀	361
고비	361
고스톱	361
고온	361
고파	361
골수	361
공판	361
광교	361
괴산	361
국한	361
귀염둥이	361
그럭저럭	361
긴장감	361
꼬집	361
나타냈	361
남동	361
남방	361
낮춰	361
넷마블	361
노동력	361
녹스	361
느껴질	361
니콜	361
다던	361
다우	361
단가	361
대도	361
던데요	361
덧붙였	361
데비	361
도무지	361
도출	361
도하	361
독려	361
독재자	361
동남아시아	361
동북	361
드러난	361
디시	361
라프	361
러블리	361
로사	361
마스코트	361
만든다	361
머스	361
멈췄	361
메르세데스	361
메시	361
명백히	361
명수	361
명탐정	361
무너졌	361
물량	361
미로	361
미스테리	361
반입	361
발암	361
방사성	361
백종원	361
베르	361
베토벤	361
부러워	361
불사	361
사우디	361
산행	361
산화	361
상환	361
서두르	361
서신	361
서프라이즈	361
선천	361
설득력	361
설렘	361
설화	361
성함	361
세무	361
세정	361
수사관	361
수험	361
슈가	361
스타즈	361
시간대	361
시구	361
실기	361
실종자	361
심플	361
싸이코	361
썸머	361
쓴다고	361
씨름	361
아이슬란드	361
아휴	361
악세사리	361
안건	361
안도	361
안산시	361
여요	361
여쭤	361
연체	361
열망	361
엽서	361
예금	361
오라	361
외교관	361
외주	361
우크라	361
유이	361
의논	361
이력서	361
이티	361
인어	361
자부	361
작별	361
전생	361
정신병	361
정중	361
정차	361
조로	361
종북	361
좌익	361
줄여서	361
중고차	361
진구	361
차근차근	361
차녀	361
창녀	361
철폐	361
축전	361
케이시	361
클라라	361
태권도	361
템플	361
토요	361
톡톡	361
투사	361
파격	361
파병	361
품위	361
프라이스	361
피아니스트	361
한중	361
항공편	361
해적단	361
핸들	361
행사장	361
허무	361
화원	361
휩쓸	361
가람	360
가뭄	360
강호	360
개명	360
게시물	360
결점	360
경리	360
고칠	360
고프	360
공학부	360
관목	360
괴롭힘	360
구타	360
국세청	360
국영	360
글라스	360
글래스	360
금천	360
급속히	360
기관총	360
기이	360
끌려가	360
내버려	360
노회찬	360
늘어놓	360
능선	360
다룬다	360
다방	360
다섯째	360
달라진다	360
대림	360
대표단	360
더러워	360
덧붙여	360
도민	360
도트	360
돋보이	360
돌진	360
동방신기	360
동점	360
두껍	360
두리	360
뒤통수	360
라던	360
라서요	360
라이즈	360
러시아어	360
런닝맨	360
레인지	360
레트	360
로망	360
룰렛	360
마귀	360
마오	360
만물	360
매뉴얼	360
매크로	360
먹방	360
멋져요	360
멋졌	360
몰디브	360
무얼	360
뮌헨	360
미뤄	360
민우	360
바꿔서	360
바닷물	360
밝혀진	360
백두산	360
법관	360
보름달	360
보상금	360
볼넷	360
브레인	360
비준	360
비키니	360
빙하	360
뻔한	360
사고방식	360
사이코	360
상봉	360
샴페인	360
서약	360
선녀	360
성품	360
세속	360
세심	360
셰퍼드	360
소견	360
수배	360
수호자	360
스나	360
스쳐	360
승률	360
안톤	360
앞선	360
애리조	360
앤서니	360
약혼	360
양천	360
어떤지	360
어벤져스	360
어이없	360
어촌	360
영하	360
외식	360
우릴	360
운운	360
원곡	360
원할	360
원해	360
월트	360
웨슬리	360
웨이터	360
위스키	360
위시	360
육식	360
의인	360
인방	360
인위	360
일거	360
일조	360
재물	360
재선	360
저명	360
적외선	360
전문학교	360
전해졌	360
접대	360
접어들	360
정거장	360
정규직	360
조르	360
준하	360
줄리	360
증강	360
지롱	360
지원금	360
진성	360
질색	360
찍혔	360
차일드	360
참관	360
천문학	360
천식	360
체형	360
초조	360
초콜렛	360
출퇴근	360
치밀	360
카미	360
커녕	360
코스프레	360
코튼	360
콜드	360
클러스터	360
타이거	360
타이완	360
탄력	360
택했	360
통신망	360
통치자	360
투고	360
트림	360
파니	360
판례	360
팟캐스트	360
포스코	360
피디	360
한진	360
항체	360
행태	360
허나	360
효자	360
가락	359
가산	359
가중	359
갈게	359
강북구	359
경품	359
고야	359
공법	359
관련자	359
관용	359
교시	359
구독자	359
국화	359
굴러	359
굴리	359
굴욕	359
근교	359
김밥	359
김수현	359
꺼냈	359
껍데기	359
꼼꼼	359
꽁꽁	359
꾸몄	359
나이츠	359
낙타	359
남양	359
내과	359
낸시	359
논평	359
농가	359
높였	359
누님	359
능가	359
니즘	359
닉슨	359
다가올	359
단국	359
단언	359
단조	359
달달	359
동메달	359
동명	359
동선	359
둘레	359
디지몬	359
때릴	359
라스베가스	359
레니	359
레버	359
려구	359
리니	359
마고	359
마츠	359
메디컬	359
명하	359
목표물	359
무너뜨리	359
문고	359
문화원	359
미오	359
민영화	359
바빴	359
박명수	359
발판	359
방언	359
변장	359
병동	359
보름	359
보태	359
불어넣	359
붙일	359
비료	359
빛깔	359
사표	359
샤프	359
서정	359
세수	359
소실	359
수갑	359
수산물	359
숙여	359
숙주	359
스택	359
스트라이크	359
시사회	359
시오	359
식단	359
쓰러졌	359
아놀드	359
아라시	359
아이리스	359
아인슈타인	359
아테네	359
아폴로	359
앞장서	359
양지	359
어지럽	359
어쿠스틱	359
얼어붙	359
엎드려	359
엑셀	359
엑소	359
엘사	359
여가	359
여타	359
역겹	359
연꽃	359
연예계	359
연유	359
열람	359
오스틴	359
온양	359
올스타	359
옮길	359
왕따	359
우두머리	359
원유	359
위엄	359
유니콘	359
유로파	359
유적지	359
유착	359
유화	359
율법	359
이노	359
인증서	359
인칭	359
일류	359
일식	359
일진	359
입각	359
입안	359
입힌	359
자전	359
전할	359
정조	359
조계종	359
조끼	359
조슈아	359
존속	359
중원	359
지나갈	359
지망	359
지켜줄	359
창조주	359
채권자	359
초인	359
촉발	359
총회장	359
출품	359
친목	359
친숙	359
코리	359
쾌락	359
크래프트	359
키리	359
테크놀로지	359
토라	359
토막	359
토목	359
통통	359
트레인	359
파멸	359
파우더	359
파탄	359
페미니스트	359
폐암	359
폴라	359
프라이	359
프렌치	359
하동	359
핫도그	359
해수	359
험한	359
화났	359
화신	359
활기	359
힐러리	359
간결	358
감축	358
강력히	358
강했	358
강호동	358
결장	358
고체	358
공포증	358
광복절	358
교도	358
교신	358
교직원	358
국무부	358
기념비	358
기다려요	358
기무사	358
기본법	358
기판	358
난무	358
남겨진	358
납품	358
내정	358
네버	358
노크	358
누비	358
눌렀	358
다량	358
다진	358
담양	358
담장	358
대목	358
대적	358
더미	358
독소	358
동남	358
동대문구	358
됐었	358
두어	358
듬뿍	358
디노	358
라이센스	358
래쉬	358
레슨	358
레이나	358
렌트	358
리브	358
릴리스	358
마드	358
마카	358
멋쟁이	358
모독	358
목욕탕	358
몰아넣	358
미수	358
미쿠	358
바오	358
반동	358
발명품	358
발족	358
배낭	358
버크	358
베니스	358
베인	358
벤자민	358
변조	358
병기	358
복선	358
부전	358
분전	358
블리	358
빵집	358
사별	358
사적	358
산정	358
삼거리	358
새로이	358
생겨났	358
서강대	358
서예	358
선량	358
선로	358
선별	358
성가	358
셨으니	358
소다	358
소용없	358
수면제	358
순교	358
숟가락	358
스릴	358
스몰	358
슬로	358
승격	358
승무	358
승천	358
식민	358
신학교	358
씁니다	358
아랫	358
아바	358
아악	358
알몸	358
액세스	358
얌전	358
어떨	358
어려	358
에르	358
엑스트라	358
엘렌	358
연천	358
열악	358
열애	358
영아	358
옐로우	358
오딘	358
올라간	358
용맹	358
웅장	358
위선	358
위즈	358
윈드	358
유모	358
이해찬	358
일탈	358
자생	358
자치구	358
재회	358
저술	358
전교	358
전멸	358
조폭	358
진다면	358
진통제	358
찾아갔	358
천억	358
청도	358
청아	358
청양	358
청중	358
체육회	358
첼시	358
촬영장	358
충당	358
치이	358
카운트다운	358
카타	358
캔버스	358
캡처	358
케냐	358
켄지	358
코넬	358
쿠마	358
클락	358
타리	358
토익	358
트리스	358
특가	358
패권	358
페스트	358
평방	358
프랑	358
프랜시스	358
프레디	358
프린트	358
프릴	358
피에르	358
하루카	358
한국일보	358
합쳐서	358
해놨	358
해안가	358
행방	358
행적	358
허공	358
형법	358
혼혈	358
홍성	358
화음	358
휴학	358
흐릿	358
가까웠	357
가로막	357
가로질러	357
감리	357
개년	357
개업	357
거릴	357
거행	357
걸어야	357
결별	357
결선	357
경건	357
고압	357
골라서	357
골키퍼	357
공석	357
공소	357
관악구	357
교관	357
교우	357
그려져	357
그리드	357
그린다	357
근심	357
금강산	357
금천구	357
금화	357
기발	357
까칠	357
나뉜다	357
나빴	357
나약	357
나이키	357
나자	357
농지	357
누명	357
느슨	357
늦추	357
니코	357
다국적	357
다자	357
단의	357
대공	357
대니얼	357
대법원장	357
대서	357
델리	357
돌려받	357
돌아	357
동작구	357
따먹	357
떠오른	357
뛰어다니	357
라미	357
라바	357
랄라	357
레슬링	357
레진	357
릴리즈	357
마법소녀	357
막걸리	357
막장	357
맞대	357
모차르트	357
목자	357
무모	357
무색	357
뭡니까	357
미즈	357
바쿠	357
방심	357
방탄	357
뱃속	357
버나드	357
버킷	357
변덕	357
병합	357
보건소	357
볶음	357
볼링	357
부설	357
불의	357
불후	357
붕어	357
브룩스	357
비꼬	357
비트코인	357
비틀	357
빌드	357
빵빵	357
사사	357
산불	357
살펴볼	357
삼국	357
상고	357
상설	357
생화학	357
성북구	357
세간	357
소나타	357
소닉	357
소세지	357
수구	357
수도원	357
스튜	357
시스코	357
시차	357
식료품	357
실리콘	357
씁쓸	357
아그라	357
아따	357
아십니까	357
알리스	357
알프레드	357
암기	357
압구정	357
애니멀	357
애용	357
양복	357
어드벤처	357
어젯밤	357
어쨌	357
어항	357
여길	357
역세	357
연희	357
열립니다	357
영생	357
영월	357
오차	357
왕족	357
원점	357
웰스	357
유니버스	357
유리창	357
유틸리티	357
유학생	357
유희	357
으셔서	357
으셔야	357
의제	357
이바지	357
인내심	357
인대	357
인천광역시	357
일세	357
자책	357
잠겨	357
장만	357
장엄	357
적성	357
전능	357
점원	357
정계	357
정진	357
정할	357
조건부	357
주둔	357
주디	357
중랑구	357
증설	357
지아	357
지은	357
지회	357
진수	357
책자	357
초당	357
초라	357
초빙	357
침수	357
카니발	357
코노	357
코라	357
콜라보	357
클라	357
킹덤	357
테르	357
테이	357
통수	357
통용	357
평창동	357
프란시스	357
프레이	357
픽스	357
필립스	357
하여튼	357
허리케인	357
헌트	357
헤어진	357
현저	357
호시	357
홉킨스	357
황소	357
황폐	357
히로시마	357
가라	356
가비	356
가지마	356
간질	356
강국	356
강추	356
개기	356
격투	356
골격	356
골프장	356
괴도	356
균열	356
근절	356
기다린다	356
기독	356
기행	356
김경수	356
꼼수	356
끓이	356
내재	356
냐며	356
농작물	356
누출	356
다녀야	356
다뤄	356
다목	356
달린다	356
댄싱	356
데스크톱	356
데이지	356
도면	356
독보	356
독일인	356
동독	356
드래곤볼	356
들으	356
따님	356
라던데	356
라비	356
라이드	356
란스	356
로빈슨	356
로울	356
리버스	356
막막	356
막혔	356
망가지	356
맨해튼	356
몰살	356
물감	356
민족주의	356
밀레	356
바뀐다	356
백혈병	356
버논	356
변함없	356
보인다는	356
부검	356
부적	356
불로	356
불릴	356
붙여서	356
빡빡	356
사요	356
산재	356
삼성동	356
색소	356
생활비	356
샤이니	356
서포트	356
성신	356
셔요	356
소포	356
손쉽	356
순결	356
순교자	356
스터디	356
스티븐스	356
스푼	356
슬라이드	356
신명	356
심리학자	356
쌍방	356
쓰인다	356
아쉬웠	356
아우디	356
아이튠즈	356
아즈	356
아카이브	356
아티	356
안드레	356
안팎	356
애드	356
야후	356
어두	356
어린이집	356
엑스레이	356
연사	356
연수원	356
연신	356
연일	356
열심	356
오브젝트	356
오죽	356
올립니다	356
와이어	356
완구	356
외래	356
외로워	356
외환	356
우진	356
원심	356
윌리스	356
유라	356
유야	356
윤기	356
으음	356
음력	356
이목	356
이북	356
이스탄불	356
이양	356
이어받	356
일과	356
일러스트레이터	356
일어	356
자른	356
자판기	356
잔류	356
잘랐	356
전망대	356
전쟁터	356
젊음	356
점거	356
정가	356
정연	356
제고	356
죽임	356
지으	356
직속	356
집행유예	356
찰나	356
처먹	356
천체	356
최장	356
치솟	356
캐롤	356
커널	356
커브	356
코우	356
콘도	356
태세	356
태연	356
토성	356
토의	356
투영	356
특종	356
파면	356
팩스	356
페라	356
편안히	356
평행	356
포상	356
표류	356
플레인	356
해리슨	356
해봐요	356
해주	356
호두	356
히어로즈	356
갑작스런	355
강림	355
강세	355
강의실	355
개개인	355
견과	355
결여	355
경비대	355
경악	355
경의	355
고릴라	355
골짜기	355
공범	355
과부	355
과세	355
국민연금	355
귀가	355
그리운	355
기차역	355
끝없이	355
노린	355
놨는데	355
다산	355
다인	355
당과	355
당구	355
덴버	355
도운	355
들린	355
들였	355
디지	355
따듯	355
라이온	355
로군	355
리비아	355
리스본	355
리스크	355
리투아니아	355
릭스	355
마이너스	355
맙소사	355
매달려	355
멘탈	355
모란	355
모을	355
못난	355
미나미	355
미들	355
미주리	355
민자	355
바랐	355
반감	355
발발	355
발부	355
밝혀내	355
밝힐	355
버즈	355
베일리	355
본국	355
부려	355
부활절	355
북측	355
분화	355
브래들리	355
뿌린	355
삼각형	355
상반	355
상속인	355
샬롯	355
서해안	355
성동구	355
세뇌	355
세단	355
세인트루이스	355
손질	355
쇼트	355
수목	355
숨길	355
스파게티	355
슬램	355
승려	355
시녀	355
시베리아	355
식용	355
신병	355
실렸	355
심폐	355
쓰러진	355
아미노산	355
암살자	355
압류	355
야한	355
양아치	355
어야죠	355
어용	355
어학	355
어휴	355
언행	355
에디슨	355
에세이	355
여장	355
역동	355
연민	355
열렬	355
영영	355
영접	355
영화사	355
예멘	355
와줘서	355
운하	355
울부짖	355
월남	355
유비	355
으악	355
음주운전	355
음직	355
이면	355
이삭	355
이웃집	355
일기장	355
일선	355
자음	355
장대	355
재빨리	355
재치	355
저음	355
적법	355
전광판	355
전라	355
족장	355
주범	355
중앙은행	355
지평선	355
지하철역	355
짓밟	355
청담동	355
체이스	355
첼로	355
총각	355
출소	355
충만	355
카노	355
캐스	355
캡쳐	355
컨트리	355
케니	355
코스피	355
콘셉트	355
큽니다	355
타우	355
테인	355
토사	355
토시	355
통학	355
퇴각	355
틈새	355
퍼스	355
페달	355
플로우	355
피부과	355
하중	355
한라	355
할리	355
합산	355
햇볕	355
행해	355
호구	355
호크	355
혼잡	355
홍익	355
화분	355
화소	355
회개	355
효성	355
가정폭력	354
감명	354
거긴	354
게이츠	354
게임기	354
견뎌	354
계셔	354
관상	354
교묘	354
교포	354
구가	354
구스	354
구정	354
권력자	354
극본	354
금요	354
기고	354
기공	354
기전	354
김구	354
깨워	354
끼쳤	354
날카롭	354
내자	354
너비	354
노총	354
눈알	354
느긋	354
단발	354
단테	354
대동	354
대영	354
더워	354
도마뱀	354
도망쳤	354
도매	354
도봉	354
동무	354
동유럽	354
떠올려	354
떨림	354
라야	354
레너드	354
로버	354
루루	354
리비	354
리셋	354
리에	354
마그네슘	354
마티	354
먼로	354
멀린	354
멸치	354
명기	354
명회	354
모니카	354
묶음	354
문화재청	354
물방울	354
물어본	354
밑바닥	354
바가지	354
바깥쪽	354
바바라	354
바이크	354
반바지	354
발열	354
배기	354
배추	354
백수	354
벤트	354
변할	354
보행	354
볼수록	354
볼일	354
부록	354
부산시	354
부셔	354
불고기	354
불상	354
블라	354
비상사태	354
비행장	354
빈다	354
빙의	354
사려	354
사스케	354
상큼	354
샌드	354
샌디	354
생식	354
서식지	354
서천	354
선서	354
선풍기	354
선화	354
성부	354
성북	354
속담	354
송금	354
송출	354
수식	354
숙련	354
스톡	354
습기	354
시네	354
시어머니	354
시제	354
아델	354
아이린	354
알렉산드리아	354
암스테르담	354
야만	354
어울림	354
어찌나	354
엄밀히	354
에러	354
여행기	354
연마	354
열풍	354
영화배우	354
예식	354
오더	354
오레	354
오호	354
올라간다	354
옷차림	354
외장	354
외침	354
외화	354
요란	354
요하	354
용인시	354
움직였	354
유부	354
유소년	354
유역	354
읍시다	354
이공	354
이뤘	354
이사벨	354
이토록	354
익스플로러	354
인지도	354
일본식	354
입상	354
자도	354
작업실	354
저출산	354
전문점	354
정보국	354
정우성	354
정유	354
제철	354
족발	354
주어졌	354
증기	354
증서	354
지난달	354
채웠	354
챙길	354
청송	354
청정	354
추진력	354
치수	354
친정	354
카프	354
케네디	354
콜린스	354
태백	354
투구	354
패킷	354
팬덤	354
팬케이크	354
편집장	354
포켓몬스터	354
포항시	354
프라하	354
피닉스	354
피파	354
하여간	354
한문	354
항아리	354
해밀턴	354
허세	354
혹독	354
화살표	354
환산	354
환하	354
회생	354
흘린	354
히메	354
가꾸	353
감량	353
개교	353
거슬리	353
거쳤	353
결실	353
결의안	353
경마장	353
경영진	353
계시록	353
고상	353
과감	353
관례	353
광저우	353
금색	353
급진	353
기다립니다	353
기약	353
길가	353
나눠서	353
나일론	353
날까	353
낭독	353
내세워	353
넘긴	353
네놈	353
넥스트	353
노먼	353
누설	353
늘어난	353
대관	353
두려운	353
뒹굴	353
들렀	353
들으니	353
디에고	353
때린	353
라다	353
레슬리	353
려지	353
루타	353
맡길	353
매트리스	353
멈춘	353
모레	353
모터스	353
몰아내	353
무더위	353
무자비	353
미신	353
미코	353
민들레	353
반주	353
반한	353
방수	353
배고픈	353
베네수엘라	353
베로니카	353
볼티모어	353
부작	353
분경	353
블라인드	353
블레이크	353
비대	353
비무장	353
비타	353
뽑혔	353
산청	353
상이	353
서문	353
선구자	353
선착장	353
섭섭	353
성수	353
셔터	353
소고	353
소신	353
소용돌이	353
손대	353
손발	353
쇼파	353
술자리	353
스타크래프트	353
스테레오	353
스파이더	353
시내버스	353
시들	353
시여	353
실황	353
쓴다는	353
악령	353
안달	353
앞부분	353
애요	353
양배추	353
에미	353
여라	353
여보세요	353
영사관	353
영지	353
옥션	353
온다면	353
올라서	353
우먼	353
우성	353
웃겼	353
원동력	353
위축	353
이오	353
익스트림	353
입혔	353
잠잠	353
재연	353
재원	353
재정부	353
재편	353
전동	353
점장	353
정각	353
제레미	353
제멋대로	353
졸리	353
종신	353
준거	353
줄어드	353
중생	353
지평	353
직물	353
진안	353
쫓겨나	353
창세기	353
찾아다니	353
채찍	353
청결	353
쳐야	353
추계	353
출격	353
출항	353
충청북도	353
취약점	353
치료사	353
카나	353
카자흐스탄	353
카톨릭	353
캐릭	353
케리	353
쿠보	353
태극	353
투병	353
팔자	353
퍼플	353
편찬	353
펼친	353
평정	353
평촌	353
폐허	353
포니	353
폭우	353
플러그	353
필두	353
해온	353
해협	353
허접	353
헤라	353
후반기	353
훔친	353
흔드	353
희박	353
히브리	353
가닥	352
가부장	352
갈리아	352
강점	352
개강	352
거림	352
경량	352
경직	352
고용주	352
곧장	352
공격수	352
괴로움	352
교량	352
군용	352
군정	352
기관지	352
기류	352
기압	352
기조	352
긴밀	352
까만	352
꺼리	352
끊이	352
나온다고	352
나이프	352
낙엽	352
난방	352
내란	352
내심	352
네모	352
노이	352
단행본	352
달라서	352
대의원	352
대파	352
대표작	352
던질	352
데려왔	352
돌발	352
돌아온다	352
동시대	352
됐으나	352
두세	352
둘러싸인	352
들이대	352
디바	352
래스	352
랜스	352
레오나르도	352
렌더링	352
로선	352
로크	352
루소	352
리원	352
리턴즈	352
마더	352
마무	352
만행	352
망각	352
메우	352
명중	352
모로	352
모자이크	352
몽땅	352
물려주	352
미운	352
바베큐	352
반년	352
방한	352
백지	352
버려요	352
변모	352
봉사자	352
불안감	352
비너스	352
비엔나	352
비열	352
비워	352
빌미	352
사귄	352
산다고	352
삽화	352
샌디에이고	352
샤넬	352
선양	352
선언문	352
성역	352
수비수	352
숨소리	352
스메	352
스크롤	352
시타	352
실효	352
심부름	352
쌓았	352
씨티	352
아다	352
알렉	352
앞면	352
애쉬	352
야마	352
어김없이	352
억제제	352
에버	352
여주인공	352
연세	352
열중	352
였었	352
영사	352
예정자	352
옐로	352
오웬	352
온난	352
요미	352
요시	352
움직인다	352
원룸	352
원정대	352
유괴	352
으셔	352
의뢰인	352
이니셜	352
이데올로기	352
이승훈	352
이유로	352
이태리	352
익사	352
인출	352
자의	352
장마	352
장본인	352
장어	352
재일	352
재촉	352
정경	352
제우스	352
조경	352
조짐	352
주황색	352
중등	352
진의	352
진통	352
찾아올	352
채운	352
챕터	352
챙겨야	352
청담	352
청취	352
초고속	352
출제	352
친히	352
카키	352
컴파일	352
콘테스트	352
쿠라	352
쿵푸	352
크리에이티브	352
클렌징	352
클리	352
털리	352
테레사	352
투하	352
트랜스젠더	352
파하	352
패럴림픽	352
페가수스	352
포근	352
포획	352
푸틴	352
풀려	352
퓨어	352
프란치스코	352
프렌드	352
프린세스	352
하녀	352
하드코어	352
하스	352
하우	352
하체	352
한나	352
한없이	352
한탄	352
합격자	352
항소심	352
항저우	352
해양수산부	352
행한	352
호로	352
호조	352
혼수	352
확충	352
회의소	352
흘렀	352
가가	351
가로지르	351
가이	351
각주	351
거북이	351
거야	351
걸어다니	351
격추	351
고층	351
곡성	351
광고주	351
구식	351
국문	351
국판	351
그레고리	351
기대감	351
기치	351
꽃다발	351
나아갈	351
날씬	351
내서	351
넓이	351
네이처	351
농어촌	351
누릴	351
누우	351
느냐는	351
늘렸	351
다윗	351
당겨	351
대권	351
대남	351
대시	351
도배	351
디비	351
라든지	351
라이너	351
라파엘	351
러버	351
레아	351
료마	351
마르크스	351
마셔야	351
마음먹	351
머시	351
목조	351
목줄	351
무상급식	351
문인	351
문항	351
뭘까요	351
미라클	351
바이트	351
바흐	351
방위군	351
방재	351
방화벽	351
벗어났	351
베가	351
보건복지부	351
보유자	351
복역	351
본당	351
본받	351
봉화	351
뷔페	351
브라보	351
브런치	351
블라우스	351
비스타	351
비오	351
빠진다	351
살렸	351
살롱	351
살상	351
생김새	351
서운	351
소송법	351
소화기	351
손수	351
쇄골	351
수력	351
수서	351
수혈	351
슈퍼마켓	351
스테인	351
시저	351
신동	351
씨드	351
아람	351
아름	351
아부지	351
아셨	351
안락	351
약정	351
양구	351
어려우	351
에버랜드	351
여의	351
영정	351
영호	351
옆구리	351
온실	351
완도	351
요로	351
요양원	351
요크	351
용암	351
원작자	351
위급	351
위배	351
유명세	351
은은	351
음경	351
이국	351
이레	351
이모티콘	351
인스턴트	351
인양	351
인피니티	351
인화	351
일렉트릭	351
일주	351
자물쇠	351
자연재해	351
자회	351
재림	351
쟁점	351
점진	351
제작비	351
조직원	351
주어진다	351
중상	351
쥬스	351
쥬얼	351
지배자	351
지쳤	351
지폐	351
직감	351
진솔	351
짬뽕	351
쫓아내	351
차렸	351
차명	351
창녕	351
척수	351
청색	351
총액	351
추수	351
치약	351
치어리더	351
콤플렉스	351
클랜	351
탈레반	351
탈피	351
테크닉	351
토오루	351
트랜	351
트렉	351
티아라	351
파블로	351
페미	351
펼쳐진	351
풀릴	351
프로덕션	351
플레이트	351
학비	351
학연	351
할배	351
핵폭탄	351
허물	351
현자	351
화성시	351
화약	351
화자	351
환희	351
활력	351
회사원	351
회선	351
가네	350
갈까요	350
감독관	350
강가	350
강성	350
개자식	350
거하	350
겉모습	350
결투	350
경희	350
계룡	350
계약금	350
고갈	350
고소득	350
고함	350
구린	350
구석구석	350
궁중	350
금일	350
금주	350
기계식	350
기용	350
기하학	350
까다로운	350
까다롭	350
깨물	350
깨졌	350
끼어들	350
나갑니다	350
나시	350
나와라	350
난관	350
남조선	350
남초	350
내려야	350
느그	350
다원	350
단군	350
대미	350
대야	350
데릭	350
도봉구	350
독살	350
돌이킬	350
들어온다	350
등록증	350
따져	350
뛰어가	350
라디오스타	350
로보	350
로코	350
르네	350
리무진	350
막대기	350
맞닿	350
매니지먼트	350
매점	350
매화	350
맴돌	350
모니	350
묘하	350
무거워	350
물려	350
미디	350
바트	350
발키리	350
방사	350
방역	350
배속	350
변함	350
별일	350
보루	350
보성	350
복습	350
본가	350
부시장	350
부잣집	350
부팅	350
빈혈	350
빨대	350
빼내	350
사우나	350
살라	350
살인범	350
삽니다	350
상권	350
상품권	350
샤오	350
서자	350
세나	350
세브	350
세워야	350
소명	350
속삭이	350
속죄	350
손꼽히	350
쇠약	350
수선	350
수월	350
수작	350
수족관	350
순창	350
스리랑카	350
스타크	350
슬럼프	350
습도	350
승강기	350
시몬	350
시전	350
신디	350
쏜다	350
씌워	350
알려준다	350
알프스	350
양부	350
양재	350
여중	350
연탄	350
예제	350
오노	350
오른팔	350
요르단	350
용접	350
우이	350
워프	350
윈스턴	350
유예	350
유투	350
은근히	350
을께요	350
을려고	350
이래도	350
이럼	350
이트	350
인슐린	350
인트	350
일동	350
일루	350
입단	350
자긴	350
자료실	350
자리매김	350
자서전	350
재가	350
전가	350
전도사	350
정구	350
제단	350
조그마	350
조연	350
조커	350
족제비	350
주사위	350
중개	350
중학	350
진중	350
진척	350
집안일	350
창가	350
찾아갈	350
채집	350
천공	350
청렴	350
청혼	350
최단	350
출세	350
치부	350
카논	350
카츠	350
카펫	350
콩고	350
쿠웨이트	350
키티	350
탈옥	350
탈환	350
택지	350
투약	350
투옥	350
파마	350
퍼트	350
페라리	350
피쳐	350
피츠버그	350
하모니	350
하수	350
헌혈	350
헤엄	350
화법	350
황혼	350
후예	350
흉기	350
가져와서	349
갑판	349
강풍	349
갖춰	349
게이지	349
결사	349
결석	349
경미	349
계파	349
공해	349
광주광역시	349
구걸	349
구원자	349
국민은행	349
근황	349
글쓴이	349
금품	349
기부금	349
기요	349
김영삼	349
까맣	349
깜찍	349
꿰뚫	349
나뭇가지	349
나체	349
나침반	349
나팔	349
남한산성	349
내구	349
내용물	349
내쫓	349
노무	349
달려라	349
대칭	349
덧붙이	349
도로시	349
돌풍	349
동종	349
드러난다	349
드린다	349
등교	349
등대	349
따라갈	349
라거나	349
라벤더	349
러시아인	349
러요	349
로웠	349
로컬	349
루키	349
리딩	349
리리	349
리우스	349
리전	349
리호	349
린지	349
마땅히	349
마타	349
만듭니다	349
만장일치	349
만질	349
말소	349
맞붙	349
머금	349
명제	349
모사	349
모피	349
미달	349
바라본	349
발짝	349
발코니	349
발화	349
방전	349
베넷	349
변혁	349
보궐	349
보잉	349
봉기	349
부러지	349
분대	349
브람스	349
블로	349
블루베리	349
블루스	349
비르	349
빌리지	349
사셨	349
사우디아라비아	349
삼척	349
상했	349
생겨난	349
생년월일	349
석양	349
선보인	349
성적표	349
성체	349
세컨드	349
센타	349
속임수	349
손수건	349
수류탄	349
수조	349
숨겨져	349
숨진	349
스레드	349
스완	349
스턴	349
스테로이드	349
슬리퍼	349
시럽	349
시퀀스	349
시터	349
신동엽	349
신진	349
심해서	349
쓰다듬	349
아녀	349
아로마	349
아쿠	349
압수수색	349
앨리슨	349
야해	349
약제	349
어떤가	349
어메이징	349
어시스트	349
에라	349
엘런	349
여분	349
열도	349
열혈	349
영도	349
영암	349
예견	349
예뻤	349
오기	349
오드	349
오라버니	349
옮김	349
와이즈	349
외무	349
우즈베키스탄	349
운석	349
운전기사	349
원상	349
월화드라마	349
위아래	349
유년	349
읍니다	349
이탈리아어	349
인덱스	349
인플루엔자	349
인회	349
일병	349
일제히	349
임실	349
임종	349
잔다	349
잡힐	349
재래	349
재야	349
저작물	349
적시	349
전대	349
전립선	349
정동영	349
정형외과	349
져도	349
조문	349
조선인	349
조합원	349
종래	349
주마	349
주의보	349
진부	349
차용	349
차질	349
첫눈	349
체격	349
체스터	349
츠카사	349
측량	349
카이로	349
카탈로그	349
칼리지	349
케스	349
코피	349
태양광	349
템포	349
톰슨	349
팔아먹	349
페이트	349
포수	349
포틀랜드	349
표범	349
푸시	349
프랑크푸르트	349
피드	349
피시	349
피해야	349
한껏	349
한옥	349
해산물	349
핵실험	349
헌정	349
헌팅	349
헤드폰	349
현대사	349
홈플러스	349
화천	349
효용	349
흡혈귀	349
간디	348
거트	348
걸러	348
경부	348
경쾌	348
고국	348
고등어	348
고마움	348
고제	348
고흐	348
골고루	348
공관	348
공적	348
관전	348
구세주	348
국면	348
굴뚝	348
글귀	348
기쁩니다	348
기사단	348
깊숙이	348
나그네	348
나래	348
나쁠	348
나타낼	348
날아갈	348
났었	348
내줬	348
내한	348
놔서	348
니스트	348
다른데	348
다이렉트	348
대용	348
돌려서	348
동학	348
드로	348
들인	348
딸아이	348
라멘	348
만국	348
망막	348
망쳐	348
맞춤법	348
매복	348
메릴랜드	348
모로코	348
몸값	348
못생겼	348
무너진	348
무릅쓰	348
무용수	348
무이	348
문관	348
문란	348
문맥	348
묻혔	348
물음	348
미란다	348
미연	348
바램	348
박진영	348
받쳐	348
발렌타인데이	348
밝혀져	348
배움	348
버퍼	348
번거	348
번호판	348
법무법인	348
병리	348
병실	348
보직	348
보행자	348
볼펜	348
분쇄	348
불꽃놀이	348
불임	348
뷰티풀	348
브랜	348
브레	348
비운	348
빙고	348
사바	348
사업소	348
사업장	348
사절	348
샬럿	348
서비스업	348
서현	348
성찰	348
성호	348
세차	348
소유주	348
소추	348
소켓	348
속력	348
손짓	348
쇠퇴	348
숙성	348
순대	348
순응	348
스피어	348
승패	348
승화	348
시끄러워	348
쑤셔	348
아몬드	348
아역	348
아케이드	348
안드레아	348
안희정	348
애견	348
양극	348
어느덧	348
어도비	348
에린	348
여생	348
여호와	348
연골	348
연기력	348
엽기	348
오리온	348
오빤	348
온기	348
와이	348
왕궁	348
왕후	348
요기	348
우타	348
우편물	348
울렸	348
원해요	348
위인	348
유시민	348
유자	348
은메달	348
을래요	348
의료진	348
이뻐	348
이어질	348
이효리	348
자크	348
자폭	348
잘리	348
잣대	348
재워	348
적절히	348
점퍼	348
접전	348
정숙	348
제명	348
조선소	348
좀처럼	348
지날	348
지름길	348
지양	348
짓거리	348
창업자	348
책정	348
청자	348
초면	348
촉매	348
총파업	348
칭송	348
칭호	348
칼륨	348
코일	348
크로우	348
타파	348
탐사선	348
태양계	348
태클	348
터프	348
테디	348
토요타	348
통계청	348
트로트	348
특공대	348
파나마	348
판도라	348
판타스틱	348
팔려	348
패러다임	348
펼쳐져	348
포인터	348
폭발물	348
풀려났	348
프로스트	348
프티	348
피신	348
한국은행	348
합친	348
항암	348
해저	348
행군	348
혈전	348
호국	348
호세	348
홋카이도	348
홍차	348
힘껏	348
가까스로	347
감사원	347
거시기	347
경인	347
고딕	347
고이	347
공손	347
공신	347
괄호	347
궁금증	347
규약	347
극성	347
근간	347
급수	347
기껏	347
기울였	347
김유정	347
꼭두각시	347
난감	347
난다는	347
난사	347
난생	347
난자	347
난폭	347
내신	347
네이션	347
느껴져	347
닛산	347
다녀와	347
단연	347
달까	347
대리석	347
대물	347
대통령령	347
돌봐	347
동백	347
두드러지	347
등반	347
딜레마	347
라즈	347
로이스	347
루수	347
류현진	347
리모컨	347
마니아	347
맞은편	347
메기	347
명랑	347
명언	347
명인	347
모교	347
무형	347
미소녀	347
민첩	347
바라볼	347
바이저	347
바카	347
박지성	347
발끝	347
발바닥	347
방광	347
방지법	347
방화	347
배부	347
백혈구	347
뱃지	347
법대	347
벼슬	347
병상	347
봉우리	347
부경	347
부업	347
분담	347
분신	347
불면증	347
비바	347
비위	347
비토	347
빅스	347
빨리빨리	347
뽑아내	347
사계절	347
사보	347
사칭	347
상담원	347
새겨져	347
생산자	347
섀도우	347
석상	347
선거인단	347
선미	347
성산	347
세르	347
소꿉친구	347
속박	347
수필	347
스와	347
스투	347
스트레이트	347
슬리	347
시설물	347
시킨다는	347
신변	347
신안	347
신의	347
신정	347
심상정	347
아가리	347
아름다우	347
아이언맨	347
아프간	347
안다는	347
안식	347
애틋	347
앵무새	347
야쿠자	347
어두워	347
업종	347
여름철	347
여태껏	347
역경	347
연성	347
연호	347
열거	347
염원	347
영업소	347
예절	347
오타쿠	347
올려서	347
왕세자	347
원거리	347
원만	347
웹진	347
유람선	347
유승민	347
유희열	347
으십시오	347
의향	347
이완	347
이정현	347
인민공화국	347
인분	347
일레븐	347
잡스	347
장시간	347
장신	347
장안	347
재수없	347
저격수	347
전해질	347
정사	347
주유	347
줄무늬	347
줄였	347
지껄이	347
진군	347
차인	347
착해	347
참배	347
처참	347
천성	347
청량리	347
총명	347
최우	347
출입국	347
충청도	347
치아키	347
친선	347
캘리포니아주	347
캠벨	347
코스모	347
큐티	347
클리블랜드	347
타루	347
통계학	347
투신	347
틀림	347
파시스트	347
팍팍	347
패자	347
포주	347
폭격기	347
폭설	347
풀린	347
프랑스인	347
프리스	347
피카소	347
한림	347
함성	347
합하	347
해뒀	347
허블	347
후대	347
히스	347
가급적	346
가르칠	346
가리킨다	346
가릴	346
가성	346
가주	346
갈께요	346
갈릴레오	346
갈아타	346
결속	346
경련	346
경화	346
고뇌	346
고어	346
고음	346
고혈압	346
곡식	346
과대	346
굴러가	346
그야	346
극동	346
글러브	346
기립	346
기울여	346
꼬이	346
꼭지	346
꼼짝	346
꾸민	346
나탈리	346
나폴레옹	346
난장판	346
남측	346
내세웠	346
내진	346
노량진	346
녹이	346
놀라울	346
놨다	346
니어	346
다가와	346
다이너마이트	346
단체전	346
달라요	346
담론	346
당부	346
당한다	346
당해서	346
대구광역시	346
대대로	346
대란	346
도지사	346
돌려야	346
돌봄	346
동족	346
드나들	346
드려도	346
들어줄	346
딸린	346
땡기	346
라데	346
라운지	346
럭스	346
런지	346
레디	346
로딩	346
로션	346
롯데시네마	346
루디	346
리플	346
마주쳤	346
마칠	346
마커스	346
마하	346
망한	346
매리	346
메리트	346
메이크	346
무서울	346
묵묵히	346
물어뜯	346
미카엘	346
바울	346
바쳐	346
바칠	346
반스	346
받아들인	346
발췌	346
버프	346
보병	346
보소	346
보이콧	346
부산광역시	346
부정부패	346
블랙리스트	346
블루투스	346
비호	346
빈티지	346
빌어먹	346
사각형	346
사시	346
사울	346
사토	346
새만금	346
서머	346
섞이	346
선발전	346
선샤인	346
세레	346
세터	346
소르	346
수감자	346
수납	346
수십억	346
수줍	346
쉐보레	346
스카프	346
스트로	346
시즈	346
신조어	346
실까요	346
실루엣	346
실바	346
아스팔트	346
아자	346
악질	346
암석	346
암세포	346
앞바다	346
앨리	346
양키스	346
어니	346
어머나	346
역사학	346
연우	346
였으니	346
영미	346
영산	346
오아시스	346
오역	346
오인	346
올라타	346
올리비아	346
완비	346
왔으나	346
용해	346
우니	346
우도	346
울릉도	346
원예	346
유기농	346
유나	346
유전체	346
유코	346
유토피아	346
육안	346
응고	346
응력	346
의복	346
이병헌	346
이해관계	346
인계	346
인부	346
일간지	346
일리노이	346
잘라서	346
잡담	346
잡초	346
장례식장	346
장흥	346
저속	346
저질	346
저해	346
전갈	346
전교조	346
전극	346
전범	346
전시실	346
전우	346
전해진다	346
절경	346
정찰기	346
젖꼭지	346
제품군	346
주술	346
중첩	346
지남	346
지켜볼	346
지훈	346
직시	346
차고	346
참신	346
창밖	346
챙겨서	346
처단	346
추월	346
치프	346
카사	346
카타르	346
커밍아웃	346
커진	346
콩쿠르	346
쾌감	346
쿠페	346
크리스토프	346
크리켓	346
타도	346
타이머	346
탄환	346
탐험가	346
텀블러	346
통일부	346
통찰력	346
트리트	346
특이점	346
파스텔	346
파출소	346
패티	346
퍼부	346
퍼시	346
편할	346
평점	346
포레스트	346
폭언	346
프런트	346
플렉스	346
피리	346
픽션	346
필터링	346
하류	346
학동	346
해금	346
해머	346
해부	346
헤비	346
혈소판	346
호도	346
환각	346
회기	346
효도	346
간소	345
감염자	345
거장	345
경질	345
고성능	345
고은	345
고쳐야	345
공권력	345
공문	345
과업	345
교육자	345
교육학	345
구해야	345
구획	345
국고	345
국밥	345
균일	345
그랑프리	345
금세	345
길버트	345
김동현	345
김영철	345
끊겼	345
나기사	345
나아	345
난입	345
남양주시	345
남짓	345
넓혀	345
네코	345
누렸	345
니야	345
단기간	345
단비	345
당뇨	345
대군	345
대낮	345
대명	345
대할	345
댄다	345
덮여	345
데코	345
도망쳐	345
도색	345
도정	345
돼도	345
두피	345
득표	345
들켰	345
따내	345
라이스	345
랄프	345
레이븐	345
리턴	345
만장	345
말랐	345
맞선	345
멧돼지	345
명료	345
명복	345
몬테	345
몸집	345
무적	345
문답	345
미식	345
민호	345
밀스	345
바느질	345
밧줄	345
방주	345
배관	345
백마	345
백서	345
번역가	345
벌어질	345
병자	345
보안법	345
보증금	345
분석가	345
분홍	345
브라더스	345
비버	345
비와	345
빨갛	345
산만	345
새싹	345
생신	345
생포	345
서한	345
선대	345
선지자	345
설명서	345
성교	345
셀렉	345
소나기	345
소드	345
소울메이트	345
소질	345
속여	345
속편	345
수레	345
수스	345
수진	345
숨결	345
스캐너	345
스쿼드	345
시제품	345
신중히	345
실세	345
아닐지	345
아포	345
악용	345
알린	345
알아냈	345
알차	345
야호	345
에반스	345
에스프레소	345
에티오피아	345
연금술사	345
열전	345
예천	345
오수	345
오지마	345
올려요	345
올지	345
와플	345
원안	345
위계	345
위스콘신	345
윌리	345
유보	345
유스케	345
은색	345
이너	345
이체	345
입장권	345
자락	345
잔여	345
정벌	345
정수기	345
조우	345
종교인	345
중대장	345
지른	345
지반	345
진료소	345
쫓아가	345
찬미	345
창시자	345
철자	345
초석	345
총판	345
취임식	345
카누	345
크리스찬	345
킬로	345
타석	345
타의	345
탄성	345
테마파크	345
투척	345
트래픽	345
트리오	345
특파원	345
팔린	345
페퍼	345
프라이버시	345
프리티	345
한국식	345
한솔	345
한전	345
할지라도	345
해짐	345
행크	345
현안	345
호이	345
혼잣말	345
홍조	345
화순	345
화염	345
회동	345
휴양지	345
흠집	345
가디건	344
가변	344
가입자	344
각색	344
간염	344
값진	344
강대국	344
강우	344
건재	344
겁쟁이	344
게으른	344
견지	344
경제학자	344
계장	344
고결	344
고심	344
공제	344
과거사	344
관람객	344
괜한	344
구부	344
국소	344
군도	344
군림	344
궁궐	344
궁지	344
권세	344
급속도	344
기라	344
기복	344
기왕	344
길목	344
까치	344
꾸려	344
끄덕	344
나물	344
나올지	344
낙지	344
난동	344
남동쪽	344
내꺼야	344
내뿜	344
넘어오	344
노마	344
노하	344
누군	344
뉴턴	344
는대	344
니버	344
다뤘	344
대구시	344
대마초	344
데스티니	344
데이먼	344
도미	344
독주	344
동양인	344
뒷부분	344
드셔	344
디어	344
떠올라	344
떨어짐	344
뜨거워	344
마가렛	344
말살	344
매니	344
머리칼	344
머지않	344
멀미	344
메르스	344
멤피스	344
명암	344
무수	344
무한대	344
묵직	344
문호	344
묻힌	344
민영	344
민요	344
바랬	344
바를	344
바친	344
반기문	344
반반	344
백합	344
베네딕트	344
보냅니다	344
보리스	344
본방	344
본진	344
부동	344
부득이	344
부릴	344
브라더	344
비뉴	344
비욘세	344
비친	344
비하인드	344
뿌렸	344
산성	344
상국	344
서거	344
서경	344
서드	344
서핑	344
셀러	344
소각	344
수기	344
수목드라마	344
수저	344
수집가	344
수화	344
스테파니	344
스트라이커	344
슬림	344
식기	344
심장병	344
쓰임	344
아이덴티티	344
아이스하키	344
안양시	344
알아봐	344
양방향	344
에드워즈	344
역습	344
연차	344
열사	344
영성	344
오드리	344
오비	344
왁스	344
완만	344
왔으니	344
외도	344
우라늄	344
우미	344
우후	344
위너	344
윙스	344
육박	344
음란물	344
이보	344
이펙트	344
인건비	344
인민군	344
인준	344
일수	344
입당	344
자이언트	344
자해	344
장로회	344
재규어	344
저널리즘	344
전반기	344
접점	344
정박	344
정신없이	344
조식	344
집요	344
징역형	344
차후	344
찬물	344
창당	344
창작자	344
찾아와서	344
처우	344
천황	344
체전	344
총학생회	344
추궁	344
추대	344
충실히	344
치욕	344
치코	344
친위대	344
친필	344
카츠키	344
컬처	344
케이드	344
코스닥	344
크리스천	344
클럭	344
클레	344
태운	344
태초	344
택한	344
통곡	344
파라오	344
판명	344
판소리	344
페르	344
포스팅	344
포티	344
풍습	344
하얼빈	344
한식	344
해경	344
해법	344
해부학	344
행세	344
행정관	344
향토	344
헤일	344
헤일리	344
현저히	344
형수	344
혼다	344
회고	344
회의장	344
힘찬	344
가결	343
가타	343
각서	343
개뿔	343
거둬	343
결집	343
경제력	343
계략	343
고고학	343
고아원	343
골치	343
과분	343
광진	343
괴수	343
군기	343
그리스어	343
극소수	343
글로리아	343
김지영	343
까불	343
나토	343
남아공	343
낱말	343
내려갈	343
냉방	343
농심	343
누군데	343
는걸요	343
니가타	343
단합	343
당도	343
대덕	343
데려온	343
데려와	343
도형	343
독한	343
돌연	343
동감	343
드래	343
드미트리	343
등단	343
떠나가	343
라그나	343
레이터	343
렌지	343
리바이	343
리야	343
리콜	343
마모	343
마샬	343
마코	343
마흔	343
만연	343
말단	343
맞대결	343
매료	343
멍하니	343
모여들	343
모카	343
모함	343
목수	343
몸부림	343
무예	343
미끄러	343
미역	343
미트	343
미합중국	343
밀린	343
밀수	343
밀폐	343
바텐더	343
방법론	343
배럴	343
벌일	343
변속기	343
별빛	343
본회의	343
부끄러움	343
부다페스트	343
불발	343
불운	343
비나	343
비빔밥	343
비약	343
뽑힌	343
살까	343
살포	343
상세히	343
서초동	343
서태지	343
성교육	343
성의	343
성장기	343
세이프	343
소이	343
속눈썹	343
수현	343
숨졌	343
스나이퍼	343
스마	343
스위프트	343
스치	343
스칼렛	343
스코프	343
스킵	343
스탠포드	343
스토	343
스포츠카	343
스폰지	343
시군	343
시초	343
시호	343
신간	343
신빙	343
심슨	343
싸구려	343
쏟아져	343
씨알	343
아돌프	343
아울렛	343
알버트	343
알약	343
앙리	343
앙코르	343
앞날	343
어떨지	343
어울려요	343
어주	343
어쩌구	343
얽힌	343
엉망진창	343
엉터리	343
엊그제	343
엑스맨	343
연명	343
엿볼	343
영자	343
오하	343
외투	343
우마	343
워렌	343
워스	343
원통	343
웬일	343
유기체	343
유대교	343
유망	343
유배	343
유추	343
유행어	343
윤곽	343
으뜸	343
으려나	343
은유	343
의정	343
인마	343
인스	343
인피니트	343
일깨워	343
일절	343
일축	343
잇따라	343
자시	343
자인	343
작작	343
잘린	343
장차	343
전전	343
접목	343
접해	343
정력	343
정열	343
정치가	343
제모	343
제사장	343
제이콥	343
조부	343
조서	343
종편	343
주거지	343
주무	343
주저앉	343
중증	343
지파	343
직계	343
직진	343
직행	343
질감	343
철새	343
초급	343
최면	343
치러진	343
칠판	343
카오스	343
캔자스	343
컨설턴트	343
켄트	343
코스모스	343
코스타리카	343
콘퍼런스	343
콜렉션	343
쿠스	343
큐어	343
크로스오버	343
타선	343
탈선	343
탐방	343
터빈	343
테라스	343
튀어나온	343
트랜지스터	343
티파니	343
판도	343
판별	343
페트	343
평지	343
평형	343
폐차	343
포격	343
포진	343
포카	343
폴로	343
푸짐	343
풋살	343
풍족	343
프리뷰	343
플로렌스	343
피처	343
핀치	343
하남시	343
하비에르	343
하이파이브	343
한대요	343
한들	343
해설자	343
해왕	343
헤드셋	343
현생	343
홀덤	343
홀로그램	343
홈경기	343
화목	343
활기차	343
휴게실	343
흐른다	343
히나	343
히말라야	343
가야지	342
가했	342
감염병	342
감자튀김	342
강압	342
갖가지	342
거물	342
건수	342
고스란히	342
고취	342
공덕	342
과반수	342
괴로운	342
교직	342
구례	342
구리시	342
구문	342
국세	342
군사력	342
군함	342
굿바이	342
그라피	342
그랬었	342
그림책	342
글러	342
금성	342
기다림	342
기프트	342
꿀벌	342
끝난다	342
끝장	342
끼친	342
나방	342
나폴리	342
난간	342
내수	342
네이비	342
넥서스	342
누른	342
니콘	342
다가갈	342
다가왔	342
단번	342
대뇌	342
대주	342
대타	342
더그	342
동화책	342
두각	342
뒤덮	342
드레싱	342
디아블로	342
디제이	342
레스터	342
론가	342
리크	342
막바지	342
매립	342
매트릭스	342
모를까	342
모지	342
몸짓	342
무니	342
무형문화재	342
문정	342
물으면	342
미티	342
미포	342
민수	342
밀렸	342
바쁠	342
발버둥	342
배스	342
배심원	342
버릴까	342
버키	342
베푸	342
변함없이	342
병렬	342
병아리	342
보여야	342
보호구역	342
봐줘	342
부결	342
부대원	342
부렸	342
브로드웨이	342
브로커	342
블레어	342
블로거	342
비티	342
비행선	342
빗물	342
빼앗긴	342
사발	342
산란	342
상습	342
서늘	342
서우	342
서지	342
선곡	342
설계도	342
섹시해	342
셔먼	342
소리야	342
소지품	342
속출	342
쇼트트랙	342
수교	342
수익금	342
숙취	342
스카웃	342
스키장	342
스타일리스트	342
시물	342
시부	342
시작점	342
식초	342
신령	342
신사동	342
실드	342
심볼	342
싱싱	342
싸워야	342
아쉬워	342
안내문	342
알아채	342
양일	342
어원	342
억양	342
에디터	342
에이트	342
여겨졌	342
역행	342
연다	342
연임	342
연장선	342
영남대	342
영수	342
예배당	342
예우	342
오하이오	342
올빼미	342
우사	342
우석	342
워싱	342
위니	342
유관	342
유라시아	342
은평	342
은하수	342
음대	342
의왕	342
이누야샤	342
이랜드	342
이주민	342
이츠키	342
인사이트	342
입장료	342
자영	342
작성자	342
작중	342
잠기	342
장가	342
장모	342
장자	342
정년	342
제곱	342
제퍼슨	342
져라	342
종단	342
종시	342
좌회전	342
주둥	342
주상	342
주조	342
중독자	342
중략	342
중얼	342
증원	342
지드래곤	342
지방산	342
지부장	342
질려	342
집무실	342
찍혀	342
천막	342
천연가스	342
철로	342
체가	342
초심	342
총력	342
총살	342
총영사관	342
출고	342
출몰	342
치환	342
카시	342
캐딜락	342
코바	342
콕스	342
키나	342
키퍼	342
타타	342
탈모	342
태산	342
태평	342
테이트	342
토네이도	342
톱스타	342
트릴	342
판매점	342
폐업	342
프레슬리	342
피임약	342
하버	342
학우	342
한걸	342
한결같이	342
한다니까	342
합천	342
행각	342
화낼	342
환대	342
횃불	342
후보자	342
흑색	342
가셔서	341
가창력	341
간청	341
갈기	341
개의	341
거들	341
격투기	341
고하	341
고흥	341
관공서	341
관두	341
관리사	341
관철	341
구급차	341
굴려	341
궁합	341
그려졌	341
그죠	341
기술원	341
기승	341
기해	341
김도연	341
까스	341
꽃집	341
끊임없	341
노모	341
노블	341
노우	341
니체	341
다녀요	341
다로	341
담화	341
대마	341
데미안	341
도자기	341
돈벌이	341
동북아	341
동인지	341
드니	341
따라와	341
떳떳	341
레귤러	341
로스쿨	341
롤러코스터	341
루마니아	341
리디	341
리필	341
린스	341
마가	341
마님	341
망설임	341
망친	341
모씨	341
모자란	341
모처럼	341
몽키	341
몽환	341
무더기	341
묶인	341
미덕	341
미망인	341
바꾼다	341
바나	341
바드	341
바삭	341
바이올렛	341
박히	341
반점	341
반짝반짝	341
발하	341
방관	341
방글라데시	341
백설	341
번복	341
번창	341
범용	341
베란다	341
보여도	341
분기점	341
불복	341
비기	341
비번	341
비평가	341
빌린	341
사샤	341
사이코패스	341
사진가	341
사형수	341
산사태	341
산학	341
서두	341
서체	341
서치	341
성욕	341
세밀	341
수신기	341
수연	341
수의사	341
슈미트	341
스퍼	341
시종	341
시효	341
식도	341
식물원	341
신천	341
실비	341
심할	341
심히	341
싸운다	341
쓰여진	341
악행	341
안젤라	341
암모니아	341
야사	341
어류	341
어여	341
어쨋든	341
엘지	341
여객선	341
영위	341
예정일	341
오도	341
오두막	341
올라프	341
와카	341
요구르트	341
원광	341
원스	341
원호	341
월성	341
위트	341
유방암	341
유상	341
윤회	341
으십니다	341
음파	341
이견	341
이봐	341
이질	341
일차	341
입건	341
자이	341
장구	341
재량	341
전편	341
전함	341
정동	341
정우	341
정치학	341
제과	341
제보자	341
제스처	341
조미	341
조형물	341
주공	341
줄여야	341
지킴	341
진급	341
진아	341
차츰	341
참견	341
찾아낸	341
처절	341
철근	341
청나라	341
쳐라	341
쳐먹	341
충무로	341
충성심	341
카로	341
카오	341
캥거루	341
케이프	341
쿼드	341
타나카	341
타원	341
태영	341
테오	341
트랜스포머	341
트램	341
트레일	341
티스토리	341
파고들	341
파구	341
파츠	341
판매자	341
팔레트	341
패션쇼	341
패스트	341
페레	341
편파	341
평택시	341
표결	341
표상	341
풀려나	341
플러그인	341
피어나	341
필승	341
핑거	341
하늘색	341
하이킹	341
하지메	341
한다면서	341
할걸	341
해외여행	341
해파리	341
험난	341
헬레나	341
형편없	341
화백	341
휘트니	341
흩어지	341
힐스	341
가둬	340
가칭	340
간사이	340
강연회	340
거머	340
거쳐서	340
건다	340
건진	340
겨루	340
견학	340
계십니까	340
고장나	340
고장난	340
고증	340
고환	340
공예품	340
과한	340
광택	340
교향곡	340
국책	340
군무	340
그렉	340
그쳐	340
금기	340
급습	340
기내	340
까딱	340
깜빡이	340
꺼낸	340
꼬박	340
나온다는	340
난징	340
남발	340
낸다고	340
냅킨	340
노렸	340
녹여	340
니시노	340
다이버	340
단락	340
닫혀	340
대승	340
대학살	340
대학원생	340
도감	340
독립군	340
독사	340
되돌아가	340
되살리	340
드가	340
드러낸	340
든다고	340
디렉	340
디언	340
따돌리	340
라네요	340
라드	340
라스베이거스	340
레지던트	340
로동	340
로버츠	340
루돌프	340
리디아	340
마기	340
마로	340
마이티	340
마중	340
맞춰야	340
매춘	340
모셨	340
몰려들	340
무너질	340
무승부	340
무진	340
물러서	340
미나	340
미식축구	340
미켈란젤로	340
밀리언	340
반증	340
밤늦	340
배선	340
배신자	340
버라이어티	340
버립니다	340
벅차	340
번성	340
범벅	340
베프	340
벼랑	340
벽면	340
보더	340
보디	340
보배	340
보카	340
볼리비아	340
부기	340
부딪치	340
불황	340
붙여진	340
붙임	340
비숍	340
비시	340
빨려	340
사과문	340
사귈	340
사파리	340
산사	340
산체스	340
상거래	340
상법	340
상추	340
생리대	340
생일날	340
서스펜션	340
서유기	340
서진	340
서킷	340
세계사	340
소아과	340
소양	340
소탕	340
수성구	340
수액	340
수학여행	340
스바루	340
스윗	340
스타드	340
스탈린	340
스탠다드	340
시방	340
실과	340
심경	340
쌓였	340
아선	340
아싸	340
악랄	340
악장	340
안장	340
안지	340
알려줘	340
애국가	340
애국심	340
약학	340
어때서	340
억류	340
엄격히	340
에덴	340
에브리	340
영문학	340
영양소	340
예원	340
오메	340
온스	340
와이번스	340
요거	340
요요	340
우루과이	340
운임	340
울지마	340
원초	340
유주	340
유혈	340
윤종신	340
응징	340
의례	340
의아	340
이겨낼	340
이따금	340
인공위성	340
인파	340
일손	340
자기장	340
자본가	340
자유자재	340
자판	340
잠복	340
장판	340
재결합	340
제반	340
조력자	340
조림	340
조선족	340
주당	340
주치의	340
주현	340
중문	340
지스	340
지으며	340
징조	340
짜잔	340
참새	340
창백	340
천박	340
천안시	340
초상	340
초선	340
추행	340
치하	340
치히로	340
카우보이	340
컨소시엄	340
콜레스테롤	340
크레이그	340
크리스털	340
터득	340
테네시	340
토탈	340
퇴역	340
틀림없이	340
파헤치	340
팔뚝	340
폭스바겐	340
표식	340
프로페셔널	340
플라잉	340
피했	340
하심	340
하의	340
하퍼	340
한바탕	340
할렐루야	340
할매	340
항성	340
해자	340
헤쳐	340
현혹	340
형량	340
형제자매	340
화정	340
화창	340
황후	340
회가	340
후식	340
가식	339
갈래요	339
갈비뼈	339
강수	339
강정	339
갖췄	339
거린다	339
거만	339
거제시	339
격파	339
경수	339
계양	339
고분자	339
고산	339
고척	339
공경	339
공보	339
과학부	339
관리법	339
교육장	339
교주	339
국부	339
궁예	339
근성	339
글로리	339
금빛	339
급제	339
기록물	339
김영란	339
김포시	339
깜깜	339
낙관	339
난소	339
날아갔	339
날조	339
날지	339
내라	339
논현동	339
놀림	339
뉘앙스	339
니켈	339
다보	339
다운타운	339
단맛	339
당사	339
대리점	339
대진	339
독학	339
동맹국	339
드릴까	339
들어선	339
떠드	339
똘똘	339
뜻깊	339
라니요	339
락스	339
레닌	339
레바논	339
레볼루션	339
레이아웃	339
로자	339
로터	339
리암	339
마의	339
만끽	339
매사	339
매시	339
맥심	339
면회	339
문턱	339
미국식	339
미네소타	339
바비큐	339
박동	339
반향	339
받아들여야	339
발렌시아	339
배고픔	339
보금자리	339
보위	339
복사본	339
부사	339
부조	339
불가리아	339
브렉	339
빛내	339
사로잡혀	339
사업단	339
사절단	339
삼성그룹	339
삼위일체	339
상경	339
생가	339
석권	339
석기	339
선선	339
세바스찬	339
섹터	339
소비에트	339
소사	339
소홀	339
속국	339
숙녀	339
숙지	339
순전히	339
쉬워요	339
스토리지	339
스파이크	339
시달렸	339
식수	339
신림	339
신주쿠	339
심령	339
심오	339
십자군	339
싸가지	339
씨네	339
아까운	339
아만다	339
알래스카	339
암초	339
애자	339
야야	339
여겨진다	339
여느	339
여울	339
여행지	339
였음을	339
영계	339
예비군	339
옥시	339
완다	339
완성도	339
왕권	339
왕래	339
왼발	339
윗부분	339
유구	339
유민	339
유부녀	339
유흥업소	339
이용객	339
익산시	339
인플레이션	339
임베디드	339
임상시험	339
임자	339
자성	339
잠긴	339
장신구	339
저널리스트	339
저온	339
접착제	339
젓가락	339
정신병자	339
제네시스	339
조라	339
조쉬	339
조시	339
주안	339
죽여야	339
지구촌	339
지노	339
직렬	339
진우	339
찍히	339
창동	339
청구인	339
청룡	339
카제	339
카즈	339
캐주얼	339
커리	339
코러스	339
키노	339
키미	339
타이베이	339
탐라	339
터전	339
테슬라	339
튀어나오	339
파노라마	339
파이썬	339
패거리	339
평론	339
평의회	339
포대	339
피렌체	339
핏줄	339
함락	339
함안	339
햄스터	339
행인	339
향한다	339
허비	339
혈당	339
혈류	339
혈청	339
활자	339
황무지	339
횡단보도	339
후속작	339
휘발유	339
휘파람	339
히스토리	339
각별	338
간파	338
갇히	338
개판	338
걸어갈	338
겨울철	338
겸비	338
경찰차	338
경합	338
계약자	338
고열	338
고원	338
고추장	338
골든디스크	338
곰팡	338
관음	338
관청	338
괴짜	338
구덩이	338
구지	338
군위	338
균등	338
금동	338
금상	338
기괴	338
기통	338
김장	338
까페	338
꽃가루	338
꽃미남	338
끼칠	338
나위	338
낙찰	338
내게는	338
내딛	338
내려졌	338
농약	338
다이스	338
다트	338
달라스	338
담담	338
당나라	338
대관식	338
던진다	338
덩이	338
데크	338
도적	338
돌린	338
두절	338
뒤편	338
들려서	338
떨쳐	338
떨치	338
뜬다	338
라이징	338
라푼젤	338
랜드마크	338
레비	338
링거	338
맛나	338
맛없	338
머리띠	338
모퉁이	338
몰렸	338
무공	338
무도회	338
바쁜데	338
바인	338
반열	338
버려라	338
벌칙	338
베이커리	338
변제	338
복통	338
부정맥	338
부주의	338
부추기	338
분석기	338
불쑥	338
붙잡혔	338
비대칭	338
비석	338
비축	338
빠를	338
사이렌	338
살려줘	338
살벌	338
색조	338
서사시	338
석학	338
선다	338
섬뜩	338
성녀	338
성진	338
세기말	338
센티	338
소인	338
속기	338
손끝	338
손학규	338
송어	338
쇼타	338
수개월	338
수미	338
수식어	338
수은	338
수채화	338
수치심	338
순천시	338
스탄	338
스탬프	338
스턴트	338
시노부	338
시디	338
시우	338
심층	338
아녔	338
아산시	338
아카시	338
아파치	338
안기	338
안전벨트	338
앞길	338
야마구치	338
야옹	338
어묵	338
어버이	338
어울린다	338
어조	338
어질	338
엄연히	338
에드윈	338
에메랄드	338
에스터	338
에이지	338
엔비	338
여과	338
여아	338
엿보	338
영상물	338
영조	338
오뚜기	338
오스트	338
오하라	338
우림	338
우회전	338
운전대	338
웃겨요	338
원더걸스	338
월경	338
유두	338
유창	338
유태	338
융기	338
음질	338
의성	338
이다	338
이제껏	338
자만	338
자본금	338
작업장	338
전투력	338
점화	338
정신력	338
제방	338
졌어요	338
조안	338
조앤	338
주둥이	338
줄줄이	338
지켜봐야	338
지킨	338
직급	338
찾아냈	338
천시	338
청구서	338
체면	338
초간	338
총상	338
치중	338
커넥트	338
케미	338
케일	338
코르	338
콧물	338
클레오파트라	338
키친	338
탁자	338
테루	338
토레스	338
토종	338
튕겨	338
트랙터	338
트윈스	338
파드	338
파이퍼	338
파인애플	338
판단력	338
팰리스	338
펜션	338
편도	338
편차	338
평민	338
평원	338
평화상	338
포에버	338
포프	338
프랑켄슈타인	338
프루	338
피워	338
피켓	338
피크닉	338
하대	338
하세	338
한가위	338
한니발	338
함부르크	338
해리포터	338
핸드볼	338
헐리우드	338
헤지	338
호들갑	338
화환	338
횡포	338
후인	338
히나타	338
힘듭니다	338
가라오케	337
가리켜	337
간수	337
갈매기	337
감청	337
강등	337
개신	337
개연	337
객석	337
겁내	337
경기력	337
계몽	337
계엄령	337
고을	337
과금	337
국제기구	337
굴레	337
기뢰	337
기숙	337
김명수	337
김무성	337
김어준	337
깜박	337
끈다	337
끼니	337
끼우	337
나아질	337
나타	337
난다면	337
넘버원	337
넘어선	337
넘어섰	337
노면	337
노시	337
논설위원	337
놀라웠	337
당산	337
도금	337
도미노	337
도안	337
독실	337
돌려보내	337
돌아다녔	337
동의서	337
동호	337
드려서	337
득표율	337
들어맞	337
라일리	337
라크	337
라파	337
랜딩	337
러프	337
럭셔리	337
런닝	337
렛츠	337
로로	337
루드	337
루틴	337
마리나	337
마셔요	337
마스다	337
마음가짐	337
만도	337
매물	337
매미	337
맹활약	337
머저리	337
면전	337
모스크	337
모하메드	337
몸살	337
무심코	337
문제집	337
뭉쳐	337
미야	337
방귀	337
범람	337
보관함	337
보네	337
볼거리	337
부스러기	337
불린	337
불명예	337
불펜	337
블라디미르	337
빅토르	337
삭스	337
산장	337
산티아고	337
살육	337
상류층	337
상병	337
색스	337
생후	337
석면	337
선관위	337
세워졌	337
소지자	337
소행성	337
송아지	337
순화	337
쉬울	337
스카이프	337
스캇	337
스타인	337
스펀지	337
슬러	337
시빌	337
시식	337
실격	337
실록	337
실책	337
심혈	337
쓸데없이	337
아랍어	337
아지트	337
안토니우스	337
알아차리	337
암만	337
양키	337
어처구니	337
어허	337
에고	337
여객기	337
여긴다	337
여리	337
여행객	337
역사관	337
영희	337
오스트레일리아	337
오야	337
옥스퍼드	337
우럭	337
우바	337
운전석	337
유즈	337
유태인	337
의과	337
이동식	337
인코딩	337
잉태	337
자갈	337
자다	337
자연사	337
자이언츠	337
자작	337
자책점	337
자칫	337
적인	337
적중	337
전등	337
전서	337
전자파	337
전해져	337
정량	337
정희	337
조리법	337
종가	337
종아리	337
주무셨	337
준용	337
줄리안	337
지긋지긋	337
지프	337
지현	337
질타	337
집들이	337
창건	337
철판	337
청계천	337
체외	337
체크카드	337
쳐다	337
추악	337
취한다	337
치바	337
칙칙	337
캐럿	337
캐쉬	337
컬쳐	337
코보	337
코브라	337
코코아	337
크레이지	337
크리스토	337
클러치	337
클로버	337
타미	337
타쿠야	337
탈주	337
태반	337
탤런트	337
통념	337
통합진보당	337
투시	337
튜토리얼	337
트럼펫	337
특례	337
티티	337
파주시	337
판독	337
팬츠	337
페르난도	337
페인	337
폄하	337
포식	337
프로토타입	337
프로파일	337
피망	337
피코	337
피폐	337
학당	337
함평	337
항법	337
해인	337
해프닝	337
핸드백	337
했을까	337
향신료	337
현기증	337
현아	337
현우	337
호날두	337
혼합물	337
홀리데이	337
홍삼	337
황교안	337
후크	337
가늠	336
간간히	336
갈구	336
갈께	336
거늘	336
경청	336
계셔서	336
고루	336
곡인	336
공급자	336
공생	336
관절염	336
광명시	336
교도관	336
교황청	336
구직	336
국제법	336
국지	336
군민	336
군의관	336
궤양	336
금욕	336
꼰대	336
꽃받침	336
끈질기	336
나락	336
날릴	336
냐니까	336
너지	336
노멀	336
노키아	336
뇌출혈	336
누스	336
뉴시스	336
늘어지	336
다이나믹	336
단거리	336
단숨에	336
달링	336
당나귀	336
대용량	336
도립	336
도산	336
도처	336
돌핀	336
두드려	336
두들겨	336
뒷모습	336
들르	336
디스커버리	336
따온	336
땡큐	336
떠오른다	336
레브	336
로만	336
로시	336
리시	336
맹수	336
메라	336
메아리	336
목구멍	336
몬트	336
몸체	336
무해	336
물으	336
미궁	336
미란	336
미투	336
미흡	336
민물	336
밀림	336
바루	336
반팔	336
발길	336
발단	336
방앗간	336
방파제	336
버텼	336
벨리	336
벽지	336
변한다	336
병변	336
병풍	336
봉헌	336
부군	336
부비	336
부지런	336
붉은색	336
브뤼셀	336
블링	336
뼈대	336
사마귀	336
사생아	336
사심	336
사인회	336
사조	336
살펴봤	336
삽질	336
샌더스	336
생명력	336
서도	336
서빙	336
선불	336
설리번	336
성병	336
세븐일레븐	336
셔라	336
소극장	336
소문난	336
송구	336
수난	336
수송기	336
수여식	336
수호천사	336
순국	336
술사	336
슈타인	336
스노	336
스벤	336
스웨터	336
스타트업	336
스포일러	336
습성	336
시가지	336
시카	336
시한	336
시험장	336
시화	336
식감	336
신보	336
싸이월드	336
아만	336
아메리카노	336
알제리	336
애국자	336
애원	336
애타	336
앤드루	336
야시	336
약초	336
양재동	336
여백	336
역삼동	336
오리진	336
왕가	336
요동	336
요시다	336
우가	336
우여곡절	336
웨버	336
위층	336
유망주	336
유우키	336
유희왕	336
융통	336
은근	336
이승기	336
인걸	336
입점	336
자길	336
자릿수	336
자작곡	336
자퇴	336
작인	336
잔액	336
적과	336
전조	336
전폭	336
절규	336
절제술	336
주전자	336
증여	336
지쳐서	336
지하수	336
지하실	336
진위	336
처녀자리	336
척결	336
초고	336
초소	336
초전	336
총대	336
추신수	336
춘향	336
춤출	336
취항	336
취해야	336
컬럼비아	336
코스트	336
쿄코	336
크나큰	336
크릭	336
킬링	336
탈리	336
태조	336
토해	336
퇴학	336
특산물	336
티타늄	336
파급	336
퍼스널	336
평탄	336
포탄	336
풍미	336
프레젠테이션	336
프로게이머	336
플린	336
피난처	336
피부색	336
하이힐	336
하진	336
한다구요	336
합체	336
해줘도	336
행정학	336
향해서	336
헤르메스	336
회계사	336
히토미	336
가오	335
가평군	335
각광	335
감방	335
강산	335
강습	335
강판	335
거위	335
건달	335
건조기	335
게일	335
계량	335
계산서	335
계신다	335
공여	335
공전	335
관동	335
괴롭혔	335
괴상	335
교육법	335
교화	335
구균	335
국채	335
군산시	335
그니깐	335
그리곤	335
그리구	335
금단	335
기가	335
기관차	335
기술력	335
김민석	335
김제동	335
깁스	335
께선	335
남다른	335
넘어간	335
넘어졌	335
노벨상	335
논술	335
높일	335
눌러서	335
다뇨	335
닫히	335
당직	335
대차	335
데인	335
도리어	335
도미닉	335
도수	335
도태	335
도표	335
되돌릴	335
된장	335
때마침	335
라더니	335
라이플	335
라흐	335
랠리	335
레어	335
레이디스	335
로군요	335
로더	335
리만	335
리소스	335
마이어	335
마작	335
막연	335
막혀서	335
말장난	335
망자	335
맥북	335
먹통	335
멤버십	335
모나코	335
모멘트	335
무네	335
무방비	335
무속	335
묵인	335
물통	335
뭉개	335
뮤지엄	335
미스틱	335
미야자키	335
미친놈	335
밀레니엄	335
바그다드	335
바코드	335
발원	335
발차기	335
발행인	335
방산	335
백호	335
벌집	335
범퍼	335
변치	335
별난	335
보관소	335
본의	335
봉급	335
봉합	335
부교	335
분말	335
뷰어	335
비관	335
빈약	335
빙판	335
빠뜨리	335
사공	335
사모님	335
사무관	335
사카모토	335
사투	335
사하	335
산림청	335
산문	335
상륙작전	335
상영관	335
생긴다면	335
선후배	335
세계인	335
세르비아	335
셨었	335
소린	335
소바	335
소방차	335
손흥민	335
수거	335
수르	335
순항	335
스턴스	335
슬링	335
시경	335
신난다	335
신속히	335
신학자	335
실링	335
실베	335
심기	335
쏴서	335
아늑	335
아처	335
아카리	335
아카이	335
아쿠아리움	335
악인	335
알아줬	335
알츠하이머	335
암묵	335
암스트롱	335
암울	335
약수	335
양동	335
양분	335
억만장자	335
엄두	335
엄중	335
없앨	335
에스티	335
에픽	335
엘레나	335
영진	335
오래가	335
오로	335
오마이갓	335
오예	335
올까요	335
와야지	335
왕십리	335
외신	335
원년	335
유니온	335
유모차	335
으르렁	335
이직	335
일으킨다	335
일임	335
일터	335
임관	335
자랄	335
장막	335
저마다	335
전량	335
전위	335
접경	335
접했	335
정판	335
좌초	335
주대	335
주중	335
줄어든	335
증축	335
지근	335
진단서	335
진원	335
진주시	335
짝퉁	335
찬반	335
창작물	335
천왕	335
청라	335
체급	335
초동	335
축축	335
친애	335
친족	335
친했	335
친화	335
카트리지	335
커요	335
코오롱	335
클로이	335
키위	335
키치	335
타국	335
탄식	335
토벌	335
트리거	335
티베트	335
파고	335
파운데이션	335
페르소나	335
페스타	335
포르	335
폭죽	335
퓨리	335
플레밍	335
학식	335
한시	335
한입	335
합법화	335
해변가	335
해충	335
해탈	335
허전	335
헤어질	335
홀릭	335
홀트	335
화단	335
활화산	335
황사	335
후문	335
후아	335
흐려	335
흐른	335
흑자	335
흠뻑	335
힉스	335
힘든데	335
간행	334
간행물	334
걸어오	334
격자	334
고교생	334
고슴도치	334
구기	334
구룡	334
구스타브	334
국민대	334
군자	334
굴절	334
권능	334
그럴까요	334
기제	334
김성수	334
김태희	334
김현수	334
깨어난	334
꺼낼	334
꼬치	334
꼴찌	334
꾸밀	334
끝자락	334
낙선	334
날린	334
내력	334
내세운	334
노기	334
노년	334
놀려	334
뉴스룸	334
뉴올리언스	334
다락방	334
다쳐	334
단말	334
단짝	334
닫힌	334
달랑	334
달려왔	334
답례	334
당면	334
대서양	334
대주주	334
도요타	334
동강	334
동대	334
동일시	334
된답니다	334
둡니다	334
둬서	334
드러머	334
들통	334
뚫린	334
람보르기니	334
랜더	334
랩퍼	334
레이놀즈	334
레토	334
로디	334
로열	334
리바운드	334
마음씨	334
마초	334
마취제	334
맡긴	334
맨투맨	334
머핀	334
멸시	334
명과	334
명부	334
모터사이클	334
무협	334
물린	334
미시시피	334
미유	334
민지	334
반나절	334
방기	334
방범	334
배타	334
배합	334
번뇌	334
변인	334
보이드	334
본보기	334
볼려고	334
부딪혀	334
부령	334
부스터	334
부이	334
부조리	334
부종	334
분화구	334
불변	334
블룸	334
비서실	334
비엔날레	334
비핵화	334
비화	334
뻔했	334
사온	334
사이공	334
산속	334
상담소	334
상선	334
색소폰	334
색칠	334
생강	334
생깁니다	334
샤워실	334
서독	334
선악	334
선지	334
섭리	334
성공회	334
성악	334
세워져	334
소대장	334
속상해	334
손주	334
수사대	334
수속	334
수자원	334
숙부	334
순순히	334
숨바꼭질	334
스며들	334
스즈키	334
슬로우	334
시문	334
시외버스	334
신예	334
아래층	334
아키라	334
아픈데	334
안락사	334
안착	334
안타까워	334
앉혀	334
알선	334
암것도	334
애교	334
양고기	334
어종	334
에피	334
역도	334
연변	334
염산	334
였으므로	334
영양분	334
영회	334
오세훈	334
왼손잡이	334
우주인	334
운동회	334
원로원	334
원제	334
웰빙	334
유품	334
유황	334
으아	334
이교도	334
이비	334
이주영	334
자그마	334
자란다	334
작위	334
작품상	334
장보	334
장정	334
장지	334
장학생	334
전집	334
전처	334
점성	334
정한다	334
조력	334
주방장	334
중견	334
쥬라기	334
지관	334
지나칠	334
지우개	334
지킨다	334
진찰	334
착안	334
참회	334
처남	334
초토	334
출가	334
취침	334
카르텔	334
콩나물	334
크다	334
크리에이터	334
클라인	334
통했	334
투항	334
트이	334
파수	334
파울	334
팔로우	334
패기	334
퍼뜨리	334
퍼진	334
펠트	334
포용	334
폭락	334
푹신	334
풍년	334
플래티넘	334
피임	334
핍박	334
하와	334
허술	334
헤르	334
헤븐	334
현대인	334
현상금	334
형부	334
호서	334
화기	334
환한	334
회고록	334
회부	334
효정	334
후생	334
후원회	334
흐뭇	334
흔치	334
희한	334
가망	333
감귤	333
개인주의	333
거느리	333
거미줄	333
검지	333
겉보기	333
계신데	333
고속버스	333
고스	333
고충	333
곤경	333
곰팡이	333
과열	333
광동	333
광우병	333
괴롭혀	333
교학	333
교활	333
구미시	333
구치소	333
군부대	333
궁리	333
그리스도교	333
근위	333
글렀	333
기력	333
기저	333
김해시	333
꺼졌	333
껍니다	333
끈기	333
나아졌	333
남이	333
네스	333
노고	333
노조미	333
놀라움	333
눈가	333
닐슨	333
다급	333
다움	333
다윈	333
달려갔	333
담백	333
대주교	333
더글라스	333
덩크	333
도망자	333
독단	333
독촉	333
돌이켜	333
된다구	333
뒷좌석	333
드신	333
띈다	333
래빗	333
레바	333
레슬러	333
레이건	333
루어	333
리바	333
림프	333
마누	333
마레	333
마상	333
마성	333
마일스	333
만루	333
만인	333
말라리아	333
말없이	333
망가진	333
맞먹	333
맞섰	333
맞히	333
명량	333
모비	333
모빌	333
모유	333
몰린	333
무라	333
문물	333
문학관	333
미드필더	333
미술사	333
미호	333
밀어붙이	333
밀짚모자	333
바알	333
박제	333
반송	333
발랐	333
발명가	333
발성	333
밝힌다	333
백과사전	333
뱃살	333
뱅크스	333
베네치아	333
베이글	333
볶음밥	333
본론	333
본지	333
부녀	333
부산대	333
부응	333
부트	333
분지	333
불어	333
브라우니	333
비긴	333
비범	333
빈자리	333
사담	333
사목	333
사외	333
샘플링	333
서가	333
서기관	333
서너	333
서다	333
선인	333
선종	333
성민	333
성탄절	333
소득세	333
소호	333
수온	333
수해	333
쉐이크	333
쉬웠	333
스케치북	333
스타일링	333
스트릿	333
스티치	333
시료	333
시보	333
시지	333
신드롬	333
신뢰도	333
아담스	333
아우라	333
아편	333
앞세워	333
약효	333
양시	333
양주시	333
양초	333
여름휴가	333
여종	333
역류	333
연작	333
연천군	333
연출가	333
염분	333
염색체	333
영세	333
예쁘다	333
옛적	333
오심	333
온종일	333
올슨	333
우선시	333
운다	333
월화	333
유급	333
유심	333
유심히	333
육류	333
육수	333
은신처	333
이건희	333
이변	333
이성애자	333
인단	333
인더스	333
인형극	333
자나	333
재인	333
적나라	333
전용기	333
정민	333
제이드	333
조디	333
조영	333
조음	333
조현	333
주파	333
중사	333
중심가	333
지간	333
지지층	333
진기	333
질수록	333
질의	333
짜장면	333
창궐	333
천문	333
철제	333
체로	333
체액	333
체증	333
초보자	333
촉수	333
추돌	333
출발점	333
출입문	333
출판물	333
치였	333
카구	333
카카	333
칼럼니스트	333
캘빈	333
커비	333
커질	333
케이블카	333
콘티	333
통사	333
통조림	333
통칭	333
투석	333
티슈	333
티크	333
파시	333
페어리	333
편식	333
포식자	333
폭풍우	333
표현력	333
플라톤	333
필리	333
하디	333
한남	333
합성어	333
항시	333
해봅시다	333
행정자치부	333
헛된	333
현빈	333
화관	333
후각	333
후지이	333
휘둘리	333
흥정	333
희생양	333
가관	332
가뜩이나	332
가르친	332
가전	332
각막	332
감속	332
갔다왔	332
걸립니다	332
게리온	332
격식	332
겸임	332
경축	332
계보	332
고우	332
곱창	332
과테말라	332
관서	332
관성	332
교착	332
구구단	332
그네	332
그리스도인	332
기관사	332
기업체	332
기염	332
기타리스트	332
김지수	332
꺼려	332
꿈꿨	332
나선다	332
나았	332
난데	332
난해	332
남대문	332
남색	332
남작	332
냉소	332
너야	332
놓쳐	332
니노	332
달랬	332
대등	332
대마도	332
대작	332
대전광역시	332
대치동	332
도킹	332
도토리	332
도통	332
돌멩이	332
돌잔치	332
동동	332
동심	332
될까봐	332
뒤쫓	332
들려요	332
디바이스	332
디스코	332
라니깐	332
레그	332
레이먼드	332
로마인	332
로제	332
롯데마트	332
루미	332
룰라	332
마도	332
마리화나	332
마애	332
만든다고	332
매실	332
매핑	332
맹목	332
머독	332
면역력	332
명장	332
몰카	332
물병자리	332
민회	332
밀려나	332
밀리터리	332
바이스	332
박지훈	332
반값	332
버락	332
버진	332
변방	332
변종	332
별점	332
보선	332
보험료	332
봐왔	332
부러진	332
부서진	332
부원	332
부적합	332
불우	332
브로드	332
브루	332
빨랐	332
빨아먹	332
뻔히	332
사로	332
사변	332
사복	332
사상가	332
산수	332
산호	332
새겼	332
새내기	332
샌즈	332
생식기	332
서북	332
선교회	332
성난	332
소연	332
송라이터	332
송정	332
수군	332
수녀원	332
수학자	332
숭실대	332
슈어	332
슬펐	332
슬플	332
승승장구	332
시주	332
시킵니다	332
시트콤	332
시현	332
식인	332
신경질	332
신창	332
실린더	332
실마리	332
실업자	332
심란	332
싱크대	332
썰매	332
아라비아	332
아보카도	332
아스트	332
아츠시	332
안내서	332
애무	332
액세서리	332
어진	332
에밀	332
여단	332
연대기	332
연습장	332
열세	332
예수교	332
예종	332
오닐	332
오른발	332
오피셜	332
요람	332
요점	332
우디	332
우뚝	332
우로	332
웃긴다	332
월스트리트	332
웨이트리스	332
위례	332
위키백과	332
유니버설	332
유미	332
유현	332
유후	332
윤동주	332
윤지	332
응원단	332
이경규	332
이대호	332
이동욱	332
이름표	332
이베이	332
인솔	332
일주일	332
입힐	332
잇몸	332
자임	332
자축	332
재채기	332
저질러	332
저편	332
적십자사	332
적재	332
전환점	332
정해졌	332
제군	332
제드	332
조아	332
종용	332
지칠	332
진저	332
질지	332
쫓겨났	332
차릴	332
참석자	332
처사	332
천자	332
청순	332
쳐다봐	332
총동원	332
추웠	332
춘추	332
출토	332
치도	332
치장	332
침례	332
카이토	332
카쿠	332
커터	332
코뿔소	332
쿠지	332
크라이	332
큰일났	332
키워야	332
타요	332
타임머신	332
탈수	332
텐더	332
통할	332
튤립	332
티미	332
파랑새	332
파지	332
평화통일	332
포시	332
푸른색	332
프린팅	332
피츠	332
피폭	332
하객	332
하청	332
한산	332
해로운	332
해볼까	332
현관문	332
호야	332
홀든	332
휘말리	332
히터	332
가르쳐야	331
가짐	331
간극	331
간통	331
갇혔	331
갈라진	331
강간범	331
거르	331
거쳐야	331
검단	331
경구	331
경진	331
골자	331
광란	331
광원	331
교만	331
교통수단	331
교향악단	331
구치	331
구해서	331
국제선	331
굴곡	331
금새	331
급상승	331
기니	331
기로	331
기모	331
기쁠	331
기와	331
기흥	331
깔린	331
나눈다	331
나온다면	331
나이트클럽	331
나츠	331
남대	331
남동구	331
냉혹	331
네온	331
노련	331
노자	331
녹지	331
뇌파	331
눈꺼풀	331
느낍니다	331
늘릴	331
늙은이	331
니미	331
다칠	331
단수	331
대견	331
대피소	331
댈러스	331
도로공사	331
도원	331
동위	331
드라마틱	331
또렷	331
라빈	331
라운	331
란트	331
러키	331
마쉬	331
마우이	331
마진	331
마카롱	331
막론	331
만기	331
망쳤	331
머무를	331
먹일	331
메두사	331
메드	331
메이지	331
면목	331
면상	331
면책	331
면치	331
모리슨	331
모신	331
모종	331
무진장	331
물든	331
물의	331
미술품	331
반디	331
반역자	331
밝혀야	331
방망이	331
벤투	331
별칭	331
병단	331
보우	331
봐줄	331
브레이커	331
빈민	331
빤히	331
빨치산	331
빼앗겼	331
산화물	331
삼양	331
상황실	331
서든	331
서유럽	331
성냥	331
성심	331
섹슈얼	331
수목원	331
숙종	331
순방	331
스컬	331
실형	331
안감	331
알린다	331
압박감	331
애벌레	331
애호가	331
약혼자	331
어게인	331
어록	331
어음	331
얼려	331
에스컬레이터	331
여성주의	331
엮이	331
예술품	331
오브라이언	331
올라올	331
왕창	331
외삼촌	331
왼편	331
요금제	331
워런	331
웨딩드레스	331
을지로	331
이정희	331
인원수	331
일몰	331
잊어버렸	331
잊혀진	331
자장가	331
자초	331
잡아내	331
장로교	331
전권	331
전령	331
전초	331
절기	331
절연	331
접할	331
정법	331
젖소	331
조깅	331
조부모	331
조석	331
조여	331
주웠	331
줄인	331
줄줄	331
중장	331
지그	331
지닌다	331
직종	331
진입로	331
진자	331
집약	331
차도	331
참담	331
챙긴	331
천주	331
축구장	331
축사	331
칠곡	331
카메론	331
카스미	331
코브	331
타월	331
터뜨렸	331
텐션	331
통진	331
트릭스	331
특선	331
팔다리	331
팽팽	331
평가전	331
폐색	331
포스트잇	331
포자	331
포장지	331
풍운	331
프리큐어	331
피싱	331
피질	331
피터슨	331
피팅	331
픽사	331
하양	331
한양대	331
한울	331
허수아비	331
현수	331
호대	331
호스팅	331
화이	331
화형	331
훌라	331
흔들렸	331
흘릴	331
희석	331
히토	331
힐튼	331
가려져	330
가로등	330
가소	330
가정부	330
갈고리	330
거센	330
걸림돌	330
견주	330
결손	330
겸하	330
고니	330
고성군	330
고토	330
공동묘지	330
공백기	330
관리원	330
구민	330
구울	330
구질구질	330
굶주림	330
귀요미	330
그랑	330
기강	330
기겁	330
기나긴	330
기념행사	330
기입	330
기특	330
김광석	330
김혜수	330
깊숙	330
꼬라지	330
꽂혀	330
나들목	330
나옴	330
났으면	330
내놨	330
내보	330
노태우	330
눈깔	330
눈높이	330
다이소	330
단상	330
단풍	330
달서구	330
달째	330
담그	330
당함	330
더군다나	330
데뷔작	330
데브	330
도검	330
도망친	330
독스	330
돌파구	330
동식	330
동식물	330
됐으니	330
된지	330
드래프트	330
디럭스	330
따돌림	330
때우	330
떠넘기	330
똑똑히	330
뜬금없이	330
램지	330
루시퍼	330
루팡	330
리도	330
마유	330
마테	330
말썽	330
말아먹	330
머그	330
메소드	330
명나라	330
명은	330
모국어	330
모녀	330
모실	330
몰아가	330
몸소	330
무서움	330
미각	330
미나리	330
미쉘	330
미유키	330
바란	330
박이	330
방어선	330
배워서	330
벌벌	330
병든	330
병무청	330
보듬	330
불매	330
불행히	330
비보	330
비통	330
빙그레	330
빼앗	330
뽀로로	330
사가	330
사다리타기	330
사토시	330
살아간다	330
상쇄	330
새꺄	330
서성	330
서영	330
선방	330
선인장	330
선천성	330
성씨	330
성행	330
세종문화회관	330
손꼽	330
숙면	330
술잔	330
숭고	330
스무디	330
스탠딩	330
스트링	330
시르	330
신스케	330
신타로	330
실직	330
심도	330
심호흡	330
쓰러질	330
씽크	330
아린	330
아일	330
안일	330
안절부절	330
안중	330
알란	330
앞장	330
어려워서	330
에탄올	330
여력	330
열등감	330
열병	330
오물	330
오카	330
와타나베	330
완고	330
우애	330
위문	330
유고	330
윤아	330
으냐	330
이겨야	330
이뤄지지	330
이준	330
인도인	330
일출	330
임대차	330
자연히	330
자필	330
잔고	330
잘나	330
잠드	330
장문	330
장실	330
저급	330
저놈	330
저버리	330
전통문화	330
접니다	330
정미	330
정파	330
조난	330
좁혀	330
종주	330
주토	330
준비물	330
줍시다	330
중임	330
지국	330
지원군	330
지존	330
진달래	330
진드기	330
질식	330
짊어지	330
징벌	330
찔려	330
채점	330
천연기념물	330
천정	330
청취자	330
체크인	330
출금	330
충칭	330
치뤘	330
칸나	330
커맨드	330
커진다	330
코미디언	330
쿠르	330
쿠시	330
크로노스	330
큰소리	330
탄창	330
태자	330
터무니없	330
토큰	330
통운	330
통행료	330
튀기	330
튀니지	330
파나	330
판결문	330
판매원	330
패터슨	330
페소	330
페인팅	330
페페	330
편이	330
편집기	330
포르쉐	330
포포	330
표준어	330
피오나	330
하네다	330
한적	330
합전	330
허영	330
헌데	330
헌장	330
헤어져	330
호그와트	330
황야	330
회자	330
후미	330
히라	330
가벼워	329
간헐	329
갈증	329
개똥	329
갯벌	329
거스르	329
건배	329
검정고시	329
결전	329
골대	329
공교	329
구국	329
구미호	329
구한다	329
국비	329
권위주의	329
기교	329
기권	329
기막힌	329
기모노	329
김구라	329
깡통	329
꼭꼭	329
나흘	329
내막	329
냉철	329
녹색당	329
녹조	329
는지라	329
늘어날	329
니티	329
다도	329
다방면	329
다이앤	329
다이오드	329
다죠	329
단부	329
단아	329
대검	329
대천사	329
덩달	329
데니	329
도둑질	329
독서실	329
동치	329
동해안	329
두터운	329
둔갑	329
뒤엎	329
듀이	329
들어라	329
딕슨	329
떠납니다	329
랄까요	329
레포트	329
렌탈	329
로펌	329
록키	329
롤라	329
리벤지	329
리부	329
리포	329
막사	329
말끔	329
매출액	329
맹렬	329
먹였	329
면도기	329
모양새	329
몰수	329
몰이	329
못지않	329
무림	329
무방	329
물어봐도	329
미일	329
미혼모	329
바꼈	329
바오로	329
바이브	329
바하	329
박정현	329
박카스	329
반올림	329
반일	329
발사대	329
발해	329
방석	329
방통	329
벼락	329
보고회	329
부드러워	329
부르크	329
부산물	329
부총장	329
분식	329
불러올	329
불태워	329
불합격	329
블랙박스	329
블레	329
비소	329
비프	329
빗자루	329
빙수	329
사돈	329
사랑방	329
사무처	329
사은품	329
산동	329
상도	329
상투	329
색이	329
색인	329
선례	329
설계자	329
성곽	329
성읍	329
성회	329
세입자	329
소프라노	329
소현	329
순직	329
슈즈	329
스모	329
스틴	329
승강장	329
시너지	329
시랑	329
시무	329
시의	329
시티즌	329
시프	329
시험지	329
심연	329
씨방	329
아오이	329
아용	329
아재	329
악영향	329
알바니아	329
알칼리	329
앰프	329
야마자키	329
야자	329
양평군	329
어유	329
어젠	329
얻어맞	329
에스더	329
에스토니아	329
에잇	329
여하튼	329
역서	329
연면적	329
오라클	329
온지	329
완주군	329
왕립	329
요망	329
용법	329
울릉	329
움켜	329
워너비	329
원부	329
원주시	329
율동	329
이맘때	329
이민호	329
이브닝	329
인진	329
자가용	329
자력	329
자몽	329
작명	329
재방	329
재스퍼	329
재충전	329
저소득층	329
절묘	329
점하	329
정체불명	329
정호	329
제소	329
종파	329
주경	329
주네	329
주어	329
준결승	329
준대	329
준호	329
중간고사	329
중급	329
증산	329
지자	329
진에어	329
찻집	329
찾아낼	329
처방전	329
청력	329
추천서	329
출원	329
칠성	329
칩셋	329
카르멘	329
카우	329
카즈키	329
카지	329
칼국수	329
커티스	329
키움	329
키카	329
탈북자	329
토우	329
퇴행	329
투유	329
트레이딩	329
파이낸셜	329
퍼킨스	329
펜타곤	329
포고	329
포구	329
풍력	329
플로어	329
플릿	329
피클	329
피티	329
필자	329
하순	329
한기총	329
한남동	329
할라	329
해버릴	329
해안선	329
헐크	329
홀드	329
회유	329
횡성	329
흉부	329
가나	328
가석방	328
가야금	328
가져간	328
가호	328
갑상선	328
강정호	328
거린	328
거요	328
거침없이	328
건드려	328
건반	328
건전지	328
걸어왔	328
걸이	328
격화	328
결부	328
계발	328
계획안	328
과속	328
관직	328
광활	328
교보문고	328
구급	328
국문학	328
굴지	328
굴착	328
귀뚜라미	328
귀여웠	328
그루브	328
근력	328
금수	328
금토	328
금하	328
기병	328
긴다	328
김민정	328
김정남	328
김종국	328
깜빡했	328
끼얹	328
끼쳐	328
날아라	328
내방	328
널려	328
네이티브	328
노브	328
놓였	328
눈매	328
는단	328
니모	328
담가	328
대구경북	328
대련	328
대양	328
대전시	328
데몬	328
돈다	328
돌려요	328
동질	328
된대	328
두요	328
득실	328
들끓	328
따끔	328
딸려	328
떠오를	328
떡밥	328
뛰어났	328
라이카	328
로직	328
마리우스	328
막차	328
막힐	328
말레	328
맞춘다	328
맹인	328
멜버른	328
명화	328
모일	328
목련	328
무직자	328
무패	328
물길	328
바론	328
반공	328
발아	328
발자취	328
배임	328
백야	328
벌목	328
병영	328
보험금	328
복음서	328
봉제	328
부관	328
부질없	328
부케	328
부킹	328
북단	328
분다	328
분당구	328
불러일으키	328
불순	328
브레이	328
블랑	328
블록체인	328
비야	328
사색	328
상생	328
상아	328
상암	328
새긴	328
서양인	328
섬머	328
섭씨	328
성결	328
세그먼트	328
세끼	328
세라믹	328
솔리드	328
쇄신	328
수려	328
수빈	328
수아	328
수양	328
수용체	328
수의	328
수출입	328
숨쉬기	328
슈나이더	328
스크랩	328
스탁	328
스파클	328
시리우스	328
시부야	328
시브	328
식히	328
신경외과	328
실연	328
실외	328
심정지	328
심포니	328
아가사	328
아노	328
아랑	328
아리스토텔레스	328
아머	328
안위	328
압승	328
약관	328
약식	328
얼라	328
에볼루션	328
여수시	328
역겨운	328
연례	328
연지	328
영통	328
오락가락	328
오래오래	328
오리지날	328
오목	328
오묘	328
원석	328
월리스	328
웨이드	328
유기물	328
유원지	328
으란	328
이겁니다	328
이스터	328
이영자	328
이징	328
인도주의	328
인신매매	328
재미난	328
저년	328
주례	328
중랑	328
중앙당	328
지나쳐	328
지령	328
지안	328
지영	328
지의	328
지표면	328
징집	328
쫓겨	328
찢어진	328
차린	328
차분히	328
차안	328
차이나타운	328
창의력	328
처신	328
척척	328
철인	328
체인점	328
쳐요	328
초판	328
추앙	328
축구단	328
출근길	328
충치	328
치웠	328
카바	328
커피숍	328
켄터키	328
코덱	328
코랄	328
코시	328
쿠리	328
탈리아	328
탑승객	328
태종	328
탱고	328
토가	328
투지	328
파르	328
파이프라인	328
팝스	328
패스트푸드	328
패전	328
페로	328
포르투갈어	328
포춘	328
폭도	328
프라다	328
프랭키	328
프롤로그	328
플래너	328
피그	328
피날레	328
하이트	328
학내	328
합주	328
행법	328
허약	328
혈장	328
혈증	328
협연	328
형질	328
화물선	328
확장자	328
활기찬	328
가까우	327
가다듬	327
가린	327
가이드라인	327
가할	327
갈림길	327
값비싼	327
강해서	327
개운	327
거동	327
건져	327
게놈	327
게으르	327
계양구	327
고부	327
공격자	327
공양	327
괴테	327
교습	327
국내선	327
그라비아	327
기색	327
길동	327
김재환	327
김현정	327
꼬리표	327
꾸러기	327
꾸짖	327
나가사키	327
나진	327
나타남	327
내려앉	327
내려와서	327
내상	327
내줄	327
놔도	327
뉴스타파	327
늦잠	327
다를까	327
당혹	327
대각선	327
대디	327
대망	327
댕기	327
도회	327
동그라미	327
동그란	327
동봉	327
드레이크	327
떠올렸	327
라이온즈	327
레이철	327
렉터	327
린치	327
링스	327
마운드	327
만사	327
말문	327
매개변수	327
매끄러운	327
매끈	327
맥스웰	327
머릿결	327
메들리	327
메시아	327
명석	327
명지	327
명호	327
모에	327
모험가	327
무라카미	327
무인기	327
물러가	327
미드나잇	327
미프	327
미행	327
박하	327
반부	327
받치	327
발신	327
배짱	327
벌인다	327
법률안	327
베이지	327
벤쳐	327
보사	327
보살핌	327
보육원	327
보호막	327
본디	327
부메랑	327
부산항	327
분개	327
붙잡혀	327
비문	327
빌려서	327
빽빽	327
사구	327
산적	327
새미	327
선영	327
성시	327
세계유산	327
세탁소	327
센텀	327
소크라테스	327
소희	327
손보	327
손석희	327
송곳니	327
수억	327
수평선	327
쉐프	327
스가와라	327
스탠퍼드	327
슬로베니아	327
시파	327
시프트	327
식빵	327
신시	327
실러	327
아낙	327
아득	327
아련	327
아임	327
아토	327
아틀라스	327
악단	327
야행성	327
어퍼	327
없인	327
에즈라	327
여담	327
여행사	327
예체능	327
오공	327
오사	327
오승환	327
옥스포드	327
온유	327
올께	327
올라와서	327
외세	327
우발	327
우베	327
울버린	327
워크숍	327
웨스	327
위버	327
위클리	327
유림	327
유실	327
유충	327
융자	327
으신가	327
의역	327
이동해	327
이라든지	327
이래요	327
이방	327
일광	327
임계	327
임진	327
자두	327
자장	327
장충	327
저쩌	327
적금	327
전리품	327
절충	327
정공	327
정모	327
제본	327
조각가	327
조루	327
조승우	327
조업	327
종과	327
주원	327
주화	327
중환자실	327
줬었	327
지켜라	327
직설	327
진법	327
쫓아다니	327
찔렀	327
찬찬히	327
찾아온다	327
채식	327
체구	327
체어	327
초성	327
축구팀	327
충주시	327
치곤	327
치러야	327
치른다	327
침식	327
침팬지	327
카가미	327
카네	327
캐럴	327
컨대	327
켈러	327
켤레	327
콩팥	327
키타	327
타이거즈	327
탄다	327
탑승자	327
토기	327
토어	327
토핑	327
통찰	327
통쾌	327
트레이시	327
파자마	327
판화	327
패소	327
평년	327
폐해	327
포교	327
프로펠러	327
피노키오	327
핀다	327
하츠	327
학자금	327
한건	327
한계점	327
한국학	327
한빛	327
해전	327
행실	327
향교	327
헬륨	327
협력자	327
호적	327
황소자리	327
후천	327
흉상	327
흑사병	327
히로시	327
가려진	326
갈대	326
감면	326
개척자	326
걸으면	326
검술	326
겨누	326
결절	326
고분	326
고장났	326
공터	326
관저	326
관측소	326
구명	326
구찌	326
국민당	326
군비	326
귀향	326
규슈	326
그제	326
글로브	326
급감	326
기관장	326
기껏해야	326
기단	326
기시	326
길바닥	326
꺾이	326
나인뮤지스	326
나즈	326
나타샤	326
남북한	326
남해안	326
내려올	326
내려진	326
네거티브	326
노노	326
노상	326
녹취	326
놔라	326
니더	326
달기	326
대역폭	326
대축제	326
덮밥	326
데바	326
도야	326
도인	326
도자	326
도파민	326
독신	326
동문회	326
동우	326
드래그	326
드와이트	326
뚫리	326
라인하르트	326
레코딩	326
렉서스	326
리라는	326
리세	326
마도카	326
말벌	326
머나먼	326
먼데	326
메건	326
모면	326
모질	326
무수히	326
물색	326
미네랄	326
미백	326
미스코리아	326
밀정	326
바우어	326
박재범	326
반출	326
배당금	326
변성	326
보디가드	326
복당	326
봉하	326
봬요	326
부고	326
부엉이	326
부추	326
빗대	326
산드라	326
산본	326
살충제	326
삼계탕	326
상속자	326
상암동	326
성금	326
성생활	326
세용	326
셀라	326
소치	326
수완	326
스다	326
스타더스트	326
스플릿	326
승상	326
시모	326
신서	326
심박수	326
심취	326
써야지	326
썼었	326
쓰러뜨리	326
씻겨	326
아낌없이	326
아성	326
아스카	326
아차	326
안목	326
암벽	326
어댑터	326
어떠신가요	326
어려워요	326
언데드	326
얽혀	326
엄호	326
에이핑크	326
엔트리	326
여린	326
역삼	326
역자	326
예쁜데	326
예장	326
오른편	326
오미	326
오사무	326
올인	326
외워	326
외할머니	326
용의	326
우승컵	326
우의	326
웅덩이	326
워시	326
유경	326
유유	326
으셨던	326
음미	326
의령	326
이승현	326
이언	326
이용한	326
이케	326
인터랙티브	326
일례	326
자민	326
장로교회	326
재상	326
적혈구	326
점자	326
정인	326
졌으니	326
조사단	326
졸업장	326
종소리	326
종착역	326
중계방송	326
지포스	326
진열	326
징용	326
징크스	326
참패	326
참혹	326
채식주의자	326
천문학자	326
최고봉	326
최상급	326
췌장	326
칭했	326
칸트	326
컴포넌트	326
코칭	326
코퍼레이션	326
쿠팡	326
크래커	326
타개	326
탄자니아	326
태고	326
턱시도	326
토했	326
튜닝	326
판권	326
판문점	326
판시	326
패하	326
펌웨어	326
페드로	326
펩시	326
폐막식	326
폐사	326
퓨즈	326
플로이드	326
피력	326
피카츄	326
하교	326
하피	326
한수	326
합숙	326
해태	326
허허	326
현준	326
호불호	326
호원	326
혼신	326
후세	326
훈련소	326
휴양	326
히로코	326
힘겹	326
가재	325
감출	325
갑작스러운	325
개사	325
격돌	325
겸직	325
경은	325
경험담	325
고군분투	325
고궁	325
고단	325
고침	325
골목길	325
공감대	325
공주시	325
관리국	325
괴리	325
괴사	325
교문	325
교섭단체	325
교통카드	325
군집	325
그름	325
근거지	325
금붕어	325
기근	325
기틀	325
김진표	325
깁슨	325
나돌	325
놀러	325
뇌종양	325
누굴까	325
누난	325
능률	325
다마	325
다야	325
단죄	325
달려온	325
대성공	325
더블유	325
도나	325
도맡	325
두른	325
등불	325
따라붙	325
떠돌이	325
떨어뜨렸	325
라고도	325
라즈베리	325
라키	325
로데오	325
루이지애나	325
리니지	325
리브스	325
마네킹	325
마돈나	325
마동석	325
마방	325
마신다	325
말년	325
망해	325
머뭇	325
메이즈	325
메트	325
명당	325
몬트리올	325
몹쓸	325
몽둥이	325
묘비	325
무신론자	325
문지	325
뭉클	325
미나토	325
미생	325
미용사	325
바운드	325
바이어스	325
박스오피스	325
박영선	325
반문	325
반정부	325
발정	325
밤비	325
방조	325
버팔로	325
봄바람	325
부계	325
부지사	325
분주	325
불경	325
불러요	325
불태웠	325
브리짓	325
비뇨기과	325
비늘	325
비엘	325
빙빙	325
빠듯	325
사채	325
상계	325
상술	325
색기	325
생소	325
샤오미	325
서밋	325
서인	325
섬겼	325
성하	325
세면대	325
세실	325
소거	325
소로	325
송신기	325
쇼타임	325
쇼팽	325
수어	325
숙모	325
술루	325
숨겼	325
스낵	325
스니	325
스코티	325
스트리	325
스티비	325
스포트	325
시진핑	325
시험관	325
신이치	325
신호등	325
심부	325
심지	325
십자	325
싸워서	325
씨스타	325
아데노신	325
아랍에미리트	325
아모레	325
아시아나항공	325
아워	325
안대	325
알렉사	325
앞머리	325
액트	325
앰버	325
야영	325
야유	325
양조	325
어설픈	325
엄선	325
엄숙	325
엄한	325
에이커	325
여시	325
역부족	325
연수구	325
연연	325
연준	325
연타	325
연평도	325
열등	325
오스본	325
오월	325
오존	325
올래	325
완충	325
외딴	325
외쳐	325
용시	325
우크라이나	325
움직여야	325
위암	325
유인원	325
유제품	325
은닉	325
읍내	325
읍성	325
의구심	325
의문점	325
이곳저곳	325
이까	325
이석기	325
이수근	325
이승	325
인류학	325
인순	325
일고	325
일족	325
입맞춤	325
잊어버린	325
자넷	325
자타	325
잔존	325
잘려	325
잘렸	325
장님	325
장원	325
장작	325
저스트	325
저어	325
적도	325
전자책	325
접견	325
정복자	325
정은	325
정회원	325
제전	325
족속	325
종인	325
주치	325
죽전	325
지주회사	325
직역	325
질책	325
쫓겨난	325
찬송가	325
참나무	325
창립자	325
청명	325
체벌	325
초식	325
초중	325
총학	325
최고령	325
췌장암	325
친문	325
침입자	325
카리	325
커넥션	325
코이	325
콤팩트	325
쿼리	325
클라스	325
킹스맨	325
타잔	325
타케	325
탈세	325
태미	325
터닝	325
통영시	325
틀거리	325
팀워크	325
파랗	325
파이크	325
파충류	325
패트	325
페기	325
포부	325
폭소	325
푸코	325
플레어	325
플립	325
피나	325
피살	325
필러	325
필수품	325
학관	325
한다거나	325
한의사	325
함축	325
해군기지	325
해동	325
해사	325
해양경찰	325
해운대구	325
향년	325
허니문	325
헤르만	325
헬리	325
협주곡	325
형용사	325
형체	325
호리	325
호장	325
혼나	325
확증	325
황실	325
황태자	325
후끈	325
후리	325
후송	325
훈계	325
훈민정음	325
훤히	325
휴직	325
흉부외과	325
흘러나오	325
힌두교	325
감마	324
개정판	324
개천	324
객사	324
거사	324
거역	324
건축학	324
검수	324
검역	324
경부고속도로	324
경의선	324
경작	324
계엄	324
고위급	324
골동품	324
광안리	324
교무	324
교지	324
구급대	324
국유	324
권했	324
금물	324
금정	324
기댈	324
기슭	324
길잡이	324
김지연	324
김진태	324
김태형	324
꼴리	324
꼴통	324
끊긴	324
끌려갔	324
끌어올리	324
나레이션	324
나사렛	324
나올까	324
난초	324
날라	324
낭송	324
내연	324
느와르	324
늘어난다	324
다가온	324
답사	324
대좌	324
데빌	324
도령	324
도의	324
도진	324
동갑내기	324
동업	324
동역	324
동태	324
든다는	324
따라갔	324
라니까요	324
라온	324
라이팅	324
로구나	324
룸서비스	324
마조	324
마티스	324
말뚝	324
말렸	324
말초	324
매몰	324
멀쩡히	324
메뚜기	324
명맥	324
목마	324
묘역	324
무인도	324
문제지	324
물러	324
물러났	324
미룰	324
미완성	324
바라봐	324
박리	324
박시	324
박종철	324
받침대	324
배설물	324
배회	324
백범	324
백석	324
버들	324
번역본	324
벌린	324
법리	324
보국	324
봤으니	324
부르주아	324
부서장	324
부술	324
부정확	324
브랜치	324
비비안	324
비틀즈	324
빈부	324
사선	324
사회봉사	324
살인죄	324
상용차	324
상우	324
샤워기	324
섀도	324
서남	324
석고	324
석탑	324
선발투수	324
선크림	324
성년	324
성배	324
성전환	324
세르게이	324
세인	324
소공	324
소장품	324
쇄도	324
수문	324
수하물	324
순한	324
술탄	324
숨통	324
스탠스	324
스토리텔링	324
스트레인지	324
시금치	324
시발점	324
시어	324
신경망	324
신청자	324
아르메니아	324
아물	324
아테나	324
악사	324
안무가	324
안보리	324
애썼	324
야식	324
약했	324
양질	324
얘긴	324
어는	324
어장	324
언어학	324
엄정	324
에단	324
여름밤	324
연립	324
연중무휴	324
오렌지색	324
옮겨졌	324
우러	324
우루	324
우메	324
우버	324
우어	324
울산시	324
울창	324
원산	324
유니세프	324
유성구	324
유영	324
육사	324
으신다면	324
은빛	324
은사	324
이광수	324
이글스	324
이끼	324
이모부	324
이윽고	324
이정표	324
이호	324
인멸	324
임대료	324
잉어	324
자형	324
잔재	324
장승	324
전과자	324
전율	324
전임자	324
점토	324
정월	324
정착지	324
정현	324
제다이	324
제트기	324
제회	324
조너선	324
조이스	324
졸음	324
종점	324
종현	324
주창	324
즉위	324
증자	324
증평	324
지나간다	324
지선	324
지운	324
지원서	324
지점장	324
지켜본	324
지코	324
집어	324
참수	324
창사	324
처자	324
초딩	324
초인종	324
축성	324
취리히	324
츠나	324
카툰	324
캐롤라인	324
코비	324
코스트코	324
코즈	324
코크	324
코펜하겐	324
콘래드	324
타나	324
타블로	324
타자기	324
타짜	324
탈바꿈	324
태수	324
텔레파시	324
통근	324
퇴화	324
트레버	324
티머니	324
파치	324
판타지아	324
팔릴	324
패럴	324
퍼붓	324
폐인	324
포도당	324
포차	324
포트폴리오	324
풍문	324
프라이빗	324
하루빨리	324
하이츠	324
항거	324
항공모함	324
항해사	324
행차	324
헤이즈	324
혁명가	324
혁명군	324
혈세	324
호치민	324
호호	324
화학자	324
회전목마	324
후유	324
후장	324
휴면	324
히카루	324
힐러	324
가감	323
가곡	323
가나안	323
가넷	323
가독	323
가드너	323
가파른	323
가히	323
감식	323
개개	323
객원	323
갤러거	323
걸어도	323
검색창	323
격퇴	323
결백	323
경대	323
경작지	323
계주	323
공사장	323
관상동맥	323
교민	323
교통비	323
궤적	323
그런다	323
긍지	323
기국	323
기혼	323
김수영	323
꼬인	323
나리타	323
남포동	323
납세자	323
내려간	323
놓쳐서	323
누웠	323
능히	323
니지	323
니카	323
다낭	323
다비	323
달성군	323
대검찰청	323
대려	323
대첩	323
댕이	323
더리	323
덮치	323
데려갈	323
도식	323
도키	323
돌변	323
디폴트	323
떠들썩	323
라시	323
라카	323
란제리	323
레드카	323
레이시	323
레퍼토리	323
렐라	323
로널드	323
로빈스	323
루스벨트	323
리카르도	323
마곡	323
마셔서	323
막무가내	323
만졌	323
만족감	323
말조심	323
망원	323
매개체	323
머드	323
먹힐	323
메모리얼	323
명물	323
모국	323
모아야	323
목차	323
몬티	323
몸싸움	323
묘소	323
무자	323
문대	323
미대	323
미성년	323
미완	323
미확인	323
밀실	323
밋밋	323
바꿈	323
바로크	323
반달	323
반딧불	323
발사체	323
밥그릇	323
배웅	323
백일	323
번화가	323
법치	323
별관	323
병원장	323
보보	323
보수당	323
본상	323
본업	323
볼꺼	323
부안군	323
부원장	323
브레드	323
블랙베리	323
빙상	323
뼛속	323
사나운	323
사업비	323
사유지	323
산골	323
산뜻	323
산업체	323
산전	323
상록	323
생겨도	323
생도	323
서당	323
서막	323
선덕여왕	323
선망	323
선보	323
선봉	323
섣불리	323
섯다	323
성구	323
성행위	323
세무서	323
세워서	323
세일즈	323
세토	323
센티미터	323
소리쳤	323
소식통	323
소야	323
솔저	323
솔트	323
수관	323
수긍	323
수탉	323
수하	323
숨긴	323
슈퍼카	323
스탈	323
스탠튼	323
스피	323
시추	323
시킨다면	323
실생활	323
실신	323
아네	323
아라키	323
아모	323
아시아인	323
아이파크	323
아지지	323
앞자리	323
앞치마	323
야인	323
야훼	323
양조장	323
어의	323
엄밀	323
에너지원	323
에휴	323
연단	323
연회장	323
예거	323
예후	323
오작동	323
왕전	323
요하네스	323
용왕	323
웨이트	323
위도	323
유메	323
음악중심	323
의병	323
이긴다	323
이발	323
이상민	323
이슬람교	323
임직원	323
자연환경	323
작문	323
적임자	323
전업	323
제노	323
제이스	323
제형	323
조인	323
조인성	323
주변인	323
준공식	323
줄어든다	323
쥬얼리	323
지터	323
진과	323
쭉쭉	323
찌꺼기	323
찝찝	323
차남	323
착실	323
착지	323
참기름	323
참나	323
창조자	323
책방	323
쳐다봤	323
쳐들	323
친밀감	323
친형	323
카라멜	323
커밍	323
케이윌	323
코메디	323
콧구멍	323
쾌활	323
크러쉬	323
크류	323
크리드	323
크리크	323
타결	323
타이트	323
타이핑	323
토마	323
파이어폭스	323
파피	323
펑펑	323
펠리	323
편집부	323
편했	323
포지	323
프랜	323
프린스턴	323
플롯	323
플루토늄	323
피격	323
피한	323
하반신	323
하행	323
학설	323
했으므로	323
향연	323
향유	323
헛되	323
헤드라인	323
현진	323
혜진	323
호명	323
호비	323
후폭풍	323
휘날리	323
휩싸	323
힘써	323
힘줄	323
가린다	322
거렸	322
게으름	322
격상	322
경보기	322
경원	322
경찰국	322
곁들여	322
곁들인	322
고려인	322
고품격	322
곱씹	322
공언	322
구시	322
국가인권위원회	322
국교	322
굳히	322
그만뒀	322
근육통	322
글루	322
금서	322
기다	322
기뻐할	322
기선	322
김문수	322
김종민	322
나와도	322
나왔었	322
나츠메	322
난제	322
남겨둔	322
남긴다	322
남장	322
내공	322
내시	322
네빌	322
넥스	322
노랗	322
노루	322
논점	322
농어	322
는커녕	322
다녀서	322
다키	322
단검	322
담아내	322
당선인	322
당파	322
대모	322
대출금	322
대현	322
대호	322
더블린	322
덕수궁	322
던스	322
덤벼	322
데스노트	322
도성	322
도티	322
돌격대	322
된다며	322
드류	322
레이몬드	322
레이서	322
록스	322
롤리	322
리핑	322
린드	322
립스	322
마누엘	322
마셔도	322
마주친	322
마커	322
마틸다	322
말미	322
맘마	322
망나니	322
매달린	322
먹인	322
메인보드	322
명쾌	322
모야	322
목도	322
몰타	322
못지	322
무뚝뚝	322
미우	322
밀워키	322
바라봤	322
바이럴	322
바이올리니스트	322
바자	322
발레단	322
발레리	322
방도	322
방어력	322
방음	322
버금	322
법조인	322
베르나	322
변비	322
병리학	322
병증	322
보내왔	322
복고	322
복근	322
복학	322
본분	322
본연	322
부르짖	322
부평구	322
분권	322
비투비	322
사대부	322
사세	322
사진관	322
산간	322
살균	322
석실	322
선주	322
선하	322
설악산	322
셜리	322
셰리	322
셰인	322
소린지	322
소프	322
수비대	322
스스	322
신주	322
심성	322
심천	322
쌀국수	322
씨발놈	322
아라비안	322
아미르	322
아수라	322
아흐메드	322
알록달록	322
알아낼	322
알아본	322
앞섰	322
애완견	322
앤젤	322
야오	322
양력	322
양립	322
양태	322
어구	322
어떠셨	322
어마	322
어셈블리	322
엘리사	322
여명	322
여제	322
역전승	322
연발	322
열림	322
예술인	322
예용	322
예찬	322
오금	322
오랫만	322
오롯	322
오진	322
오클라호마	322
옮겨져	322
외자	322
웨이보	322
웹스터	322
유대감	322
유식	322
유의미	322
윤하	322
이시영	322
이재현	322
이종석	322
익혔	322
익힌	322
일면	322
임차	322
입김	322
자유민주주의	322
자태	322
작살	322
잡종	322
장도	322
장시	322
장외	322
재경	322
재력	322
재위	322
적십자	322
전국구	322
전현무	322
정용	322
제쳐	322
졸려	322
주택가	322
준우승	322
중서부	322
중앙선	322
즉사	322
즐거울	322
지어	322
진가	322
집시	322
집집	322
집행부	322
찌개	322
차였	322
찾아간	322
챈들러	322
천호	322
철쭉	322
청약	322
추우	322
출루	322
충격파	322
치여	322
치인	322
친절히	322
침략자	322
카림	322
코발트	322
클로스	322
타르트	322
터로	322
터미네이터	322
텔러	322
토코	322
퇴폐	322
티몬	322
틱톡	322
파트너십	322
패혈증	322
페놀	322
펠로우	322
펠릭스	322
포메이션	322
포천시	322
프라이데이	322
프란츠	322
프랑크	322
프레드릭	322
프레스턴	322
프로이트	322
프리드	322
피버	322
피울	322
피조물	322
피지컬	322
피타	322
하세가와	322
하소연	322
하정우	322
학도	322
학벌	322
한낱	322
한혜진	322
할려면	322
항변	322
해줌	322
허상	322
헌병대	322
혜화	322
호송	322
화강암	322
화양	322
효과음	322
가격대	321
가토	321
각계	321
각료	321
각질	321
감형	321
갑작스레	321
강과	321
개론	321
거둘	321
건축사	321
경례	321
경민	321
고라	321
곧잘	321
공공연	321
공학자	321
과식	321
교통량	321
국과	321
군락	321
그래야지	321
극치	321
근신	321
급전	321
기병대	321
길렀	321
김기춘	321
끈질긴	321
끓인	321
나날이	321
나단	321
나른	321
내민	321
낸다는	321
냉각수	321
네이선	321
노보	321
눈꽃	321
뉴타운	321
느낀다고	321
단념	321
단색	321
단파	321
담수	321
대오	321
대패	321
대학가	321
덤비	321
도둑놈	321
도망갈	321
도미니카	321
돌아갑니다	321
된다니	321
된단	321
두말	321
따질	321
땡겨	321
뚝딱	321
뜨거웠	321
라세	321
라자	321
로랑	321
로아	321
로이터	321
마계	321
마르타	321
마시멜로	321
만년	321
만년필	321
만드셨	321
만류	321
말릴	321
맞물려	321
맨하탄	321
맹자	321
먼가	321
멕시코시티	321
명이	321
무리수	321
무마	321
무혐	321
문도	321
물집	321
뭔데요	321
미납	321
바라본다	321
바레인	321
바르샤바	321
반야	321
발생기	321
밤샘	321
백만장자	321
벅찬	321
범한	321
법인세	321
베레	321
벤더	321
병우	321
보드게임	321
보컬리스트	321
보헤미안	321
본적	321
봉건	321
부심	321
부쳐	321
북서부	321
북위	321
분향소	321
불러일으켰	321
불통	321
브랜디	321
브로콜리	321
브론	321
브리트니	321
브릭	321
비지	321
뻣뻣	321
사이판	321
사족	321
사직서	321
사천	321
삼국유사	321
상근	321
상대편	321
생리학	321
생물체	321
서울광장	321
석류	321
선거일	321
섬광	321
소액결제	321
소위원회	321
소홀히	321
수뇌부	321
수복	321
수원역	321
수족	321
수증기	321
수포	321
순례자	321
순자	321
숭실	321
스러	321
스즈	321
스테드	321
스텔스	321
시루	321
시미	321
시찰	321
식비	321
식중독	321
실비아	321
싸늘	321
안간힘	321
안치	321
알레한드로	321
앗싸	321
앙투안	321
애당초	321
어여쁜	321
얼라이언스	321
얼마간	321
얼핏	321
엄지손가락	321
엑스터시	321
연가	321
연비	321
연산동	321
염탐	321
예뻐서	321
와트	321
요미우리	321
우주비행사	321
웅진	321
위증	321
유랑	321
유산균	321
유채	321
유하	321
이래저래	321
이민우	321
일구	321
일용	321
자급자족	321
자메이카	321
작업자	321
잔다고	321
전산망	321
전지현	321
점막	321
점보	321
정설	321
정세균	321
정중히	321
제패	321
제하	321
조군	321
조망	321
조소	321
종대	321
주소지	321
중앙동	321
즐긴다	321
지날수록	321
지려	321
지움	321
지유	321
지크	321
직함	321
진사	321
짤리	321
착시	321
청해	321
촉박	321
최전선	321
츠카	321
측정기	321
컬럼	321
컴파일러	321
코아	321
코카인	321
쿠사	321
크랙	321
크랭크	321
크레이	321
클로징	321
큼직	321
타이타닉	321
태동	321
태리	321
탱커	321
텃밭	321
토픽	321
통역사	321
트래비스	321
트랜잭션	321
티오	321
파국	321
판자	321
팝송	321
편두통	321
폐교	321
퓨처	321
프란시스코	321
하일	321
한조	321
핵탄두	321
했을지도	321
행장	321
헤딩	321
헤밍웨이	321
헤치	321
현인	321
혈안	321
혈육	321
형평	321
호그	321
혼재	321
혼전	321
화영	321
화초	321
회심	321
횡설수설	321
휴무	321
휴업	321
흡족	321
가본	320
가습기	320
가한	320
간암	320
갈려고	320
갑부	320
강릉시	320
강해졌	320
개비	320
개울	320
개학	320
개회	320
거래처	320
걷기	320
결혼식장	320
겸용	320
골라야	320
공청회	320
과천시	320
과학관	320
교배	320
궁둥이	320
그란	320
그래퍼	320
그리도	320
그인	320
급급	320
기동대	320
기장군	320
김종필	320
김준수	320
김치찌개	320
김희철	320
깃든	320
꽃밭	320
나디아	320
나영	320
날렵	320
남신	320
남음	320
났으니	320
낯익	320
넓혔	320
네스트	320
농경	320
누운	320
느껴야	320
는다구	320
늘어남	320
니코니코	320
대동맥	320
대문자	320
대산	320
데려갔	320
도관	320
도교	320
도랑	320
독차지	320
돈독	320
동하	320
뒤진	320
뒷자리	320
드링크	320
든다면	320
등록번호	320
디비전	320
따왔	320
뛰어든	320
라디에이터	320
라울	320
라트	320
레프트	320
렌스	320
로열티	320
리더스	320
마요네즈	320
마이스터	320
막지	320
말다툼	320
맙시다	320
맛난	320
맞설	320
매니큐어	320
매콤	320
멍멍이	320
멘붕	320
면장	320
면죄부	320
무나	320
무실점	320
무용지물	320
물살	320
미어	320
미이라	320
미제	320
미쳐서	320
믹서	320
민폐	320
바네사	320
바닷속	320
바이너리	320
반다	320
반창고	320
방탕	320
배상금	320
배운다	320
백기	320
버려졌	320
보급품	320
보일지	320
복서	320
본색	320
볼드모트	320
부사관	320
부산역	320
부역	320
북극곰	320
북동부	320
북한산	320
불시착	320
브라이트	320
브러시	320
브렛	320
비벼	320
비스킷	320
비포	320
비활성	320
사냥개	320
사월	320
사진사	320
사파이어	320
산단	320
살균제	320
살아났	320
삼림	320
삼총사	320
상록수	320
상일	320
새장	320
생겼어요	320
샤프트	320
서린	320
서툴	320
선릉	320
소비량	320
속인	320
손재주	320
송영길	320
송장	320
수경	320
수술실	320
수신자	320
수준급	320
수행원	320
스콘	320
스털링	320
스포츠조선	320
스피치	320
슬라이더	320
슬라이딩	320
슬로바키아	320
승급	320
시댁	320
시린	320
시몬스	320
시어터	320
식장	320
신났	320
신영	320
쐐기	320
아레스	320
아세안	320
아야죠	320
안젤로	320
알뜰	320
야곱	320
야쿠르트	320
양치	320
어금니	320
어법	320
어울렸	320
억누르	320
얼스	320
얽매이	320
엄하	320
에펠	320
여군	320
여호	320
역장	320
연장전	320
염료	320
염불	320
영서	320
예선전	320
옛말	320
오르간	320
오창	320
옥탑방	320
와아	320
왈츠	320
왼팔	320
요구사항	320
용적	320
우분투	320
우신	320
워크래프트	320
원구	320
원법	320
원탁	320
위업	320
유년기	320
유천	320
으로선	320
이끌려	320
이비인후과	320
이성계	320
이아	320
이튿날	320
인시	320
일렉트로	320
입소	320
자소	320
잠식	320
장갑차	320
재건축	320
재계	320
쟁탈전	320
전자기	320
접선	320
젝스키스	320
졌으면	320
조미료	320
조수석	320
조중동	320
졸졸	320
종묘	320
죄목	320
주간지	320
주리	320
주신	320
주종	320
주최자	320
중진	320
지겨워	320
지나쳤	320
지렁이	320
지혈	320
진노	320
짤막	320
찌른	320
참깨	320
청소년기	320
초롱	320
총독부	320
추미애	320
추워서	320
추한	320
춘다	320
친해졌	320
카본	320
카에데	320
컨셉트	320
컵라면	320
코디네이터	320
클리프	320
클수록	320
타계	320
테츠	320
토트	320
퇴직금	320
특허청	320
틀려	320
틀릴	320
티시	320
파시즘	320
파카	320
펴낸	320
포섭	320
포어	320
풋풋	320
풍수	320
피스톤	320
피스트	320
피안	320
피츠제럴드	320
하난	320
하림	320
하우징	320
하품	320
학제	320
항모	320
항원	320
해둘	320
허망	320
헤일로	320
혈중	320
확고히	320
황량	320
회도	320
후이	320
후쿠	320
희곡	320
가교	319
가면라이더	319
가즈	319
감도	319
갑갑	319
걸으면서	319
걸프	319
검도	319
결승선	319
경종	319
경험치	319
고만	319
고질	319
고착	319
고철	319
골든벨	319
공성	319
과반	319
광년	319
광양시	319
교과목	319
교보	319
국력	319
군포시	319
권해	319
금치	319
기악	319
기울기	319
기지국	319
김진	319
꽃길	319
끼친다	319
나나미	319
나쁨	319
나아진	319
난지	319
너리	319
넘나들	319
넘어간다	319
넘쳤	319
네드	319
노령	319
눈여겨	319
느껴서	319
는대요	319
니코틴	319
다다	319
다른지	319
달려서	319
대작전	319
대한체육회	319
더스트	319
도슨	319
도입부	319
도포	319
독하	319
뒤죽박죽	319
드러낸다	319
떨어져요	319
라우터	319
랜턴	319
레퍼런스	319
렌치	319
루리	319
루즈벨트	319
루지	319
루퍼트	319
르완다	319
리조	319
만지작	319
말세	319
말싸움	319
매독	319
멕시코인	319
목공	319
목화	319
몸조심	319
무가	319
묵살	319
물리쳤	319
미싱	319
미온	319
민병대	319
바라지	319
바란다고	319
바레	319
박보검	319
박용	319
반듯	319
반미	319
발끈	319
밝혀냈	319
배차	319
백과	319
백지영	319
법도	319
베베	319
변칙	319
병진	319
보부	319
보쌈	319
보여줌	319
보인다면	319
복음주의	319
본거지	319
봉수	319
부도덕	319
부딪혔	319
부어	319
분위	319
블라디보스토크	319
블로킹	319
비젼	319
비탄	319
빌릴	319
사교육	319
사로잡힌	319
사업체	319
사쿠마	319
사행	319
상디	319
샷건	319
서서	319
선라이즈	319
성수동	319
성토	319
셀피	319
소매치기	319
소사이어티	319
소카	319
솜털	319
송치	319
송편	319
수행자	319
스크래치	319
승기	319
시그마	319
시끄러	319
시알	319
식상	319
신우	319
실망감	319
심해졌	319
써라	319
씌운	319
아란	319
아리스	319
안식일	319
알파인	319
앨빈	319
야마모토	319
야스	319
약칭	319
양당	319
어리둥절	319
어비스	319
에스테	319
여경	319
여교사	319
여름날	319
역적	319
연초	319
였음에도	319
예사	319
예성	319
온나	319
온두라스	319
외박	319
외아들	319
용매	319
우롱	319
워커힐	319
원기	319
원어민	319
원판	319
윈체스터	319
유가증권	319
유공	319
유권	319
유토	319
으응	319
은밀히	319
음모론	319
의약	319
이따위	319
이승엽	319
이정재	319
이지은	319
이진	319
이큐	319
이클립스	319
인강	319
인선	319
인심	319
일거리	319
일신	319
일찌감치	319
임업	319
임지	319
자러	319
자유인	319
자청	319
잡이	319
저럴	319
전문직	319
정부군	319
제너럴	319
제일제당	319
조급	319
조치원	319
종별	319
좌상	319
죽여서	319
지멘스	319
질렸	319
징그럽	319
짜내	319
차가워	319
참작	319
참호	319
창덕궁	319
채워져	319
천생연분	319
철없	319
청동	319
초유	319
총애	319
추수감사절	319
추울	319
추장	319
축조	319
충원	319
취록	319
카메라맨	319
카모	319
카세트	319
캐디	319
코지	319
쿠도	319
크라임	319
타올	319
탄원서	319
태양열	319
특별상	319
틈틈이	319
티아	319
파괴력	319
파슨스	319
파이리	319
패인	319
펜슬	319
펼쳐졌	319
포브스	319
폭군	319
프레데릭	319
학회지	319
한다는데	319
해마	319
해수면	319
행할	319
허준	319
헌금	319
헬라	319
현대건설	319
호사	319
홉스	319
확장팩	319
환멸	319
황산	319
황새	319
회당	319
횟집	319
후딱	319
후비	319
훈련장	319
가련	318
가렸	318
가로채	318
가슴살	318
가학	318
갈치	318
감사히	318
감지기	318
강우량	318
건방진	318
걸스데이	318
게이트웨이	318
격정	318
격한	318
결정체	318
경시	318
고공	318
고메즈	318
고인돌	318
공갈	318
공설	318
공저	318
공증	318
과언	318
과오	318
관건	318
광해군	318
구루	318
국회의사당	318
그레이드	318
기안	318
기욤	318
기우	318
길쭉	318
깨져	318
꼬여	318
꾸러미	318
나머진	318
나주시	318
남주	318
내고	318
내말이	318
내부자	318
내비게이션	318
넘친다	318
네이밍	318
노어	318
노정	318
논어	318
논현	318
뉴런	318
뉴트	318
닐스	318
담소	318
대장장이	318
대표부	318
더럽히	318
데님	318
데카	318
도핑	318
독설	318
동두천시	318
동현	318
두꺼비	318
듀란	318
드니스	318
들이밀	318
디너	318
디렉터리	318
따라올	318
떠나보내	318
떨려	318
뚫려	318
래스터	318
레이지	318
로드리게스	318
로리타	318
로케	318
루벤	318
리베라	318
리부트	318
리오스	318
림프절	318
림프종	318
마녀사냥	318
마샤	318
마이트	318
마장	318
마침표	318
말버릇	318
망라	318
망령	318
매질	318
메틸	318
멜리사	318
명박	318
모가지	318
목도리	318
못가	318
무법자	318
문화부	318
문화제	318
묻어나	318
물약	318
물어야	318
물티슈	318
뭉친	318
뭔진	318
미츠루	318
반말	318
방비	318
배달부	318
배설	318
번들	318
벌금형	318
벙어리	318
변천	318
보가	318
보비	318
보습	318
보탬	318
본전	318
볼보	318
분발	318
분분	318
불금	318
불시	318
불출마	318
브록	318
비뚤	318
비염	318
빛났	318
빠이	318
쁘띠	318
사용량	318
사이보그	318
산더미	318
산토스	318
살려서	318
샘물	318
샛별	318
생물학자	318
서툰	318
서평	318
서훈	318
성덕	318
성정	318
세모	318
세안	318
세여	318
세운다	318
소상	318
송강호	318
수모	318
수전	318
수탁	318
스니커즈	318
스톡홀름	318
스트라이프	318
스티스	318
슬퍼할	318
시뮬레이터	318
시요	318
식물학	318
식별자	318
신안군	318
신앙심	318
실릴	318
심술	318
아그네스	318
악녀	318
악동	318
앞마당	318
약재	318
약해서	318
약해진	318
어설프	318
얽히	318
없앤	318
에베레스트	318
에이전시	318
에테르	318
엠버	318
여깄	318
여지껏	318
여직	318
역병	318
연구관	318
연전	318
열연	318
영식	318
영풍	318
예진	318
오감	318
오실	318
옥타비아누스	318
온수	318
옷걸이	318
와해	318
완전체	318
왜구	318
외가	318
외동딸	318
울주	318
원진	318
월리	318
위기감	318
위자료	318
유관순	318
유닉스	318
유아인	318
유조선	318
육개장	318
은수	318
이만희	318
이문세	318
이지훈	318
이천	318
이탈리안	318
인사동	318
일말	318
일정표	318
일회용	318
자결	318
자국민	318
자들	318
자연주의	318
자영업	318
자키	318
잔디밭	318
재범	318
저랬	318
저흰	318
전출	318
전학생	318
정감	318
정평	318
제창	318
조용필	318
좆나	318
주니	318
주려	318
주보	318
주춤	318
중공	318
지니어스	318
지도력	318
지력	318
지류	318
지질학	318
직선제	318
질린	318
집게	318
찜질방	318
차곡차곡	318
차단제	318
차비	318
창업주	318
창자	318
천문대	318
철사	318
초속	318
총합	318
추천인	318
출하	318
치노	318
치료비	318
치치	318
카디	318
카라스	318
캐런	318
코츠	318
콜럼버스	318
크릴	318
클라이드	318
타살	318
태만	318
통나무	318
투철	318
튀겨	318
튀긴	318
트위스트	318
특별자치시	318
티즈	318
틴트	318
파티션	318
파파라치	318
판넬	318
패러	318
퍼프	318
평야	318
포뮬러	318
포비	318
퓨마	318
피웠	318
필로	318
필살기	318
필하모닉	318
하루아침	318
한기	318
해물	318
해봐라	318
허리띠	318
헬로우	318
협소	318
혹평	318
홈스	318
화물차	318
후불	318
훈제	318
가로수길	317
가엾	317
간호학	317
감기약	317
감응	317
감촉	317
강민	317
갱스터	317
건널	317
검사장	317
경솔	317
계류	317
계면	317
계약직	317
고대사	317
곰돌이	317
과민	317
광산구	317
괴한	317
구전	317
그런다고	317
김기범	317
김성주	317
김정숙	317
김지은	317
김형준	317
김희선	317
까꿍	317
끌어들여	317
끝판	317
나간다는	317
나경원	317
나바	317
나발	317
난처	317
남강	317
남원시	317
노회	317
뇌사	317
뉴욕주	317
느껴져서	317
는겨	317
는다며	317
니콜라이	317
다닌다고	317
당론	317
당분	317
당첨금	317
대극장	317
대천	317
대한축구협회	317
도날드	317
도비	317
도화선	317
돈키호테	317
돌아다닐	317
돌아섰	317
동체	317
될수록	317
두드러진	317
둘까	317
뒤따르	317
뒷골목	317
들일	317
떨어뜨려	317
뚝배기	317
뜯어내	317
랩터	317
로워요	317
루브르	317
리엘	317
리퍼블릭	317
마리안	317
마부	317
마일리지	317
마일즈	317
마천	317
말콤	317
망가졌	317
망칠	317
맞힌	317
매끄럽	317
매회	317
메이스	317
명월	317
무정	317
무제한	317
문지르	317
물개	317
물고기자리	317
물병	317
물씬	317
뭉쳐서	317
미니어처	317
민낯	317
바뀜	317
박멸	317
박정	317
발등	317
발색	317
방제	317
벌거벗	317
법상	317
베르너	317
별반	317
보미	317
보였으며	317
복리	317
볼록	317
부신	317
부지런히	317
부축	317
불씨	317
브래지어	317
브론즈	317
비데	317
비츠	317
빈틈	317
빠릅니다	317
사이언	317
사쿠라이	317
사하라	317
사해	317
삭발	317
살찌	317
살필	317
삼보	317
삼성물산	317
삼켜	317
석좌	317
성훈	317
세계일보	317
세비	317
세자르	317
세조	317
셨잖아요	317
소굴	317
소미	317
소우	317
속속	317
속일	317
수놓	317
수라	317
수리비	317
수색대	317
수칙	317
스쿠버	317
스쿠터	317
스타쉽	317
스탑	317
스토크	317
스톨	317
스파르타	317
승리자	317
승전	317
시늉	317
시는	317
심리치료	317
심부전	317
심포지엄	317
써져	317
쓴다면	317
아구	317
아루	317
아미타불	317
아이바	317
악세서리	317
안드로메다	317
안식처	317
안창호	317
압구정동	317
앞장섰	317
야로	317
약혼녀	317
양현석	317
어림	317
어울린다고	317
엘르	317
역내	317
역사박물관	317
열렬히	317
영과	317
예복	317
오소리	317
옥외	317
와치	317
완승	317
왕도	317
요도	317
요충지	317
우스꽝	317
우스운	317
우하	317
우화	317
움직인	317
원세훈	317
원투	317
원회	317
윅스	317
유노	317
유량	317
유언비어	317
유치원생	317
육감	317
육로	317
은행가	317
의용	317
이끌어냈	317
이뤄져	317
이뤄질	317
이바	317
이어집니다	317
이업	317
이자벨	317
인덕	317
일렉트로닉	317
임창정	317
임파서블	317
자매결연	317
장려상	317
장식품	317
재판매	317
저드	317
저울	317
적격	317
적의	317
적진	317
전교생	317
전말	317
전정	317
제조법	317
주희	317
준영	317
준이	317
중퇴	317
증이	317
지바	317
지와	317
지침서	317
지호	317
진범	317
찻잔	317
찾아뵙	317
채워진	317
천진	317
철분	317
청소부	317
체대	317
총사령관	317
추문	317
출사	317
충무	317
츠네	317
친지	317
카스트	317
카슨	317
컨버터블	317
크랩	317
태릉	317
터져서	317
터커	317
통한다	317
파머	317
패러데이	317
패한	317
펩타이드	317
포장마차	317
표피	317
프로젝터	317
프리스타일	317
플루토	317
피카	317
피토	317
필링	317
하데스	317
하얏트	317
하츠네	317
합쳐진	317
합한	317
해결사	317
해일	317
헌병	317
험악	317
헛소문	317
헤비급	317
헤어나	317
헤헤	317
호노카	317
홀린	317
홀수	317
화곡	317
확연히	317
효모	317
후련	317
훑어보	317
휴지통	317
흥원	317
히피	317
가까워졌	316
가업	316
가져온다	316
가창	316
간선	316
갈라져	316
갈릴	316
감미	316
거길	316
걸린다고	316
걸림	316
게르	316
게장	316
견인차	316
계도	316
고막	316
고지서	316
과도기	316
과로	316
관찰자	316
구내	316
귀결	316
그제서야	316
그친	316
극명	316
기네스	316
기말고사	316
김세영	316
김소연	316
김영주	316
김종인	316
김진우	316
깔보	316
꽂힌	316
꿀꺽	316
꿀꿀	316
끌어들였	316
낄낄	316
나빠요	316
나카무라	316
나태	316
낙담	316
남녀노소	316
남단	316
남서부	316
내게로	316
녹음실	316
눈보라	316
닭갈비	316
답습	316
당위	316
당은	316
당진시	316
대생	316
덩굴	316
데보라	316
데커	316
델라	316
도합	316
독백	316
돌아옵니다	316
두툼	316
드래곤스	316
들어간다고	316
들여서	316
디야	316
랴오닝	316
러시안	316
레리	316
려야	316
루시아	316
리액션	316
리의	316
리제	316
마이카	316
마젠타	316
만담	316
매사추세츠	316
매표소	316
머라이어	316
메디슨	316
명망	316
명장면	316
무신	316
무전기	316
무찌르	316
무턱대	316
무화과	316
물음표	316
미술가	316
미식가	316
미진	316
바우	316
바이두	316
반겨	316
방가	316
배아	316
백미	316
버젓이	316
번즈	316
베이코	316
변주	316
보드카	316
보따리	316
복강경	316
복합체	316
본심	316
본회	316
부러움	316
부른다고	316
북상	316
분투	316
불가사의	316
불기소	316
불새	316
불쾌감	316
블리치	316
비고	316
빈손	316
삐삐	316
사대	316
사령탑	316
산길	316
산타클로스	316
살려야	316
살사	316
상수도	316
상온	316
샅샅이	316
색출	316
생성기	316
서스펜스	316
설상가상	316
섬진강	316
셀린	316
소도	316
속삭임	316
속셈	316
쇠사슬	316
수두룩	316
수발	316
수작업	316
술부	316
스테이시	316
시미즈	316
시소	316
식생활	316
신민	316
신수	316
신호탄	316
실용음악	316
심바	316
쏟아졌	316
쑥쑥	316
아오바	316
아침밥	316
아현	316
안다면	316
안토니	316
알로에	316
야야야	316
야전	316
양정	316
어인	316
에리스	316
에지	316
에콰도르	316
엘살바도르	316
역사책	316
연구비	316
연설문	316
열기구	316
염기	316
영공	316
영광군	316
영종	316
예문	316
오모	316
오스만	316
오싹	316
오퍼	316
올꺼	316
올랜도	316
외지	316
우간다	316
우주복	316
원론	316
으셨을	316
음절	316
의인화	316
이군	316
이롭	316
이루어져야	316
이복	316
이븐	316
익혀	316
인쇄물	316
인스트	316
입가	316
장바구니	316
전갈자리	316
절호	316
정윤	316
젤다	316
졌었	316
조심스레	316
조언자	316
종국	316
종기	316
주물	316
중용	316
즐거우	316
지드	316
지워졌	316
지저스	316
진흥회	316
집념	316
쪼가리	316
차태현	316
창조물	316
창호	316
처제	316
체수	316
초장	316
촘촘	316
총구	316
총궐기	316
최고조	316
추징금	316
출두	316
출장소	316
치켜	316
카니	316
카테	316
커리큘럼	316
컴팩트	316
코타	316
쾌거	316
쿠토	316
퀸시	316
클로즈업	316
탈장	316
탐정단	316
탐폰	316
터뜨려	316
토도	316
통닭	316
통풍	316
특구	316
티끌	316
펼칠	316
폐막	316
포퓰리즘	316
프라자	316
프로메테우스	316
프리덤	316
플로라	316
피복	316
학교장	316
학파	316
항이	316
해다	316
해롤드	316
해류	316
해원	316
행주	316
향긋	316
향료	316
헨더슨	316
헬퍼	316
현의	316
혹사	316
혼용	316
홍진영	316
황희	316
회중	316
후견인	316
히데	316
가림	315
가셔야	315
가속기	315
가차	315
갈피	315
감점	315
강단	315
개점	315
개최지	315
거참	315
건장	315
걷어차	315
검소	315
겠죠	315
겨드랑	315
경학	315
계산대	315
고법	315
고창군	315
관사	315
광석	315
괴롭힐	315
그만둔	315
근디	315
근무지	315
급등	315
급박	315
급변	315
기본소득	315
기부자	315
김민희	315
김숙	315
김지훈	315
깊숙히	315
깔리	315
난이	315
남다르	315
남코	315
내국	315
내달	315
내분	315
넉넉히	315
노숙자	315
노즐	315
노파	315
눈먼	315
느티나무	315
늘어진	315
니엘	315
다가갔	315
담사	315
대공원	315
대별	315
대보	315
더워서	315
덕택	315
덮인	315
도일	315
독극물	315
독립선언서	315
동복	315
동일본	315
동주	315
뒤따라	315
디즈	315
디펜	315
디펜스	315
딸내미	315
뜯어먹	315
라식	315
라트비아	315
라피	315
런타임	315
로스터	315
루이비통	315
마릴린	315
마을금고	315
마토	315
매춘부	315
메타데이터	315
명숙	315
모발	315
모자랄	315
모진	315
목성	315
몰아치	315
문질러	315
문화축제	315
미도	315
미들급	315
민아	315
바야	315
박병호	315
반역죄	315
밥값	315
방편	315
버러	315
번트	315
베키	315
복스	315
봉구	315
부러웠	315
부림	315
북마크	315
불량배	315
붙잡힌	315
비밥	315
비상시	315
빈번히	315
빙자	315
빠져나갔	315
빠짐	315
사자자리	315
산산조각	315
산책로	315
상납	315
생모	315
생중	315
샤이	315
선유	315
선제골	315
선풍	315
설국	315
성모병원	315
성환	315
센치	315
셔플	315
소급	315
속내	315
수순	315
시큐리티	315
신재	315
아까워	315
아낄	315
아스널	315
아신	315
아이보리	315
악하	315
암수	315
애리조나	315
앤트	315
앨라배마	315
야크	315
야하	315
양귀비	315
양승태	315
어드밴스	315
어려운데	315
어우러져	315
어웨이	315
에드가	315
엘시	315
영현	315
예비역	315
예술제	315
오랑	315
오코너	315
온순	315
올림피아	315
옮겨야	315
외무성	315
요격	315
우편번호	315
울분	315
울컥	315
움직여서	315
워리어	315
원색	315
원음	315
윗사람	315
유사시	315
유안	315
유전학	315
육종	315
은행나무	315
음표	315
의경	315
이낙연	315
이브스	315
이세돌	315
이승환	315
이율	315
이종	315
익살	315
인디고	315
일어납니다	315
일직선	315
입부	315
자급	315
자화상	315
잠적	315
장력	315
장발	315
장상	315
재로	315
쟁반	315
저작권법	315
적기	315
전사자	315
전입	315
전치	315
절인	315
정대	315
정약용	315
정학	315
제안서	315
제원	315
제현	315
조감독	315
조나	315
조의	315
조카딸	315
주영	315
주작	315
중합체	315
지구대	315
지나온	315
지워야	315
진국	315
쫄깃	315
차단기	315
차오르	315
차우	315
참여연대	315
찹쌀	315
채플	315
청문	315
촉감	315
총계	315
최대치	315
친해질	315
칠드런	315
침습	315
칸막이	315
캐리비안	315
캐스퍼	315
쾰른	315
쿠쿠	315
크롭	315
킬로그램	315
탈의실	315
통제력	315
트라이앵글	315
파로	315
판서	315
패망	315
편애	315
편익	315
편협	315
평단	315
평신도	315
푸마	315
풀밭	315
풀장	315
풍토	315
프리즈	315
프리츠	315
하아	315
하역	315
하염없이	315
하이패스	315
하코	315
한가득	315
한경	315
할례	315
항우울제	315
험프리	315
헥사	315
현금화	315
호킹	315
호퍼	315
홀딱	315
화답	315
황금빛	315
희열	315
힌두	315
갉아먹	314
감사관	314
감사패	314
감탄사	314
개나리	314
거봐	314
건너갔	314
걸어온	314
겨자	314
격변	314
결연	314
결탁	314
계측	314
고글	314
고름	314
고무줄	314
고여	314
고해	314
곧이어	314
골칫거리	314
공책	314
과묵	314
관광공사	314
관중석	314
교파	314
구마모토	314
구석기	314
구야	314
국자	314
귀여움	314
그래두	314
그은	314
근면	314
금광	314
기른	314
기어이	314
기품	314
김소현	314
김제시	314
김현	314
꼬박꼬박	314
꿋꿋	314
끌어올려	314
나왔으니	314
나코	314
낙후	314
남아메리카	314
납세	314
낭만주의	314
내동	314
내미	314
노안	314
노홍철	314
는다니	314
늘린	314
니카라과	314
달라져	314
달아난	314
당권	314
대런	314
덤블	314
데미	314
데쓰	314
도데체	314
동교	314
동당	314
되돌아오	314
되짚	314
된대요	314
두려웠	314
뒤집어쓰	314
드랑	314
들어와요	314
디오니소스	314
땅바닥	314
떠올릴	314
떠요	314
떨어집니다	314
뛴다	314
라우팅	314
라티	314
랩소디	314
레자	314
레지스터	314
로페즈	314
루가	314
망언	314
매국	314
머문	314
머큐리	314
면세	314
모공	314
몬타나	314
미비	314
바이블	314
바캉스	314
배달원	314
배변	314
백발	314
번져	314
베른	314
베이더	314
벤조	314
변상	314
변색	314
변위	314
병용	314
보르	314
보살펴	314
보아하니	314
봉고	314
부끄러웠	314
브랜든	314
블록버스터	314
비드	314
비옥	314
빈소	314
빼어난	314
사생	314
사오	314
산도	314
산삼	314
산양	314
살래	314
상명	314
상반신	314
상심	314
상연	314
상충	314
상파울루	314
색시	314
서산시	314
세도	314
소냐	314
소말리아	314
손등	314
손전등	314
솔리	314
수가	314
수돗물	314
수이	314
순발력	314
쉬프	314
쉼표	314
스노보드	314
스에	314
스케이프	314
스키니	314
스포트라이트	314
슬라이스	314
습한	314
승산	314
시이	314
시책	314
시청각	314
신구	314
신림동	314
신부전	314
신심	314
실력자	314
아더	314
아드레날린	314
아름다워요	314
아사드	314
아스트라	314
아이쿠	314
아퍼	314
안수	314
알리바바	314
압록강	314
압축기	314
앙증맞	314
앞줄	314
액상	314
액화	314
야광	314
야구단	314
야산	314
양사	314
양털	314
얻어먹	314
얼레	314
에도	314
엔지	314
엠블럼	314
연두	314
열의	314
열창	314
영민	314
영양제	314
영종도	314
옆방	314
오명	314
오산시	314
오소	314
올림푸스	314
옮겨서	314
옷감	314
옷깃	314
요우	314
울산광역시	314
위독	314
유니클로	314
유레카	314
유목민	314
유업	314
은행장	314
음악인	314
이권	314
이더넷	314
이래야	314
이목구비	314
이바르	314
이정미	314
이찬	314
인버터	314
인어공주	314
자동변속기	314
자폐증	314
잠겼	314
잡혀서	314
잡힌다	314
장수군	314
장암	314
장염	314
장자연	314
저고리	314
적막	314
적시타	314
전경련	314
전소	314
정승	314
정이	314
정준	314
정크	314
정함	314
정해야	314
제각각	314
제련	314
주둔지	314
주사기	314
줄임	314
중남미	314
중무장	314
중후	314
즐긴	314
증거물	314
증폭기	314
지지대	314
짜식	314
참말	314
채프먼	314
처한다	314
철조망	314
총격전	314
최경환	314
최고점	314
최전방	314
추운데	314
춘천시	314
츠바사	314
칭한	314
카멜	314
카토	314
캐년	314
커넥터	314
컨데	314
케도	314
콜리	314
퀘벡	314
크라이슬러	314
크리스티안	314
클라운	314
클래시	314
타조	314
타치	314
탄광	314
탐험대	314
탱탱	314
토일	314
트러스	314
트러스트	314
파묻	314
팜플렛	314
패리스	314
페북	314
편승	314
펼친다	314
평강	314
포경	314
포미닛	314
포상금	314
포탑	314
표준시	314
프레시	314
프론	314
픽쳐스	314
하이스쿨	314
한국전력	314
한역	314
할머님	314
함양군	314
함의	314
해준다면	314
해칠	314
현대식	314
현대캐피탈	314
현석	314
형무소	314
혜리	314
호빵	314
홀짝	314
화공	314
회지	314
휩싸였	314
흔들려	314
흔들릴	314
흩어졌	314
희극	314
희소식	314
히카리	314
힐리	314
가상현실	313
가증	313
감겨	313
감수성	313
감흥	313
거리감	313
검문	313
격동	313
결방	313
경배	313
경쟁사	313
고위직	313
고조선	313
고졸	313
고파요	313
공복	313
관영	313
구면	313
군장	313
굶주린	313
궁수	313
그레이엄	313
그려진다	313
극기	313
극단주의	313
근시	313
금년	313
급료	313
급성장	313
급행	313
기자단	313
긴가	313
김범수	313
김부선	313
김지원	313
깐깐	313
꿈꿔	313
끊어진	313
난항	313
남도	313
남사	313
내줘	313
냉담	313
너트	313
넘어진	313
노르망디	313
노블레스	313
노스캐롤라이나	313
놀러오	313
놀렸	313
놀음	313
뇌리	313
뉴딜	313
능통	313
니케	313
다녀와서	313
다이노스	313
다이애나	313
다졌	313
단신	313
대꾸	313
더우	313
데워	313
덱스	313
도망간	313
도살	313
도치	313
도화	313
독거	313
독방	313
독해	313
동갑	313
동급생	313
동민	313
동사무소	313
돼버렸	313
뒷산	313
들뜬	313
들으러	313
따분	313
라그	313
라메	313
래서	313
래핑	313
러그	313
로와	313
루저	313
룩셈부르크	313
마노	313
마티니	313
만석	313
만취	313
망정	313
매스컴	313
맥박	313
머리통	313
메디나	313
멜라니	313
명가	313
명반	313
모나	313
모더니즘	313
모디	313
모성	313
몸짱	313
묘미	313
무빙	313
무전	313
무한히	313
물거품	313
뭔갈	313
미샤	313
민변	313
밀치	313
바이바이	313
바이에른	313
바질	313
바크	313
반고	313
방진	313
배신감	313
버린다고	313
번역기	313
변두리	313
본대	313
부끄럼	313
부락	313
북조선	313
분쇄기	313
분업	313
불어나	313
붙인다	313
브리티시	313
비할	313
빛날	313
빠샤	313
뺑소니	313
사각지대	313
사계	313
사다	313
사또	313
살라딘	313
생업	313
생활관	313
서교동	313
선구	313
선보여	313
선악과	313
설파	313
셰어	313
소방본부	313
손예진	313
수용자	313
수회	313
순찰대	313
식후	313
신봉	313
신진대사	313
신칸센	313
실어	313
심미	313
써본	313
아발론	313
아웅	313
안정감	313
애석	313
애호	313
앤지	313
앵그리	313
양치질	313
어떻하	313
어버이날	313
어우러진	313
어지간	313
어판	313
언뜻	313
에런	313
엘도	313
여간	313
여래	313
연출자	313
열화	313
영일	313
예산안	313
오믈렛	313
오성	313
오키타	313
온도계	313
온리	313
올가	313
요샌	313
요제프	313
요한복음	313
운동량	313
울진군	313
원빈	313
윔블던	313
유격수	313
유아기	313
윤호	313
은혼	313
음성군	313
이노우에	313
이류	313
이리스	313
이산가족	313
이시다	313
이오리	313
이원	313
이월	313
이파	313
인크레더블	313
일쑤	313
자서	313
자유분방	313
장단점	313
장모님	313
장혁	313
장화	313
재빠르	313
저당	313
적출	313
전년도	313
전미	313
전열	313
전체주의	313
접착	313
정신과	313
정전기	313
정철	313
져다	313
조도	313
조선총독부	313
조신	313
증류	313
지느러미	313
지른다	313
지산	313
지야	313
지층	313
질투심	313
쫒아	313
쫓아오	313
차관보	313
찬바람	313
채광	313
채워야	313
처마	313
처소	313
처칠	313
천부	313
청년회	313
초교	313
초본	313
초크	313
최하	313
축산물	313
출중	313
카다	313
카보	313
카파	313
칸다	313
코미	313
콘센트	313
크리티컬	313
킴벌리	313
테너	313
테헤란	313
퇴계	313
퇴근길	313
투나잇	313
투정	313
튀어나와	313
특산품	313
특설	313
특정인	313
틈타	313
티엔	313
파종	313
파프리카	313
파헤쳐	313
팻말	313
퍼질	313
페이크	313
편집국장	313
포효	313
풀타임	313
퓨처스	313
프러포즈	313
피사체	313
필독	313
학군	313
허우	313
현대그룹	313
현란	313
현충원	313
혈구	313
혜린	313
혜정	313
혼미	313
홍길동	313
회신	313
회항	313
후일	313
가로수	312
가르친다	312
가요대전	312
가택	312
간밤	312
감마선	312
감전	312
강동원	312
개폐	312
개회식	312
건넜	312
걸려요	312
게양	312
게을리	312
격문	312
계피	312
계획서	312
고배	312
고블린	312
고품질	312
곤잘레스	312
공회	312
교동	312
구구	312
구립	312
구웠	312
군침	312
그저께	312
극작가	312
금식	312
기간제	312
기념물	312
기다려라	312
기도회	312
기울어진	312
기포	312
김성태	312
꽃무늬	312
날라리	312
내려간다	312
내몰	312
내보낼	312
냉장	312
냐니	312
넘어온	312
놀라워	312
농경지	312
농수산물	312
누울	312
눈뜨	312
다이얼	312
다자이	312
단도	312
단축키	312
달려야	312
대대장	312
대미지	312
대자	312
대자보	312
대항전	312
도경	312
독립기념일	312
독약	312
돈가스	312
돌려보냈	312
동백꽃	312
동상이몽	312
동영	312
동진	312
뒤흔들	312
듀티	312
들으려고	312
딴지	312
딸꾹질	312
뚝뚝	312
뛰어드	312
라켓	312
레기	312
레라	312
레지나	312
로어	312
록산	312
리무	312
리버사이드	312
릴라	312
맏형	312
망가져	312
매립지	312
메뉴판	312
메로	312
몬드	312
몰아주	312
몸뚱이	312
몽롱	312
몽크	312
무르	312
무표정	312
물렸	312
미니언	312
민혁	312
밀매	312
밀봉	312
밑줄	312
바버	312
박보영	312
박지윤	312
박찬호	312
방아쇠	312
뱅킹	312
버마	312
번번이	312
벌어진다	312
법문	312
벡스코	312
변희재	312
보조제	312
본보	312
본원	312
봉황	312
부탄	312
북로	312
분유	312
불러온	312
불알	312
비루	312
비상구	312
비터	312
빌더	312
사격장	312
사라집니다	312
사무장	312
사재	312
삼바	312
삼색	312
상승세	312
새것	312
생태학	312
서인국	312
선수촌	312
성가대	312
세로토닌	312
세아	312
소금물	312
소년원	312
소유물	312
손안	312
수계	312
수세기	312
수압	312
수일	312
수풀	312
스나이더	312
스텔	312
승가	312
승부차기	312
시계탑	312
시스템즈	312
실추	312
심방	312
십계명	312
싸여	312
쏘나타	312
쏠리	312
아귀	312
아민	312
아보	312
아영	312
아의	312
아카네	312
악순환	312
악재	312
알찬	312
야노	312
약해졌	312
어긴	312
어지간히	312
언리얼	312
언짢	312
엄마야	312
엄연	312
엄정화	312
에픽하이	312
연녀	312
연해주	312
염전	312
영변	312
영부인	312
예습	312
오디세이	312
오송	312
와선	312
왕시	312
요리법	312
울린	312
울릴	312
원금	312
월시	312
월식	312
위젯	312
유례	312
유색	312
유속	312
유언장	312
이데아	312
이분법	312
이영애	312
이재민	312
이콘	312
인건	312
자괴감	312
자용	312
작렬	312
작사가	312
잡혀가	312
장국	312
장장	312
재적	312
전언	312
전자레인지	312
전태일	312
정결	312
정준영	312
정준하	312
정훈	312
제수	312
조산	312
조크	312
좌지우지	312
주체사상	312
중식	312
중종	312
지극	312
지리학	312
지어야	312
직업병	312
진담	312
진료실	312
진원지	312
진호	312
책무	312
천도	312
천하무적	312
체육공원	312
체재	312
출연료	312
치비	312
치앙마이	312
친교	312
칠면조	312
카구라	312
카불	312
컵스	312
케라	312
코알라	312
콘티넨탈	312
쿼트	312
크로니클	312
타이슨	312
탐내	312
태웠	312
태일	312
털어놨	312
톱니	312
투르크	312
투아	312
투혼	312
툭툭	312
튀어나왔	312
트래	312
파나소닉	312
파워레인저	312
파전	312
판매처	312
페니실린	312
평했	312
폼페이	312
푸에르토리코	312
풀려난	312
풍류	312
프린	312
피즈	312
필명	312
필즈	312
한라산	312
합세	312
핫토리	312
해녀	312
해빙	312
해초	312
핸디캡	312
했는데도	312
허가증	312
허름	312
허탈	312
험하	312
헬프	312
현세	312
홍역	312
황정민	312
후궁	312
후렴	312
흐를	312
흐트러	312
히치	312
가오리	311
가져라	311
갈라졌	311
개당	311
개진	311
거름	311
거즈	311
건드렸	311
건설업	311
걸음걸이	311
격언	311
견이	311
경동	311
경추	311
계동	311
계승자	311
고기압	311
고동	311
고물	311
고삐	311
과소평가	311
광고판	311
광합성	311
괴벨스	311
교수진	311
국선	311
굵기	311
궁핍	311
그란데	311
근현대	311
글래머	311
김관진	311
김남주	311
김민규	311
김연경	311
김정우	311
김태우	311
깨알	311
꺼진	311
꼬꼬마	311
끄집어내	311
끈끈	311
끊김	311
낙천	311
남여	311
남우	311
납입	311
내건	311
낸다면	311
네거리	311
농락	311
눈치챈	311
눌려	311
뉴델리	311
늦춰	311
니이	311
다락	311
다스릴	311
대일	311
대추	311
대통	311
대한제국	311
대행사	311
더디	311
더웠	311
던져서	311
던트	311
도밍고	311
동신	311
동장	311
두려워했	311
들러붙	311
들썩	311
들어옵니다	311
떨어뜨린	311
라이어	311
랜다	311
랜섬	311
레게	311
레깅스	311
레베	311
레옹	311
련관	311
로즈마리	311
로프트	311
루아	311
루츠	311
르노삼성	311
리우데자네이루	311
마름	311
마태복음	311
만리장성	311
말러	311
머리털	311
메사	311
모래시계	311
모체	311
모트	311
뭄바이	311
밀란	311
바람둥이	311
바운스	311
받아들인다	311
발권	311
발로	311
발린	311
발치	311
방배동	311
버릴지	311
버시	311
번졌	311
벌떡	311
벌어져	311
벌점	311
범했	311
변국	311
변압기	311
병약	311
보스톤	311
분간	311
분립	311
불러줘	311
불어오	311
불친절	311
불타오르	311
붕어빵	311
브라이스	311
브린	311
블럼	311
비게	311
비씨	311
빅리그	311
빈치	311
빌렸	311
빼빼	311
사라져야	311
사량	311
사정거리	311
산중	311
산호초	311
산후	311
살펴봐야	311
상견례	311
상주시	311
생산력	311
선뜻	311
선적	311
성악가	311
성찬	311
성탄	311
센티넬	311
속물	311
손금	311
솔깃	311
송탄	311
쇼우	311
수렵	311
수초	311
술값	311
스왑	311
승복	311
승희	311
시공사	311
신공	311
신다구요	311
신동아	311
신성일	311
실탄	311
심리전	311
썰렁	311
쏙쏙	311
아랍인	311
아로	311
아름다울	311
아소	311
아함	311
악센트	311
안데스	311
애송이	311
야성	311
양로원	311
얘긴데	311
어수선	311
어지러운	311
여쭈	311
염력	311
오래간만	311
오신	311
오행	311
와일드카드	311
외양	311
외웠	311
요술	311
용성	311
우천	311
원당	311
원성	311
원죄	311
웨이크	311
유엔군	311
유유히	311
율곡	311
은신	311
음악상	311
음영	311
의술	311
이남	311
이모저모	311
인색	311
인천항	311
일격	311
일군	311
일렬	311
입법부	311
입항	311
잉글리시	311
자폐	311
자학	311
잡지사	311
재단법인	311
적지	311
전반전	311
점쟁이	311
접지	311
정남	311
정병	311
정수리	311
조인트	311
주노	311
주성분	311
줄다리기	311
줄려고	311
중앙부	311
중앙아시아	311
지압	311
진경	311
진대	311
진형	311
집적	311
차등	311
참선	311
창법	311
채도	311
채드	311
챔버	311
천적	311
청개구리	311
촉각	311
치대	311
카펠라	311
컴플렉스	311
코나	311
코트니	311
콘월	311
크린	311
클로저	311
키운다	311
탕진	311
토치	311
퇴거	311
투니	311
트레이스	311
트와일라잇	311
트임	311
트집	311
티모시	311
티코	311
패배자	311
퍼거슨	311
페이즈	311
포병	311
폴리네시아	311
표기법	311
표차	311
푸들	311
풀러	311
풀어내	311
프라이어	311
프리마	311
하숙집	311
한영	311
한족	311
할애	311
함몰	311
해직	311
행선지	311
향할	311
헐리	311
현시	311
현주	311
호미	311
호빗	311
혹한	311
화평	311
회오리	311
회합	311
획단	311
후반전	311
휩쓸려	311
흐음	311
흔쾌히	311
흩어진	311
희롱	311
가정교사	310
가트	310
각급	310
값싼	310
강론	310
강민호	310
강소	310
건과	310
건우	310
건초	310
겉옷	310
결렬	310
겸한	310
경산시	310
고고학자	310
고관절	310
고덕	310
고속철	310
고질라	310
고택	310
공문서	310
과태료	310
관우	310
교미	310
구주	310
국민학교	310
국전	310
권위자	310
그깟	310
그제야	310
급식소	310
기러기	310
기려	310
기물	310
기뻐했	310
기실	310
기웃	310
김동완	310
김선	310
김수로	310
끄떡	310
나간다고	310
나빠졌	310
낙마	310
날아간	310
남동부	310
낮출	310
내립니다	310
냉큼	310
넘어져서	310
노릴	310
노지	310
논증	310
누수	310
뉴어크	310
늘어져	310
니혼	310
다져	310
닥친	310
닥칠	310
담자	310
답글	310
대웅전	310
대했	310
더치	310
덤프	310
덮친	310
도나텔로	310
도다리	310
도현	310
동교동	310
동석	310
동승	310
동정심	310
두기	310
두루마리	310
들떠	310
들어와도	310
땅굴	310
떠맡	310
래야	310
러서	310
레이튼	310
령도	310
로그아웃	310
리퀴드	310
맘속	310
맞벌이	310
메티	310
모티프	310
목과	310
문경시	310
물러난	310
물줄기	310
미워할	310
미천	310
밀양시	310
박소현	310
박준형	310
박치기	310
반투명	310
방탄복	310
배급사	310
배심	310
베네	310
보문	310
보온	310
보톡스	310
보호관찰	310
봉안	310
부린	310
부어서	310
부쩍	310
부턴가	310
불굴	310
불도저	310
불미	310
불순물	310
브릭스	310
블리스	310
비노	310
비바람	310
비선	310
빈민가	310
뿌리깊	310
뿌릴	310
사노	310
사병	310
사야카	310
사진첩	310
삼국사기	310
상실감	310
상피	310
샌드박스	310
생태계	310
샤크	310
섀넌	310
석회	310
설레임	310
성시경	310
솜사탕	310
송중기	310
송혜교	310
수열	310
숱한	310
스지	310
스타터	310
스트로베리	310
스프링스	310
시엘	310
식성	310
식회	310
신시아	310
실제론	310
아덴	310
아스트로	310
악곡	310
악덕	310
안겼	310
안도감	310
알렉세이	310
앞발	310
애런	310
앤데	310
어렴풋이	310
어짜피	310
언쟁	310
얼거리	310
에머슨	310
에이치	310
역점	310
연경	310
연산자	310
오갔	310
오리콘	310
오용	310
온실가스	310
옴니	310
왕인	310
외대	310
외래어	310
외제	310
외칠	310
요나	310
요직	310
요코	310
원봉	310
원양	310
유광	310
유류	310
유일무이	310
육각	310
으셨으면	310
으신다	310
응답자	310
이뤄냈	310
이코노미	310
이태	310
이페이	310
인디아나	310
인라인	310
일회성	310
잔상	310
장미꽃	310
장창	310
장하	310
저장고	310
적립금	310
전일	310
전증	310
절실히	310
정곡	310
정단	310
제빵	310
젠틀맨	310
조단	310
족쇄	310
존나게	310
종이컵	310
주정	310
죽도	310
즈인	310
즐겨요	310
지난날	310
지배력	310
지카	310
직사각	310
진명	310
진안군	310
짝수	310
짱짱	310
찌푸리	310
참을성	310
채연	310
처박	310
첩자	310
청강	310
청사진	310
청운	310
청첩장	310
청풍	310
체위	310
체의	310
춘계	310
친다고	310
칠까	310
침울	310
카리나	310
카밀라	310
캐내	310
켄타	310
코스타	310
쿠나	310
큐레이터	310
킨다	310
킨텍스	310
킬라	310
타이가	310
태민	310
토박이	310
투자가	310
트릭시	310
파벌	310
파월	310
퍼블리싱	310
펑키	310
포르테	310
푸리	310
푸쉬	310
풍차	310
프론티어	310
학습지	310
한다네	310
합기도	310
해낸	310
해장국	310
핵전쟁	310
허덕	310
허버트	310
헬싱	310
현성	310
호라이즌	310
호통	310
휘하	310
흥국생명	310
가우	309
가이아	309
가전제품	309
갈고	309
감리교	309
감압	309
개항	309
갱년기	309
거닐	309
경남대	309
경내	309
경화증	309
계기판	309
계신가	309
고분군	309
고사리	309
고약	309
고주파	309
고해상도	309
공교육	309
공작원	309
공차	309
공포심	309
관인	309
광인	309
괴인	309
구해준	309
국인	309
귀빈	309
귀인	309
그따위	309
그라스	309
그래피	309
글씨체	309
기네스북	309
기무	309
기현	309
긴박	309
긴요	309
길리	309
김광현	309
김민경	309
김민수	309
김준호	309
김해숙	309
나모	309
나베	309
나츠키	309
나타납니다	309
날인	309
남태평양	309
내준	309
넘어질	309
노랫말	309
늘려야	309
다과	309
다린	309
다이나	309
다일	309
달라도	309
당김	309
대책위	309
더듬이	309
덕목	309
덜컥	309
도가	309
도가니	309
도타	309
돌린다	309
돌아와요	309
동업자	309
동한	309
두유	309
뒷이야기	309
드라큘라	309
드레드	309
들먹이	309
들어설	309
디나	309
라이트닝	309
라테	309
랜서	309
련만	309
루게릭	309
루이즈	309
리알	309
린이	309
마개	309
마주칠	309
매수인	309
맥아더	309
먹칠	309
멈춘다	309
메모장	309
메세	309
명찰	309
명창	309
모아나	309
무광	309
무근	309
무주군	309
물기	309
물으니	309
미니밴	309
미뤘	309
미지수	309
민서	309
믿겨	309
밀키	309
바실	309
바하마	309
박격포	309
박정민	309
박찬욱	309
반월	309
발돋움	309
방랑자	309
방북	309
배탈	309
버린다는	309
버클	309
법치주의	309
베르디	309
벽난로	309
변천사	309
별표	309
복제품	309
봉산	309
분란	309
불붙	309
브라스	309
비린내	309
비웠	309
비좁	309
빙산	309
빨라요	309
사들였	309
사만	309
사이퍼	309
사진기	309
산발	309
상층	309
상학	309
샤토	309
서번트	309
서이	309
석가	309
성주군	309
숄더	309
수두	309
수임	309
수재	309
수탈	309
수혜	309
숙고	309
순간순간	309
순도	309
술병	309
스모키	309
스켈레톤	309
습니당	309
시끌벅적	309
시커먼	309
식보	309
식이	309
신랄	309
신맛	309
신어	309
심산	309
심장부	309
쌩쌩	309
쓰임새	309
쓴맛	309
씨엔블루	309
아나스타샤	309
아랑곳	309
아무개	309
아스피린	309
아카시아	309
아톰	309
암사	309
앞니	309
앱스	309
야마하	309
양방	309
양성자	309
양자리	309
양팔	309
어찌하	309
엄살	309
에구	309
에듀	309
에밀리아	309
엔조	309
여심	309
연두색	309
열대야	309
열라	309
오색	309
온달	309
올리브유	309
와구	309
요것	309
운동사	309
운정	309
울주군	309
웅크리	309
월마트	309
웨일스	309
위츠	309
유니티	309
유시	309
으랴	309
은상	309
은행원	309
응축	309
이루어집니다	309
이뤄지는	309
이버스	309
이준기	309
이치로	309
이현우	309
인구수	309
일등	309
일라이	309
임차인	309
입소문	309
잉글리쉬	309
자유로이	309
장고	309
전전긍긍	309
전채	309
정사각형	309
정해서	309
제갈량	309
제세	309
젠슨	309
젠틀	309
졌으나	309
조그맣	309
조처	309
조합장	309
종수	309
주무르	309
중소기업청	309
중앙역	309
중절	309
중턱	309
지고	309
지단	309
지병	309
지브리	309
지어서	309
지천	309
직각	309
집값	309
징표	309
차야	309
차이나	309
참모총장	309
천마	309
체념	309
초림	309
총서	309
총성	309
총영사	309
총칭	309
축출	309
친화력	309
카네기	309
카르마	309
카세	309
캠코더	309
케네스	309
케이프타운	309
코다	309
코더	309
코스터	309
큰형	309
클램프	309
투리	309
트레저	309
트리뷴	309
티온	309
파리바	309
팬택	309
펜더	309
폐질환	309
폭약	309
풍물	309
풍조	309
프라이팬	309
프래	309
플레이보이	309
피에로	309
필라멘트	309
필적	309
하버드대	309
하이드로	309
한약	309
해본	309
해악	309
해왔으며	309
핸슨	309
햄릿	309
행진곡	309
허가서	309
헤리티지	309
현미	309
현악기	309
혈연	309
혜원	309
호반	309
호정	309
홍채	309
화두	309
환절기	309
활약상	309
회비	309
후버	309
훌륭히	309
훼방	309
흉악	309
흰둥이	309
가까울	308
가래	308
가모	308
가영	308
가위바위보	308
감독원	308
감시자	308
개고기	308
개인기	308
개츠비	308
개포	308
거금	308
걱정하지마	308
걸어갔	308
검문소	308
결박	308
경험자	308
계간	308
계신지	308
고소장	308
골인	308
공포감	308
과감히	308
과부하	308
관부	308
교두보	308
교살	308
교생	308
구술	308
구제역	308
군항	308
귀금속	308
그람	308
금오	308
기총	308
김성훈	308
김태균	308
김태훈	308
끊어졌	308
나아요	308
나이아가라	308
나트	308
낙점	308
남근	308
내추럴	308
냉동실	308
냉이	308
넘나드	308
네모난	308
노동법	308
노로	308
노미	308
눕혀	308
뉴이스트	308
니놈	308
다비치	308
단대	308
단호박	308
닷새	308
당했었	308
대참사	308
대청	308
덤불	308
도영	308
동재	308
되새기	308
두만강	308
둥둥	308
들러리	308
들립니다	308
들어내	308
디그	308
디터	308
딱정벌레	308
떡국	308
떨어트리	308
띤다	308
러네	308
룩스	308
리시버	308
리요	308
리쿠	308
리퀘스트	308
마들렌	308
마르크스주의	308
마사키	308
마케도니아	308
만발	308
말자	308
맛깔	308
매형	308
메르켈	308
모뎀	308
모래사장	308
목말라	308
몰랐었	308
몽블랑	308
무감각	308
무법	308
무직	308
미동	308
미야와키	308
민재	308
밀렵	308
바리스타	308
박대	308
박영수	308
반가	308
밥통	308
배틀로얄	308
백두대간	308
베르크	308
보시	308
보였으나	308
보원	308
부랴부랴	308
부러졌	308
부연	308
분하	308
불복종	308
불특정	308
붙여야	308
비들	308
비올라	308
빛낸	308
사멸	308
살생	308
살찐	308
삼천리	308
삼청동	308
삼풍	308
상민	308
상징물	308
상트페테르부르크	308
생육	308
서슴	308
석조	308
선재	308
세면	308
세사	308
세율	308
세지	308
소절	308
소타	308
소학교	308
속히	308
수민	308
수정안	308
스랑	308
스완지	308
스웨트	308
슬릿	308
시메	308
시한부	308
시해	308
식생	308
신단	308
신비주의	308
신세계백화점	308
신차	308
실습실	308
썰물	308
쓸어버릴	308
아쉬울	308
안색	308
알마	308
앞당겨	308
애플렉	308
양덕	308
어슬렁	308
엄벌	308
에녹	308
에미넴	308
에볼라	308
에브	308
엑스페리아	308
엔가	308
엔시	308
여포	308
연옥	308
열강	308
열량	308
열반	308
영작	308
영주시	308
옆면	308
예치	308
온에어	308
옷자락	308
외무부	308
외진	308
외친다	308
외향	308
요강	308
용문	308
우씨	308
울린다	308
원자재	308
월광	308
위산	308
위세	308
유려	308
유압	308
육즙	308
응수	308
이로운	308
이부	308
이소라	308
이타치	308
인디애나	308
인사말	308
인쇄소	308
임했	308
입출력	308
잇츠	308
자료집	308
잠궈	308
장유	308
전문지	308
전업주부	308
절절	308
절하	308
점주	308
정아	308
정원사	308
정유라	308
정유미	308
정은지	308
정주영	308
제천시	308
제철소	308
젠킨스	308
조강	308
조져	308
존경심	308
존귀	308
종신형	308
지이	308
지젤	308
짐바브웨	308
짜르	308
챌린저	308
처넣	308
첫날밤	308
청곡	308
청부	308
초고층	308
촌장	308
추려	308
치명상	308
카게야마	308
카네이션	308
카와이	308
카이저	308
캄캄	308
켜졌	308
콜럼	308
콧대	308
쿠다	308
크리스티앙	308
클레임	308
클루	308
클린트	308
타진	308
태국어	308
태울	308
텔레비	308
토리노	308
파스칼	308
판타	308
팬시	308
편들	308
플랩	308
플로리다주	308
피난민	308
피비	308
필기구	308
하르	308
하모니카	308
하수인	308
하층	308
한중일	308
할껄	308
할렘	308
합해	308
핸디	308
허기	308
헬싱키	308
헷갈려	308
형용	308
호주제	308
호지	308
홍어	308
화전	308
화풀이	308
활로	308
황태	308
후려	308
후작	308
가라사대	307
가져도	307
가진다고	307
가처분	307
각별히	307
간지러워	307
갈라서	307
감싼	307
감회	307
값어치	307
강약	307
강함	307
강화도	307
걸음마	307
격납고	307
견본	307
겹쳐서	307
경외	307
경주마	307
경찰대	307
고노	307
고춧가루	307
곡면	307
골프채	307
공고히	307
과수원	307
과육	307
관세청	307
관원	307
광해	307
교의	307
구박	307
구수	307
국빈	307
궁정	307
귀화	307
규합	307
그려서	307
그윽	307
근본주의	307
급부상	307
기민	307
기준점	307
기즈	307
기함	307
김광수	307
김기덕	307
김현주	307
김현중	307
김흥국	307
까짓	307
꺼져라	307
나일강	307
난데없이	307
남창	307
낼까	307
넘보	307
넬리	307
농악	307
느낌표	307
늘상	307
다녀도	307
다비드	307
닥쳤	307
달려갈	307
달해	307
대비책	307
대장균	307
더글러스	307
더킹	307
데이비슨	307
도둑맞	307
도라지	307
도련님	307
돌아봤	307
동수	307
두둔	307
뒷다리	307
드라고	307
등분	307
디아나	307
딜리버리	307
따끈	307
떄문에	307
뜨개	307
라이저	307
라쿤	307
레이다	307
로바	307
로테이션	307
리베로	307
리치몬드	307
마다가스카르	307
마을버스	307
만리	307
만엔	307
머서	307
머스탱	307
머플러	307
먹잇감	307
메마른	307
명도	307
묘기	307
무녀	307
무슈	307
묵시	307
문동	307
문맹	307
문방구	307
문사	307
문제아	307
문학사	307
물놀	307
물어봐야	307
미개	307
미네르바	307
미적분	307
밀려났	307
바게트	307
바움	307
방자	307
방책	307
배재	307
버드나무	307
버터플라이	307
벌크	307
베이스볼	307
벼리	307
볼지	307
볼턴	307
봉행	307
봐선	307
부쉈	307
부화	307
북촌	307
브란트	307
브렌다	307
브로크	307
비안	307
비이	307
빗방울	307
빛난다	307
사기극	307
사로잡히	307
산스크리트	307
산악회	307
산청군	307
살아난	307
상지	307
새크라멘토	307
새하얀	307
생겨요	307
생산물	307
석재	307
선처	307
섭렵	307
성황리	307
세뇨	307
세바	307
세비야	307
소도시	307
소작	307
속수무책	307
속아	307
손맛	307
손아귀	307
송은이	307
수국	307
수도사	307
수혜자	307
순탄	307
순하	307
쉬우	307
스코트	307
스탠더드	307
스트롱	307
스포츠서울	307
신고식	307
신당동	307
신이	307
신항	307
신해철	307
싱글즈	307
싱클레어	307
아꼈	307
아리마	307
아첨	307
아파도	307
악연	307
양육비	307
어따	307
어쌔신	307
어처구니없	307
언닌	307
얼룩말	307
에릭슨	307
에어백	307
여상	307
여중생	307
영락	307
영양실조	307
오리건	307
오봉	307
온의	307
옴므	307
완두콩	307
외노	307
외로울	307
외울	307
외친	307
요즈음	307
우레	307
우레탄	307
우월주의	307
운전수	307
워싱턴주	307
원공	307
원두	307
원반	307
원아	307
육회	307
윤봉길	307
으셨고	307
은둔	307
음양	307
응집	307
이블린	307
이뻐요	307
이사야	307
이우	307
이임	307
이투	307
이현주	307
이회창	307
인고	307
일라	307
잇단	307
잠꼬대	307
장황	307
재작년	307
저스티스	307
적셔	307
전기세	307
전두엽	307
전면전	307
전야	307
전야제	307
정봉주	307
정치부	307
정태	307
젖산	307
제게는	307
제너레이션	307
제다	307
조달청	307
조바심	307
주막	307
주황	307
중성자	307
지소	307
지역민	307
직류	307
진공관	307
진천군	307
집대성	307
짭짤	307
찌찌	307
창씨개명	307
책략	307
척박	307
천진난만	307
철퇴	307
첫해	307
체불	307
총탄	307
최첨단	307
추력	307
추호	307
축구공	307
출연자	307
충신	307
친동생	307
친자	307
카디프	307
카루	307
카사블랑카	307
카야	307
카프카	307
컬리	307
코노미	307
코란	307
콘도르	307
콘라드	307
콧수염	307
쿠알라룸푸르	307
쿠우	307
큐라	307
크리스타	307
탄산수	307
탈진	307
탐탁	307
탕수육	307
태안군	307
태양신	307
테리어	307
텍스처	307
토루	307
투과	307
트랜드	307
특공	307
티격태격	307
티타임	307
파내	307
파라과이	307
펠라	307
평전	307
포터블	307
폴링	307
프랑코	307
프리다	307
하급	307
하등	307
하카타	307
하학	307
할복	307
핫초코	307
해리엇	307
행시	307
행패	307
현제	307
혐오감	307
호드	307
혹여	307
혼선	307
홍련	307
황해	307
후광	307
후레쉬	307
후학	307
훈령	307
휘청	307
흑막	307
흥부	307
희대	307
힐즈	307
가의	306
가져요	306
감춰	306
강건	306
갖춰져	306
개구쟁이	306
개그콘서트	306
개헌안	306
갤런	306
걸으며	306
게인	306
계모	306
고차원	306
고친	306
공유기	306
공장장	306
관보	306
광섬유	306
광속	306
광야	306
괴산군	306
교계	306
교본	306
국익	306
국회법	306
궁녀	306
그라나다	306
극락	306
근무자	306
기대치	306
기름진	306
김나영	306
김소희	306
김정호	306
김정환	306
까마득	306
꼽혔	306
남경필	306
남중국해	306
내거	306
내레이션	306
내세	306
내이	306
내편	306
낼지	306
네비	306
네크로	306
노르	306
노린다	306
노부	306
노컷뉴스	306
노포	306
느껴져요	306
는다니까	306
다다랐	306
다재다능	306
단두대	306
담아낸	306
대웅	306
대장간	306
대함	306
더프	306
덮쳐	306
데기	306
도리스	306
독식	306
되살아나	306
두루미	306
뒤져서	306
뒤쳐지	306
뒷전	306
들려줄	306
들어감	306
떨어진다는	306
라디	306
렵니다	306
로베르토	306
로타	306
료타	306
르미	306
리메	306
리베르	306
리볼버	306
리신	306
링고	306
마스카라	306
망국	306
망설여	306
맞춰져	306
맹아	306
머레이	306
머릴	306
멍게	306
면봉	306
명주	306
모략	306
모름	306
무너	306
무위	306
문전	306
문화사	306
물러날	306
미꾸라지	306
미세스	306
미소년	306
미혹	306
민박	306
밀쳐	306
바그너	306
바사	306
바싹	306
바이패스	306
바토	306
박신혜	306
반다이	306
반절	306
반품	306
발레리나	306
발밑	306
밥솥	306
방조제	306
방직	306
백금	306
버스트	306
벌꿀	306
법당	306
벤틀리	306
벼르	306
병가	306
병맛	306
보타	306
봄철	306
봉천	306
부러운	306
부루	306
부추겼	306
분내	306
분리수거	306
분석법	306
불패	306
브로드밴드	306
브로디	306
블러디	306
비견	306
비애	306
비앤비	306
비정	306
비쳐	306
빨라서	306
사기죄	306
사라져서	306
사법연수원	306
사출	306
사회과	306
산고	306
살아날	306
삼류	306
상소	306
새빨간	306
생산품	306
생색	306
샤샤	306
서동	306
서안	306
서약서	306
서희	306
성룡	306
성북동	306
성안	306
세영	306
소개서	306
속살	306
속상한	306
손목시계	306
송곳	306
송승헌	306
수정구	306
스머프	306
스윙스	306
승조원	306
시궁창	306
시냅스	306
시름	306
신도림	306
신인왕	306
싹쓸이	306
써놨	306
씨팔	306
아웃사이더	306
아제르바이잔	306
아케	306
아코디언	306
안성시	306
안타까움	306
암캐	306
양모	306
어두워서	306
어르	306
여미	306
연남동	306
염기서열	306
영령	306
영준	306
오리엔트	306
오슬로	306
옥자	306
외과의사	306
욕정	306
우다	306
우러러	306
워터스	306
원더풀	306
원우	306
웨스트민스터	306
윤희	306
으라구	306
으셨는데	306
으으	306
은어	306
은인	306
은주	306
의석	306
이등병	306
이뤄낸	306
이마이	306
이발소	306
이와사키	306
이조	306
인공호흡기	306
일련번호	306
일월	306
임한	306
잎사귀	306
자아내	306
잠바	306
장중	306
장한	306
재조명	306
저쩌구	306
전동차	306
전력망	306
전석	306
점심때	306
접히	306
정녕	306
정상급	306
제각기	306
조교수	306
조잡	306
종이접기	306
죠지	306
주디스	306
주미	306
준동	306
중거리	306
중전	306
쥐어짜	306
증표	306
지상주의	306
지탄	306
지팡	306
진선	306
진술서	306
진태	306
진폭	306
집사람	306
찰칵	306
책임져	306
척이	306
천리	306
천정배	306
천주교인	306
첨가물	306
청동기	306
청원서	306
촌동	306
총신	306
총잡이	306
최신작	306
추자	306
추하	306
축가	306
치리	306
칭다오	306
카리브	306
카아	306
커드	306
커미션	306
커야	306
커팅	306
케첩	306
클라리넷	306
클로즈	306
키다리	306
키무라	306
키프	306
탄화수소	306
털렸	306
통지서	306
튕기	306
파타	306
팍스	306
페니스	306
평신	306
평준	306
푸르지오	306
풀잎	306
프리스트	306
하이디	306
한국전력공사	306
한답시고	306
한옥마을	306
한자어	306
한컴	306
해줄까	306
핵융합	306
핸즈	306
허혈	306
현대차	306
현정	306
현종	306
호숫가	306
호타루	306
호황	306
홍보물	306
황급히	306
회분	306
후두	306
후마	306
후보지	306
후세인	306
훔쳤	306
휘둘러	306
휴런	306
희소	306
힘겨운	306
가르키	305
가제	305
가져다가	305
가희	305
간이	305
감초	305
강대	305
강직	305
개인사	305
거진	305
게자리	305
겨드랑이	305
경시청	305
계원	305
고무신	305
고미	305
고시원	305
고신	305
골디	305
공지영	305
광채	305
괴로웠	305
구겨	305
구들	305
구월	305
권법	305
그래미	305
그래서인지	305
그랬음	305
금과	305
김미경	305
김현철	305
껴서	305
꽃뱀	305
나감	305
난로	305
남양유업	305
내비	305
내조	305
냅둬	305
냠냠	305
노가다	305
노즈	305
녹음기	305
니치	305
다림	305
다미	305
다시마	305
다와	305
다용	305
대관령	305
대장정	305
더기	305
더스틴	305
도톰	305
돌볼	305
동의어	305
동침	305
두둑	305
뒤틀린	305
드락	305
드루이드	305
들른	305
들여야	305
들여온	305
똥개	305
래는	305
래이	305
랩스	305
레드불	305
레이니	305
레이프	305
레플리카	305
렴구	305
로드니	305
론지	305
리얼리즘	305
마나미	305
마르셀	305
마져	305
막힘	305
만요	305
말려들	305
망설였	305
매겨	305
매해	305
맹장	305
메모지	305
메밀	305
메오	305
명산	305
모루	305
모은다	305
모티	305
문파	305
물대포	305
물소리	305
미선	305
민준	305
바지락	305
박력	305
반구	305
반석	305
밥맛	305
방공	305
배부르	305
백현	305
벌판	305
법회	305
벚나무	305
베이루트	305
벼룩	305
별별	305
복수심	305
본과	305
부를까	305
부운	305
북아메리카	305
북아프리카	305
분비물	305
불치병	305
붓다	305
붕가	305
브라우닝	305
비계	305
비앙카	305
비인	305
빗속	305
뽑혀	305
사납	305
사니	305
사도행전	305
사무직	305
사우	305
사포	305
산다면	305
살아요	305
상현	305
상훈	305
생장	305
서의	305
선입견	305
성불	305
세실리아	305
세이지	305
세카	305
세타	305
소림사	305
소문자	305
송년	305
송달	305
송전	305
수산업	305
수송선	305
수호신	305
슈터	305
슈퍼컴퓨터	305
슈프림	305
스크램블	305
스틸러	305
습작	305
시에나	305
시종일관	305
식대	305
식신	305
실베스터	305
심사숙고	305
심즈	305
써왔	305
아이리	305
아이카	305
아타	305
안동시	305
안료	305
안시성	305
알갱이	305
알아낸	305
애니메이터	305
애덤	305
앨버트	305
야쿠	305
야행	305
양봉	305
양형	305
어려워하	305
에필로그	305
역관	305
역주행	305
연제	305
연희동	305
염장	305
영동군	305
영애	305
영훈	305
예대	305
예술단	305
오버레이	305
온난화	305
올려져	305
옮긴다	305
옹기	305
옹진군	305
와일더	305
외할아버지	305
욕먹	305
용모	305
용선	305
용융	305
우량	305
우비	305
우영	305
우우	305
원이	305
원폭	305
월미도	305
유성우	305
유세윤	305
육포	305
으려다	305
은정	305
음정	305
응해	305
의전	305
이뤄지고	305
이름난	305
이성애	305
이수현	305
이케아	305
인품	305
일단락	305
일어날지	305
임야	305
입영	305
입회	305
자대	305
자이로	305
작아졌	305
장강	305
장해	305
재목	305
재민	305
재소자	305
재테크	305
적분	305
전도연	305
전분	305
전의	305
전지훈련	305
정독	305
정발	305
정운	305
정읍시	305
정재	305
정치범	305
제격	305
제닝스	305
조예	305
조원	305
족자	305
존칭	305
종지부	305
주라	305
주먹밥	305
중국식	305
중심주의	305
중재자	305
지어다	305
지역주의	305
직제	305
진품	305
집합체	305
짝짝	305
짤렸	305
쫓아냈	305
차출	305
착석	305
찬송	305
처리장	305
청교도	305
청정기	305
청평	305
초년생	305
초여름	305
총선거	305
최재성	305
최태민	305
추모식	305
충혈	305
치크	305
칠흑	305
커머스	305
케이코	305
케임브리지	305
코타로	305
콜레라	305
콜먼	305
쿠로다	305
퀄컴	305
타히티	305
탈영	305
톱니바퀴	305
투모로우	305
트리니티	305
틀니	305
파밍	305
펠로	305
편대	305
포라	305
품명	305
프랑스군	305
프랑켄	305
프랫	305
프리드리히	305
플라밍고	305
플랑크톤	305
플루트	305
필라	305
필지	305
하수구	305
하연	305
하오	305
한계선	305
한구석	305
합사	305
해낸다	305
행해진	305
허점	305
헤겔	305
헤이즐	305
현대판	305
현악	305
호오	305
호투	305
호프만	305
호피	305
혼례	305
확성기	305
환급	305
황기	305
회랑	305
휴즈	305
흥국	305
히브	305
가산점	304
가책	304
가터	304
간병인	304
간증	304
갈겨	304
강재	304
강화군	304
갖춰야	304
개그우먼	304
건넸	304
걸으	304
견뎌야	304
계집	304
고마울	304
고와	304
공효진	304
관현악단	304
광희	304
권혁수	304
귀순	304
그나	304
그래라	304
그지없	304
근소	304
글리터	304
급작	304
기뻐서	304
기증자	304
기탁	304
긴데	304
김선영	304
김성현	304
김영환	304
김태원	304
꾸렸	304
끊겨	304
나대	304
나부	304
나신	304
나이로비	304
나이팅게일	304
난시	304
날아간다	304
남지	304
내치	304
넘어져	304
노동청	304
노름	304
논할	304
높인	304
뇌하수체	304
능하	304
다사	304
다이브	304
다이어	304
단선	304
달려드	304
담낭	304
당무	304
당주	304
대나	304
대덕구	304
대여섯	304
대판	304
대회장	304
데프콘	304
동그랗	304
동북부	304
되돌아보	304
된다구요	304
드러	304
드러날	304
드로이드	304
들러서	304
들으니까	304
들켜	304
따라왔	304
땅볼	304
떨어진다고	304
뛰쳐	304
뜬금없	304
라이엇	304
라흐마니노프	304
레거시	304
리쉬	304
리처드슨	304
마비노기	304
마스터스	304
마스터즈	304
마이어스	304
마임	304
마태	304
말짱	304
맛볼	304
매그니	304
매킨토시	304
맥시	304
맹점	304
머스크	304
메릴	304
메모리즈	304
멕시칸	304
면밀히	304
명리	304
명실상부	304
모성애	304
몰래카메라	304
몽타주	304
무급	304
무디	304
무하마드	304
문수	304
물어봐서	304
뭉쳤	304
미륵	304
미추홀	304
미하일	304
바벨	304
박혔	304
반목	304
반세기	304
밝힘	304
밧데리	304
방방	304
방벽	304
배색	304
백두	304
백자	304
번방	304
번외	304
법석	304
베어링	304
베컴	304
변해서	304
병명	304
병태	304
보일까	304
복어	304
본서	304
부녀자	304
부력	304
부역자	304
부영	304
부적격	304
부차	304
북서	304
불포화	304
뷰트	304
브리즈번	304
블룸버그	304
빈집	304
빨랑	304
뽐뿌	304
삐딱	304
사간	304
사냥감	304
사령	304
사마라	304
사만다	304
사유리	304
사이사이	304
사이클링	304
상제	304
상한선	304
샌들	304
샤니	304
서피스	304
설현	304
성리학	304
세입	304
소기	304
소림	304
소성	304
속였	304
송영무	304
수도회	304
수차	304
순이익	304
쉬이	304
쉰다	304
스카치	304
스케이트보드	304
스핑크스	304
슬라임	304
시더	304
시집가	304
시큰둥	304
식혀	304
신경전	304
싫증	304
쓰레기장	304
쓸까	304
아레	304
아시나	304
아코	304
안내원	304
안상수	304
알트	304
알현	304
액셀	304
야단	304
양민	304
양치기	304
어나더	304
어민	304
어본	304
어지러워	304
어플리케이션	304
억불	304
얼만큼	304
얼짱	304
업주	304
에스페란토	304
엘베	304
여소	304
여차	304
역풍	304
연극제	304
연서	304
연장자	304
영양학	304
예하	304
오뎅	304
오리엔탈	304
오미자	304
오찬	304
오토메	304
올라온다	304
옵스	304
외교통상부	304
외피	304
요다	304
우르르	304
울적	304
웃음거리	304
원샷	304
원시인	304
원어	304
월동	304
위화감	304
유리병	304
유월절	304
유해진	304
육교	304
으신데	304
으신지	304
의정부시	304
이니스	304
이승철	304
이재훈	304
이튼	304
인감	304
인센티브	304
인큐베이터	304
일국	304
일침	304
임페리얼	304
임해	304
입후보	304
잉카	304
자마	304
자카	304
자하	304
잘츠부르크	304
장준	304
재래식	304
저감	304
저변	304
적국	304
전각	304
전골	304
전기료	304
절판	304
정강	304
정찬	304
제니스	304
제청	304
조련	304
죄의식	304
주어질	304
줄넘기	304
줍쇼	304
중처	304
지배인	304
지언정	304
질기	304
질러서	304
집권당	304
쪽쪽	304
쭈욱	304
찢어질	304
차사	304
차수	304
찰떡	304
참외	304
창신동	304
찾아간다	304
철야	304
체크메이트	304
초이	304
총신대	304
총책임자	304
최정	304
치러졌	304
치울	304
침낭	304
칭해	304
카밀	304
칼빈	304
캐머런	304
코야	304
코토	304
쿨러	304
클렌	304
타드	304
타블렛	304
택할	304
터트렸	304
테크니컬	304
테트라	304
텐가	304
토모야	304
투박	304
투톤	304
툴리	304
티키	304
파란만장	304
파루	304
패들	304
퍼니	304
퍼퓸	304
펠프스	304
프라이머	304
피네	304
피노	304
피운	304
하동군	304
하이에나	304
하카	304
하태경	304
한낮	304
항공권	304
해맑	304
험담	304
헝거	304
헤아리	304
호놀룰루	304
홍상수	304
홍진호	304
화인	304
환각제	304
환송	304
황달	304
휘둘렀	304
흘러도	304
흥겨운	304
희화	304
히노	304
히다	304
히드라	304
히지카타	304
가젤	303
간신	303
감내	303
강진군	303
개벽	303
거침없	303
건망증	303
건방지	303
건졌	303
건포도	303
격분	303
격주	303
경로당	303
계부	303
고랑	303
고령군	303
골문	303
공공연히	303
공군기지	303
공급원	303
공로상	303
광수	303
괴롭힌	303
괴뢰	303
구류	303
구설수	303
구천	303
국감	303
국방위원회	303
군내	303
귀농	303
그럴수록	303
그리웠	303
기갑	303
기말	303
기어가	303
기어코	303
기정	303
김병기	303
김선우	303
김용민	303
김천시	303
김태호	303
김희진	303
꺼라	303
꼬셔	303
나간다면	303
남궁	303
남문	303
낭자	303
냈으며	303
논개	303
누군가의	303
눕히	303
능한	303
다보스	303
다이너스티	303
단열	303
담겼	303
당구장	303
대청소	303
대혁명	303
덕혜옹주	303
데우	303
도기	303
도미니크	303
도전자	303
돌돌	303
돌림	303
돗자리	303
동해선	303
되살려	303
된다니까	303
두꺼워	303
두텁	303
뒷문	303
들개	303
디버깅	303
디카프리오	303
딜레이	303
따갑	303
따끈따끈	303
따릅니다	303
때려서	303
땡땡이	303
뗏목	303
뚱보	303
라덴	303
라슨	303
라이온스	303
랍비	303
런처	303
레카	303
레크리에이션	303
로메로	303
롯데제과	303
리거	303
리워드	303
리코더	303
마르크	303
마모루	303
마제	303
마징가	303
만수	303
말라서	303
매국노	303
매그너스	303
매운맛	303
머슴	303
먹물	303
메토	303
면사무소	303
모하	303
목매	303
무민	303
문인협회	303
문중	303
문짝	303
문책	303
문학회	303
문화일보	303
미스티	303
미야기	303
밀크티	303
바시	303
바칩니다	303
박주영	303
박효신	303
방류	303
배교	303
배란	303
백경	303
버너	303
버버리	303
번진	303
법의학	303
보낼까	303
보냄	303
보냈었	303
보즈	303
봉착	303
부귀	303
부로	303
북돋	303
불감증	303
불명확	303
불쌍히	303
불온	303
불응	303
비수	303
빅토리	303
빈틈없이	303
빙글빙글	303
빨개	303
뿜어내	303
사과나무	303
사라짐	303
사미	303
사하구	303
산업은행	303
산채	303
삼켰	303
상조	303
생긴다는	303
설원	303
설하	303
섭니	303
성군	303
세법	303
세상사	303
소산	303
송지효	303
쇼군	303
쇼인	303
수금	303
수신료	303
수용성	303
숙식	303
순금	303
순록	303
숟갈	303
숨겨둔	303
쉬엄쉬엄	303
슈스케	303
스타리그	303
식전	303
신라면	303
신시내티	303
신양	303
실력파	303
심실	303
쏴라	303
아고라	303
아나톨리	303
아리사	303
아이다	303
아작	303
아진	303
아토피	303
알루	303
애증	303
야구부	303
어린이날	303
언더그라운드	303
에드거	303
여신상	303
역주	303
연극배우	303
영산강	303
영속	303
영전	303
영창	303
예림	303
오온	303
옥토	303
올려다	303
완장	303
외동	303
요서	303
우정사업본부	303
울보	303
움푹	303
원흉	303
월등	303
위닝	303
유산소	303
유카리	303
유한회사	303
은광	303
은진	303
이계	303
이노베이션	303
이무	303
이본	303
이성민	303
이야길	303
이영훈	303
이용권	303
이정훈	303
이피	303
인세	303
일색	303
임사	303
임장	303
임정	303
자말	303
자멸	303
자위대	303
잘라야	303
잠실역	303
장근석	303
잭스	303
저항군	303
전성시대	303
정교회	303
정밀도	303
조재현	303
조종석	303
조촐	303
족족	303
졸속	303
졸지	303
종석	303
주법	303
주제곡	303
지낸다	303
지당	303
지참	303
진귀	303
진보신	303
진취	303
짜임새	303
차려야	303
차액	303
차임	303
책갈피	303
챙겨요	303
천변	303
철광석	303
철권	303
체코슬로바키아	303
쳐내	303
쳐다볼	303
최고위	303
취조	303
치상	303
칩시다	303
컨티넨탈	303
코요테	303
코우지	303
코파	303
콜롬비	303
크로포드	303
킁킁	303
터틀	303
텍사스주	303
토착	303
토프	303
토피아	303
통관	303
통령	303
퇴적	303
트랙스	303
트린	303
티그	303
파킨슨병	303
판촉	303
팔짱	303
팔콘	303
폐수	303
포이즌	303
폭발력	303
폴린	303
프란체스카	303
하가	303
하네스	303
하노버	303
하로	303
하루히	303
하물며	303
하이틴	303
한길	303
할로우	303
합참	303
항주	303
해이	303
핵연료	303
헥터	303
현물	303
홀랜드	303
화교	303
화풍	303
활개	303
황동	303
황토	303
훔쳐간	303
휘트	303
휴우	303
흠모	303
흡연자	303
히딩크	303
가르드	302
가파르	302
감춘	302
객관식	302
갱단	302
거유	302
거치대	302
건널목	302
건성	302
경각심	302
경제자유구역	302
공들여	302
공사비	302
과수	302
관조	302
광업	302
교구장	302
교수법	302
교정기	302
교통편	302
구진	302
굳건히	302
굶주리	302
굿맨	302
귀띔	302
그리고는	302
극비	302
글루텐	302
금메달리스트	302
기보단	302
기연	302
김병관	302
김병만	302
김유진	302
김하늘	302
김한길	302
김현아	302
꼬투리	302
나빠서	302
나오코	302
나타났으며	302
낙랑	302
날아오르	302
너흰	302
넵튠	302
농림부	302
놨었	302
다리오	302
다이어그램	302
다크니스	302
달아오르	302
당명	302
대당	302
더없이	302
덮쳤	302
데우스	302
뎅이	302
도레미	302
도선	302
동서양	302
뒤덮인	302
드나드	302
드러낼	302
드리프트	302
등본	302
등용	302
라일라	302
랬지	302
레예스	302
레츠	302
로마노프	302
롭스	302
롱아	302
루니	302
리베	302
리엔	302
리옹	302
리피	302
마네	302
마룬	302
마츠리	302
마호	302
만난다면	302
만납시다	302
말랑말랑	302
매상	302
맥코이	302
멕스	302
멸균	302
목마른	302
몰드	302
무학	302
묵념	302
묵상	302
문형	302
물레	302
미끄러져	302
미디엄	302
미사키	302
미성숙	302
미쳐버릴	302
미치광이	302
민가	302
민경	302
민구	302
민스	302
바스켓	302
바인더	302
박상현	302
박정아	302
박탈감	302
반대파	302
발한	302
방목	302
방호	302
백운	302
버겁	302
버틀러	302
법전	302
베푼	302
벤슨	302
별것	302
보르도	302
보물찾기	302
봄비	302
봉준호	302
부순	302
부여군	302
북면	302
분교	302
분무	302
불러들였	302
불장난	302
불청객	302
브라이	302
비발디	302
비상식	302
비스듬히	302
비웃음	302
비원	302
빗나가	302
뺏겼	302
뾰로롱	302
삐걱	302
사로잡혔	302
사민	302
사와무라	302
사케	302
산대	302
산파	302
삼킨	302
상계동	302
상화	302
색연필	302
샌안토니오	302
생긴다고	302
샹그릴라	302
서야	302
서양식	302
서투른	302
석촌	302
선창	302
섬길	302
섬나라	302
성내	302
성상	302
성재	302
세베루스	302
세움	302
셔틀버스	302
셸리	302
소린가	302
소방청	302
소아마비	302
소장본	302
손익	302
수공예	302
수세	302
숙원	302
숙의	302
순정만화	302
쉬운데	302
스모크	302
스칸디나비아	302
스키너	302
스테인리스	302
슬론	302
슬퍼요	302
시에라	302
시원시원	302
시자	302
신춘문예	302
심전	302
쌀밥	302
쌍꺼풀	302
아닙니다만	302
아슈	302
아틀란티스	302
안과	302
안길	302
안시	302
알아먹	302
야고보	302
약체	302
양산시	302
어린양	302
언사	302
엇갈린	302
엎드리	302
에크	302
여전사	302
엿같	302
예산군	302
오순절	302
오티스	302
올라섰	302
올려놨	302
옮겨진	302
와와	302
와이키키	302
와준	302
와타루	302
왕건	302
왕년	302
왕정	302
외톨	302
요렇게	302
요상한	302
요크타운	302
우야	302
우엉	302
운동부	302
원동	302
월등히	302
윈저	302
윗선	302
유빈	302
응원가	302
의료인	302
이동국	302
이서진	302
이철희	302
이킹	302
이혼녀	302
익룡	302
인공호흡	302
인신공격	302
일갈	302
자객	302
자격시험	302
자그마치	302
자비스	302
자양	302
자의식	302
자조	302
작업복	302
잘래	302
잠금장치	302
장롱	302
장윤정	302
장의사	302
재조합	302
재희	302
전나무	302
전매	302
전모	302
정성껏	302
정쟁	302
조르조	302
조타	302
존립	302
좌우명	302
좌충우돌	302
주동	302
주우	302
주이	302
주포	302
줄께요	302
지다	302
진창	302
쫀득	302
찌든	302
청도군	302
체첸	302
초회	302
촉식	302
총감독	302
총국	302
총생산	302
최루탄	302
최성	302
추노	302
추잡	302
추출물	302
츠리	302
카슈	302
카풀	302
칸자키	302
콘웨이	302
콰트로	302
퀸스	302
큐리	302
크롤	302
크리스챤	302
탈린	302
태워서	302
탬버린	302
톈진	302
토너	302
톨스토이	302
통기타	302
통달	302
트래블	302
파괴자	302
팡팡	302
패시브	302
팩터	302
팬서	302
펄펄	302
페도라	302
페일	302
펴냈	302
편평	302
포도밭	302
포워드	302
포테	302
폴아웃	302
표어	302
프레시안	302
피구	302
피디아	302
픽처스	302
하람	302
하우저	302
하운드	302
할라고	302
해용	302
해적선	302
해치백	302
행했	302
허스키	302
헤아릴	302
헤어짐	302
현경	302
혈기	302
호강	302
홍석천	302
홍성군	302
화주	302
확답	302
환국	302
활보	302
활활	302
황금기	302
회보	302
후불제	302
후쿠야마	302
후한	302
휴고	302
휴식기	302
흑연	302
흘러들	302
희진	302
가느다란	301
가득히	301
가려서	301
가부	301
가천	301
갈취	301
갑주	301
갖춰진	301
개탄	301
거느린	301
건드린	301
게르만	301
경락	301
경적	301
경전철	301
계로	301
고학년	301
공금	301
공진	301
과즙	301
국민운동	301
군체	301
굴비	301
궤변	301
그댄	301
그랜저	301
그럴듯한	301
그럴지	301
그로스	301
그새	301
금사	301
금정구	301
급류	301
기록부	301
기하급수	301
김영진	301
김장훈	301
김혜경	301
깨어났	301
꽂혔	301
나갈까	301
남몰래	301
남정	301
납치범	301
너그럽	301
널렸	301
넘어왔	301
노역	301
노프	301
높낮이	301
높인다	301
느껴본	301
느닷없이	301
늑대인간	301
다각	301
다나카	301
다녔었	301
달려와	301
당가	301
대분	301
대업	301
대유	301
대장암	301
도너츠	301
도란	301
도시바	301
동리	301
동천	301
동형	301
두더지	301
두려울	301
둔화	301
둬라	301
뒷바라지	301
들여오	301
디스토피아	301
딕스	301
떨어트려	301
라일락	301
란도	301
란티스	301
럭비	301
레노	301
레인저스	301
레지스탕스	301
로케이션	301
루이자	301
루퍼스	301
뤼순	301
리기	301
마아	301
마쳐	301
망사	301
매정	301
맥퀸	301
멍멍	301
멘토링	301
명색	301
명세	301
명왕	301
몇일	301
모기지	301
모른다면	301
목초지	301
못난이	301
무브먼트	301
묵주	301
뭉쳐야	301
미량	301
미하엘	301
민방위	301
바젤	301
바톤	301
박물	301
박미선	301
발육	301
발찌	301
방청객	301
백남준	301
백화	301
버렸으니	301
범법	301
베스티	301
벤스	301
변속	301
변전소	301
병점	301
보건부	301
보령시	301
본청	301
볼드	301
부대장	301
부야	301
부인과	301
부칙	301
부티크	301
북아일랜드	301
불경기	301
붕붕	301
브라운관	301
비겼	301
비켜라	301
빗이	301
빠져나간	301
사바나	301
사용료	301
사이토	301
삭막	301
산실	301
산호세	301
상복	301
생동	301
샤이닝	301
서임	301
서호	301
석굴암	301
선군	301
설렁탕	301
성채	301
세공	301
세네갈	301
소가	301
소년단	301
소영	301
소지섭	301
소코	301
속칭	301
수도자	301
수업료	301
숙인	301
스카이워커	301
스쿼시	301
스틸러스	301
스펠	301
슬그머니	301
습하	301
시사저널	301
신갈	301
신스	301
신참	301
신파	301
쓰려	301
아니메	301
아동복	301
아몬	301
아수	301
아이코	301
안단테	301
알렉산드라	301
알리바이	301
알토	301
암반	301
앙금	301
야코	301
어감	301
어려워졌	301
엄니	301
엄수	301
에버노트	301
에스코트	301
엑소시스트	301
엔카	301
여리여리	301
여실히	301
여어	301
역활	301
연강	301
연금술	301
연시	301
연식	301
염치	301
예부	301
오노다	301
오아	301
오판	301
올려다보	301
올려진	301
와이스	301
와줄	301
왓츠	301
왕릉	301
용건	301
용화	301
우박	301
움짤	301
웅변	301
워홀	301
원더랜드	301
원청	301
유격대	301
유증	301
윤상	301
은커녕	301
음낭	301
이니셔티브	301
이서	301
이음	301
이재영	301
이준호	301
이케부쿠로	301
인문계	301
인벤	301
인서	301
일어난다는	301
일어남	301
일품	301
임택	301
입담	301
입덧	301
입학생	301
자색	301
잡화점	301
장과	301
장난꾸러기	301
장보고	301
재결	301
재이	301
전계	301
전당포	301
전염성	301
절임	301
정수장	301
정왕	301
정육점	301
제겐	301
제르	301
제실	301
젠가	301
젤라	301
조모	301
조수미	301
조오	301
조울증	301
졸린	301
좌절감	301
주검	301
주량	301
주책	301
주필	301
중견수	301
중징계	301
증말	301
지구인	301
지조	301
지트	301
지형도	301
진언	301
진인	301
진흙탕	301
질려서	301
짓궂	301
처진	301
천민	301
최음제	301
충정	301
측정값	301
침구	301
침상	301
커져서	301
콘덴서	301
콘서트홀	301
콘테	301
콜트	301
크라우스	301
클리너	301
타고났	301
탄천	301
탐스	301
태어난다	301
태주	301
탬파	301
터놓	301
터무니	301
테레비	301
툭하면	301
특례법	301
파미	301
파오	301
파행	301
패트리샤	301
팽이	301
페러	301
편성표	301
편집국	301
평결	301
폐단	301
폐장	301
포치	301
표창원	301
푼다	301
프랑키	301
플란트	301
피어싱	301
한다던데	301
합헌	301
해박	301
해인사	301
행동주의	301
헤나	301
헨젤	301
형국	301
형세	301
호령	301
화로	301
환청	301
후우	301
후임자	301
후후	301
훈육	301
휘발성	301
휩싸여	301
흘러갔	301
흥분제	301
히가시	301
